window_id,data_source,timestamp_start,timestamp_end,window_duration_ms,vibration_mean,vibration_rms,vibration_std,vibration_variance,vibration_min,vibration_max,vibration_range,vibration_peak_to_peak,vibration_trend,rpm_mean,rpm_rms,rpm_std,rpm_variance,rpm_min,rpm_max,rpm_range,rpm_peak_to_peak,rpm_trend,object_temperature_mean,object_temperature_rms,object_temperature_std,object_temperature_variance,object_temperature_min,object_temperature_max,object_temperature_range,object_temperature_peak_to_peak,object_temperature_trend,room_temperature_mean,room_temperature_rms,room_temperature_std,room_temperature_variance,room_temperature_min,room_temperature_max,room_temperature_range,room_temperature_peak_to_peak,room_temperature_trend,distance_mean,distance_rms,distance_std,distance_variance,distance_min,distance_max,distance_range,distance_peak_to_peak,distance_trend,belt_height_mean,belt_height_rms,belt_height_std,belt_height_variance,belt_height_min,belt_height_max,belt_height_range,belt_height_peak_to_peak,belt_height_trend,status
0,SYNTHETIC,0,9000,9000,6.248587268884597,6.746214701272562,2.5429451309061655,6.466569938799374,1.828760661411316,9.585476694403452,7.756716032992136,7.756716032992136,-2.8474169738114865,118510.36124663721,118626.55546354716,5249.184540248323,27553938.337582003,111241.26213080312,128437.0490030999,17195.786872296783,17195.786872296783,7980.726472295035,35.365011293529065,35.4941551703338,3.025066522292578,9.151027464295312,31.15898865319249,39.52975161560104,8.370762962408552,8.370762962408552,-1.551980336966004,34.80382304330242,34.93089829793746,2.9768368230961855,8.86155747134139,30.795055630923702,38.29221141203119,7.497155781107491,7.497155781107491,-0.783848077666569,1.406845476642008,1.5549724062113994,0.6623631850660104,0.4387249889307899,0.6269062251394814,2.585229996090324,1.9583237709508428,1.9583237709508428,-0.29085446212684807,12.593154523357992,12.610561678137204,0.6623631850660098,0.4387249889307891,11.414770003909677,13.373093774860518,1.958323770950841,1.958323770950841,0.2908544621268483,NORMAL
1,SYNTHETIC,10000,19000,9000,5.851035447525909,6.292910436487459,2.3164856903179993,5.3661059534480575,1.561591853716743,9.155531901867697,7.593940048150953,7.593940048150953,2.2956240990274557,120432.85783956654,120553.75970211184,5397.752394217589,29135730.90928172,110805.07479879848,129001.22189248874,18196.147093690262,18196.147093690262,-4206.372254131944,33.15084552631192,33.20300376937688,1.8603494832584822,3.4609001998601014,30.32043589378177,36.14386106535186,5.823425171570086,5.823425171570086,3.263454961528627,35.23059402102458,35.35215726093627,2.9292094373254933,8.580267927716733,30.91559834370569,39.481476845148336,8.565878501442647,8.565878501442647,-0.582636410422424,1.329723076346673,1.53585622379592,0.7685641680457154,0.5906908804038027,0.320409102072143,2.803351100378205,2.482941998306062,2.482941998306062,1.2809554904947333,12.670276923653327,12.693565622096331,0.7685641680457154,0.5906908804038027,11.196648899621795,13.679590897927858,2.482941998306062,2.482941998306062,-1.2809554904947333,NORMAL
2,SYNTHETIC,20000,29000,9000,5.661640080840458,6.301222384966532,2.766086611048932,7.6512351398241645,1.3854731389276131,9.54214261467515,8.156669475747536,8.156669475747536,-0.660341324217689,123166.65168334477,123257.15621629271,4722.5492735607195,22302471.64120888,116049.60562275857,129836.15432995257,13786.548707194,13786.548707194,-9786.949711364883,34.18478984139773,34.26416976777146,2.3309812041571574,5.433473374133952,30.1377735529405,38.10302555273466,7.965251999794155,7.965251999794155,-0.5781940629785467,34.74301971749605,34.8064940164585,2.1010965297772897,4.414606627442169,31.41289267087101,38.59680301241987,7.183910341548859,7.183910341548859,-0.15261461203432702,1.9012214872855133,2.05074607502549,0.76871081722343,0.5909163205163137,0.7414790075143565,2.8512984151745213,2.109819407660165,2.109819407660165,1.9137696899724266,12.098778512714485,12.123174411854269,0.7687108172234304,0.5909163205163142,11.148701584825478,13.258520992485645,2.109819407660167,2.109819407660167,-1.913769689972428,NORMAL
3,SYNTHETIC,30000,39000,9000,5.021541830389549,5.4967235593908175,2.235640296203761,4.9980875340100415,2.14330924695215,9.51408564542105,7.3707763984689,7.3707763984689,-0.6595438187826996,120160.7419157869,120231.0139948277,4110.088620955757,16892828.472109992,112516.1403662457,128141.72653819017,15625.586171944466,15625.586171944466,-8720.238235014302,34.51607402125582,34.657648926055714,3.1294189941456887,9.793263240919813,30.218313916458115,39.42404250808522,9.205728591627107,9.205728591627107,7.420126756425468,34.47244299747716,34.622140041443664,3.216093101112589,10.343254835023988,30.04984965294473,39.85364562168222,9.80379596873749,9.80379596873749,-1.5436468876250942,1.5803310999306979,1.6925697043219516,0.6060906026167459,0.3673458185803301,0.5472554828677073,2.571134570031169,2.0238790871634618,2.0238790871634618,0.8698986334319783,12.4196689000693,12.434448978781848,0.6060906026167455,0.3673458185803298,11.42886542996883,13.452744517132292,2.0238790871634613,2.0238790871634613,-0.869898633431978,NORMAL
4,SYNTHETIC,40000,49000,9000,5.767435629221025,6.154778035644283,2.1489483313568,4.617978930841175,2.2298218557619265,8.32756812530897,6.097746269547043,6.097746269547043,-2.6171150303145847,119014.45278239774,119156.33545047998,5813.115076594281,33792306.893727735,110395.32890685384,127212.6080279226,16817.279121068757,16817.279121068757,3099.133963342829,35.1321863941432,35.26381208187162,3.0439976532077835,9.265921712734494,30.423461139987047,39.81004811353773,9.386586973550685,9.386586973550685,0.5147824177747182,36.511873293158565,36.592210822768934,2.4234276391718272,5.873001522301935,32.486746620361735,39.75404323826221,7.267296617900477,7.267296617900477,-1.3104466444549203,1.4843574918929427,1.637316072891336,0.6910041669987232,0.47748675880959945,0.5787893998313318,2.789020615043695,2.210231215212363,2.210231215212363,0.7703638285690797,12.515642508107058,12.534703592408794,0.6910041669987237,0.4774867588096,11.210979384956303,13.421210600168669,2.2102312152123655,2.2102312152123655,-0.7703638285690779,NORMAL
5,SYNTHETIC,50000,59000,9000,4.895693260028638,5.502690096910106,2.512326771409865,6.3117858063427175,1.0647879738088486,7.924934522018819,6.86014654820997,6.86014654820997,-0.7513275346643868,119051.19150478698,119168.85624884866,5294.346130476724,28030100.949293863,112587.2560691655,128206.53820370504,15619.28213453955,15619.28213453955,670.838847908919,34.73830560889253,34.90807792278319,3.438608393854906,11.824027686289416,30.16230456342472,39.87647447756461,9.714169914139887,9.714169914139887,-9.359259560900696,34.780010832479356,34.87916523688138,2.62811988202467,6.907014114293365,30.975447067729828,38.86557913666278,7.890132068932953,7.890132068932953,-6.166585697099364,2.0854941215469815,2.180037079202994,0.635040105578305,0.4032759356929049,1.020505488411892,2.8695766962296045,1.8490712078177125,1.8490712078177125,-0.41866992638594436,11.914505878453017,11.931417613317558,0.6350401055783047,0.4032759356929043,11.130423303770396,12.979494511588108,1.8490712078177118,1.8490712078177118,0.4186699263859417,NORMAL
6,SYNTHETIC,60000,69000,9000,5.390077414886005,5.66383074766052,1.739552873493797,3.026044199680526,1.2711969441978668,7.7319899452610255,6.460793001063159,6.460793001063159,-2.0388330385113616,120497.16095217988,120634.42374484151,5753.120432811254,33098394.714430355,110464.55164693516,129522.56781383416,19058.016166899004,19058.016166899004,-11057.220447016181,35.39668132054486,35.52020922214951,2.95976598349687,8.760214677065196,30.907017660899687,39.71135151802328,8.804333857123591,8.804333857123591,-4.408713327360118,34.758648458053486,34.81662550461704,2.0084244815790653,4.033768898206136,31.819429552767527,38.8280933214458,7.008663768678272,7.008663768678272,-1.4932107836118007,1.7102400166732887,1.9157861947209422,0.8633167606693943,0.7453158292526962,0.5325759446676195,2.907095658630253,2.3745197139626333,2.3745197139626333,-2.2002680767537703,12.28975998332671,12.320045303367648,0.863316760669395,0.7453158292526975,11.092904341369746,13.46742405533238,2.374519713962634,2.374519713962634,2.2002680767537726,NORMAL
7,SYNTHETIC,70000,79000,9000,4.8249931661304055,5.312640136826742,2.2234176778593255,4.9435861702173565,1.513064126863781,8.509947044759862,6.996882917896081,6.996882917896081,5.0099591193245825,122084.2038375301,122156.49956077246,4202.089753610877,17657558.297401518,116444.31347645876,128718.74998871452,12274.436512255765,12274.436512255765,-10819.926927275126,34.858839241245015,34.98808081281986,3.0045175515296805,9.027125717449906,30.3106960006984,39.76527066415146,9.454574663453059,9.454574663453059,-8.284611917394855,36.12004876488113,36.24165747518737,2.9664480058502134,8.799813771412708,30.162571098927184,39.64013702359797,9.477565924670788,9.477565924670788,2.5104255891787837,1.292070514455801,1.409100547239304,0.5622438420329983,0.3161181379040271,0.2814005196726316,2.017785274429377,1.7363847547567453,1.7363847547567453,0.1619396947454157,12.7079294855442,12.720361234944063,0.5622438420329977,0.31611813790402643,11.982214725570625,13.718599480327368,1.7363847547567435,1.7363847547567435,-0.16193969474541348,NORMAL
8,SYNTHETIC,80000,89000,9000,4.5296859622072425,5.099832788517094,2.343126021923853,5.490239554616701,1.199866243577972,8.163379385061106,6.9635131414831335,6.9635131414831335,-1.4367651339714111,124223.17464761478,124306.44268179612,4549.128781521326,20694572.670865707,114884.10001531776,129564.08861529124,14679.988599973483,14679.988599973483,4244.943874967677,34.2790052147334,34.3317645119243,1.9025919138126095,3.6198559905051284,31.813214587658525,37.16751750163609,5.354302913977566,5.354302913977566,0.7467155322829058,34.97809566704419,35.07791961274678,2.644478751177545,6.993267865429547,31.13907254819022,39.19087127968556,8.051798731495339,8.051798731495339,6.971348765214891,1.4750195450407246,1.6311495952207926,0.6963952496512373,0.48496634373680914,0.4050887612691439,2.785025898754926,2.3799371374857823,2.3799371374857823,-0.5357433268306462,12.524980454959277,12.544325479707892,0.6963952496512371,0.4849663437368088,11.214974101245074,13.594911238730855,2.379937137485781,2.379937137485781,0.535743326830648,NORMAL
9,SYNTHETIC,90000,99000,9000,4.640534267275579,5.196901499230053,2.3394928738811487,5.473226906940676,1.771319289981689,9.464699448035727,7.693380158054039,7.693380158054039,7.124352944159845,118982.59968630741,119083.4926750636,4900.9386427344025,24019199.579847325,113353.99039355562,127211.39838588751,13857.407992331893,13857.407992331893,-1450.535129424461,34.13842873865705,34.25009126403673,2.7634100040493133,7.636434850479826,30.389793775373203,39.00091278143682,8.611119006063614,8.611119006063614,-1.228324551369404,35.020164426305215,35.19266294285487,3.4801736399117957,12.111608563936917,30.474734974330943,39.64581204436311,9.171077070032169,9.171077070032169,-7.048825629129869,1.6659232245532063,1.8376089354973433,0.7755684429590509,0.6015064097139267,0.4826633580347177,2.7345397173976957,2.251876359362978,2.251876359362978,2.251876359362978,12.334076775446794,12.358436645155807,0.7755684429590515,0.6015064097139275,11.265460282602303,13.517336641965285,2.2518763593629814,2.2518763593629814,-2.2518763593629814,NORMAL
10,SYNTHETIC,100000,109000,9000,6.332423077640277,6.845819882165848,2.6010897379417806,6.765667824826042,1.8482404669507937,9.528752120659972,7.680511653709178,7.680511653709178,-0.05260898864113628,119179.90754050468,119375.26493903119,6826.676929564345,46603517.900646076,110150.140656,129972.19030023832,19822.049644238316,19822.049644238316,3701.6758086181944,36.14939487160167,36.264463276239994,2.8866151684589254,8.332547130777149,31.307518133763185,39.92807957270445,8.620561438941262,8.620561438941262,-5.842543214447083,36.288105020304954,36.398406868875675,2.83151136807426,8.017456627533766,31.866921182812654,39.59379272315231,7.726871540339658,7.726871540339658,-0.15498341972668328,1.794891108815881,1.9335397970420998,0.7189868248023058,0.5169420542393016,0.467353553485809,2.7629142775318924,2.2955607240460836,2.2955607240460836,0.6259132651934829,12.205108891184118,12.226267832004211,0.7189868248023054,0.516942054239301,11.237085722468109,13.53264644651419,2.295560724046082,2.295560724046082,-0.6259132651934838,NORMAL
11,SYNTHETIC,110000,119000,9000,5.500396807294688,5.842198493546239,1.9689891315841102,3.8769182002963483,2.555600489865239,8.538205700012906,5.982605210147667,5.982605210147667,1.509486447645723,120528.02341730618,120719.2206848516,6791.598771659074,46125813.87520105,111392.81273182789,129616.42291066068,18223.610178832794,18223.610178832794,14617.70953857468,33.43786496393331,33.554493887489116,2.795218542315684,7.813246699305418,30.14124733476824,39.27668402454221,9.135436689773972,9.135436689773972,-2.789182866346799,34.38460457258303,34.442799229747465,2.001346338791708,4.005387167794973,31.594930717608563,37.11162798194157,5.516697264333004,5.516697264333004,-0.2895736328413676,1.7994849231986243,1.8975038372701178,0.6019757666515019,0.3623748236356634,0.95005168581633,2.6225136734060515,1.6724619875897213,1.6724619875897213,0.4533974037921926,12.200515076801377,12.215356849592784,0.6019757666515014,0.36237482363566287,11.37748632659395,13.04994831418367,1.6724619875897204,1.6724619875897204,-0.4533974037921915,NORMAL
12,SYNTHETIC,120000,129000,9000,4.023006120625535,4.47403424934389,1.9576527316435954,3.8324042177116313,1.3662047299846538,6.718650093682417,5.352445363697763,5.352445363697763,0.031210108731793085,121183.04370574714,121292.97038016043,5162.807555337928,26654581.85345439,112236.89604761354,129840.8401105611,17603.944062947558,17603.944062947558,6571.774965979377,32.32466923058247,32.35154361066466,1.3183827692185568,1.7381331261723905,30.25204947126162,33.851677373559696,3.5996279022980744,3.5996279022980744,-2.487012214798831,33.9668742930038,34.05924915718463,2.506771611946338,6.283903914460043,31.288774046704752,39.43947125862597,8.15069721192122,8.15069721192122,7.817671909188125,2.1251981197432763,2.2554085054263573,0.7552486201173739,0.5704004781891974,0.6271836931146764,2.990214726976765,2.3630310338620886,2.3630310338620886,-0.11879582864205673,11.874801880256722,11.89879490425555,0.7552486201173744,0.570400478189198,11.009785273023237,13.372816306885325,2.3630310338620877,2.3630310338620877,0.11879582864205673,NORMAL
13,SYNTHETIC,130000,139000,9000,5.350448318495048,6.043409547765302,2.809893548363411,7.895501753134321,1.200674065061338,9.43532107652472,8.234647011463384,8.234647011463384,-0.7731941238071387,120487.16712013686,120646.05244099567,6189.711540911392,38312528.95969168,111028.3830911386,129988.43818448376,18960.05509334516,18960.05509334516,-6543.149560014863,36.61169293268583,36.69605662568874,2.486868005841302,6.184512478477093,32.02114300156467,39.90809765551122,7.886954653946553,7.886954653946553,6.421580574259778,35.00488731093104,35.15591685492678,3.255204180929898,10.59635425954349,30.42957627375645,39.01105313150677,8.58147685775032,8.58147685775032,-0.5025688886779633,1.7930260489194392,1.9023821166442447,0.6357006415162568,0.40411530562418047,0.2570317263162575,2.596718240487549,2.3396865141712917,2.3396865141712917,0.18079388660744522,12.206973951080561,12.223515384208568,0.6357006415162562,0.4041153056241796,11.403281759512453,13.742968273683742,2.339686514171289,2.339686514171289,-0.18079388660744478,NORMAL
14,SYNTHETIC,140000,149000,9000,4.995331856289008,5.3633974287644675,1.9526114883461894,3.8126916244215208,1.1901863029469075,9.25287280377985,8.062686500832942,8.062686500832942,-4.092407008428904,122933.72558259606,123006.67940471249,4235.834340090096,17942292.556686494,116430.913644818,127860.62039072606,11429.706745908057,11429.706745908057,10793.866489356704,36.092802294115295,36.241361413605226,3.278093907968439,10.745899669459792,30.932709053243272,39.942691791632825,9.009982738389553,9.009982738389553,-8.022336718725569,35.49156746765837,35.63396209199953,3.1824350838176776,10.127893062713628,30.63663589318864,39.96015755102527,9.32352165783663,9.32352165783663,-1.1954556282609055,1.2186343199396918,1.3372053119832696,0.5504983566382361,0.3030484406613985,0.2874747411738195,2.133142704581066,1.8456679634072464,1.8456679634072464,0.07054096936239707,12.781365680060308,12.79321527560937,0.5504983566382358,0.3030484406613982,11.866857295418937,13.71252525882618,1.8456679634072426,1.8456679634072426,-0.07054096936239773,NORMAL
15,SYNTHETIC,150000,159000,9000,5.95779001298459,6.417974452119088,2.3864480361479425,5.695134229234372,1.9554665219919036,8.886214792189948,6.930748270198045,6.930748270198045,-0.5072710040349664,116276.4462215554,116435.30003902473,6080.061616747681,36967149.263448425,110010.37488331411,127581.3755931792,17571.000709865082,17571.000709865082,12614.30370427345,34.54953217182096,34.68675719554609,3.082361343365993,9.50095145107701,30.341794109282603,38.5686039191657,8.2268098098831,8.2268098098831,-6.137716952769022,32.950162720083185,33.05890831522012,2.679215503495574,7.178195714171041,30.00824616834685,39.16026254832444,9.152016379977589,9.152016379977589,3.112781325190113,1.2987494912915767,1.4796732325569928,0.7090011523372381,0.5026826340155316,0.217709012271259,2.741548529907583,2.523839517636324,2.523839517636324,-0.11931886060955699,12.701250508708423,12.721023823536434,0.7090011523372384,0.5026826340155318,11.258451470092416,13.78229098772874,2.5238395176363237,2.5238395176363237,0.11931886060955499,NORMAL
16,SYNTHETIC,160000,169000,9000,5.510205563166744,6.219366888000451,2.884121900891618,8.318159139202681,1.329230494350382,9.385514676613756,8.056284182263374,8.056284182263374,7.437394352201866,119919.82232822906,120100.236656346,6580.5058830072185,43303057.67629261,110696.76700559832,127216.01947241071,16519.252466812395,16519.252466812395,1158.3545428915822,34.83105375535136,34.89687162910634,2.1422753768249416,4.589343790150446,32.65213456112566,38.93743128716272,6.285296726037053,6.285296726037053,0.5429596176397951,35.0610691985765,35.22020137920267,3.3442505654062527,11.184011844220041,30.76638661450881,39.82230697473585,9.055920360227041,9.055920360227041,-3.78096492256514,1.4229303578899928,1.5481803012471973,0.6100257713940621,0.37213144176492047,0.254337221383249,2.608018194575291,2.353680973192042,2.353680973192042,-0.17985861070275,12.577069642110008,12.591854995363077,0.610025771394062,0.3721314417649204,11.39198180542471,13.745662778616753,2.353680973192043,2.353680973192043,0.17985861070275,NORMAL
17,SYNTHETIC,170000,179000,9000,5.642228777765466,6.332577711242122,2.8752034516318536,8.266794888275726,1.3952134506524951,9.732904963691366,8.337691513038871,8.337691513038871,4.02767359558811,119313.31415226897,119384.30563451324,4116.49096158883,16945497.83684253,114167.5868287003,125046.57828867104,10878.99145997074,10878.99145997074,-3722.0435300747777,34.711130765496776,34.79703134088651,2.44352023098269,5.970791119221697,31.51801733078831,39.6977157883101,8.179698457521788,8.179698457521788,5.520282924681702,35.81539700718344,35.97154509086769,3.3480432258504615,11.209393442163163,30.043636215147156,39.86591075849091,9.822274543343756,9.822274543343756,-4.793568982882704,2.287291590366326,2.3647082967097686,0.6001187458890946,0.3601425091674998,1.0261682528791214,2.987875441751106,1.9617071888719848,1.9617071888719848,-0.17695292014943798,11.712708409633672,11.728072339403047,0.600118745889095,0.3601425091675001,11.012124558248892,12.97383174712088,1.961707188871987,1.961707188871987,0.17695292014943753,NORMAL
18,SYNTHETIC,180000,189000,9000,5.866465790805956,6.318665861432399,2.3473639244341067,5.510117393734691,1.8313066789413344,8.862330429341196,7.031023750399861,7.031023750399861,-5.52932137960981,118621.5503446364,118798.94734060817,6489.813793282558,42117683.07148055,111719.6470022189,129807.76914720963,18088.12214499073,18088.12214499073,-1959.0196975550643,36.0244319275362,36.1485320616602,2.9927703739488347,8.956674511185847,31.421039258516423,39.67593025997472,8.254891001458297,8.254891001458297,1.4487695115582042,34.020576151052495,34.16549492423923,3.1434760645907245,9.881441768654788,30.576926716664403,39.37015000876264,8.79322329209824,8.79322329209824,-6.486964330657955,1.477756004960007,1.7127482791254165,0.8658775071866203,0.7497438574517157,0.3949108050360956,2.772634380350558,2.3777235753144628,2.3777235753144628,-0.6510150079289636,12.522243995039993,12.55214477803562,0.8658775071866203,0.7497438574517157,11.227365619649442,13.605089194963904,2.3777235753144623,2.3777235753144623,0.6510150079289634,NORMAL
19,SYNTHETIC,190000,199000,9000,4.911520910731337,5.631643603083547,2.7554259227205944,7.592372015600638,2.080269805221077,9.243955724697258,7.1636859194761815,7.1636859194761815,-5.513107403176425,121316.33535862577,121443.74563741541,5561.486276050459,30930129.59869761,113846.01358070268,129511.912916568,15665.899335865324,15665.899335865324,5719.912471586576,34.37394671266437,34.481103755104286,2.716303290352018,7.3783035651772,30.58848537332432,38.15901215463094,7.570526781306622,7.570526781306622,5.477383982226602,34.246377703635005,34.36458554417592,2.847868291012684,8.110353802955505,30.26855776926428,39.31794619552984,9.049388426265562,9.049388426265562,7.367651519081566,1.3959044075493612,1.627965325507493,0.8376884779194378,0.7017219860389844,0.4261609257805884,2.6769080074207854,2.250747081640197,2.250747081640197,0.06045337800054551,12.604095592450637,12.631901982269834,0.8376884779194377,0.7017219860389843,11.323091992579217,13.573839074219412,2.2507470816401955,2.2507470816401955,-0.06045337800054895,NORMAL
20,SYNTHETIC,200000,209000,9000,4.586092926601976,5.335655135186763,2.7270803783930155,7.436967390216192,1.1226393318321737,9.552072549336511,8.429433217504338,8.429433217504338,-2.385459178260792,118998.07457752181,119104.90614443952,5043.50220762363,25436914.51830443,110531.55529994585,126570.93849677572,16039.383196829876,16039.383196829876,-2955.291269896843,34.4684938259163,34.602729148135595,3.0449627045339653,9.271797872002802,31.041514938028715,39.37051430670507,8.328999368676353,8.328999368676353,-0.1452587327597321,34.866290635961576,35.06442300887465,3.722302813307347,13.855538233955787,30.03616244784941,39.28238648112165,9.246224033272238,9.246224033272238,-6.661542946370371,1.3568936917634649,1.5653233904173753,0.7804337421205354,0.6090768258402623,0.3725471954573136,2.457448168424348,2.0849009729670347,2.0849009729670347,-0.007182709180184155,12.643106308236536,12.66717071595748,0.7804337421205355,0.6090768258402626,11.542551831575652,13.627452804542688,2.084900972967036,2.084900972967036,0.0071827091801832665,NORMAL
21,SYNTHETIC,210000,219000,9000,5.675987937523372,6.192495481795795,2.475916239526392,6.130161225150509,2.089033472123033,9.162550448857267,7.0735169767342345,7.0735169767342345,-2.6108213279979235,119890.61186688588,119974.11921178715,4475.540953654797,20030466.82784129,111321.5842183879,126532.2296931586,15210.645474770703,15210.645474770703,-13836.622156269295,36.12600410502193,36.28902740800387,3.435889640660111,11.805337622795467,30.877593827715508,39.99765336914344,9.120059541427935,9.120059541427935,-6.850478894489811,34.30715749809302,34.3986595434767,2.5073338008849424,6.286722789060133,30.129933486717963,37.90648806600495,7.776554579286984,7.776554579286984,-0.21101836709285493,1.5390868437279952,1.728033722034395,0.7856921992430902,0.6173122319514437,0.3992727031341023,2.9325048583877056,2.5332321552536032,2.5332321552536032,-0.041282725198753756,12.460913156272005,12.485658529693344,0.78569219924309,0.6173122319514435,11.067495141612294,13.600727296865898,2.5332321552536037,2.5332321552536037,0.04128272519875331,NORMAL
22,SYNTHETIC,220000,229000,9000,5.346500322808184,5.963837128051042,2.6424018596973613,6.982287588132074,1.2187635241990555,9.409484662013336,8.19072113781428,8.19072113781428,-1.7164513346656411,119514.89502312693,119706.85319508228,6776.471757480359,45920569.47992895,110021.34930045494,128710.8388768531,18689.489576398162,18689.489576398162,1168.3845432118687,34.03041489381851,34.13571117276874,2.6791116858510104,7.177639425263443,30.38751331528429,38.98375383939374,8.59624052410945,8.59624052410945,2.9856558558304798,35.49205232406088,35.57670512490808,2.4527880810998486,6.016169370785478,31.390050785122654,38.11870153187586,6.728650746753203,6.728650746753203,2.0926610578557856,1.1425820119186336,1.3369976054836699,0.6943118486019337,0.4820689431090345,0.2394650072931962,2.6437007236260905,2.4042357163328942,2.4042357163328942,0.20734303971658763,12.857417988081366,12.876151065568754,0.6943118486019335,0.48206894310903425,11.35629927637391,13.760534992706804,2.4042357163328933,2.4042357163328933,-0.2073430397165854,NORMAL
23,SYNTHETIC,230000,239000,9000,5.609649748458617,6.326167173993173,2.924418029784206,8.552220812926937,1.156963698997492,9.50284082686,8.345877127862508,8.345877127862508,-0.2745212826239636,115859.52379303853,115921.20836220772,3781.1763519725264,14297294.604716262,111983.13941197628,123590.54018417916,11607.400772202876,11607.400772202876,-1609.724994107397,35.02527786776739,35.139829383556005,2.8350519203551956,8.037519391109683,30.940212021688303,39.49851379915863,8.558301777470326,8.558301777470326,1.9815679075355774,33.38276691108112,33.47338516868109,2.4613792904197807,6.058388011307383,30.99931808972364,39.54108279070008,8.54176470097644,8.54176470097644,-1.1726945556018862,1.6554607046640903,1.88552269559122,0.9025772492715814,0.8146456909026545,0.2917202447383467,2.93336242020265,2.641642175464303,2.641642175464303,-0.8985032401822366,12.34453929533591,12.377491511004767,0.9025772492715814,0.8146456909026545,11.06663757979735,13.708279755261652,2.641642175464302,2.641642175464302,0.8985032401822366,NORMAL
24,SYNTHETIC,240000,249000,9000,5.9976569866454055,6.256128924163804,1.7796796864330708,3.1672597863025134,3.0472385293046167,8.636102793228899,5.5888642639242825,5.5888642639242825,-3.551209450881193,119705.5848513119,119853.71815795213,5957.072409429458,35486711.69118569,111105.40819002457,128593.3324183911,17487.924228366537,17487.924228366537,1387.694694012287,33.18619369988937,33.21583600297713,1.4029643937372476,1.9683090900945228,30.60630742189405,36.26952340432269,5.663215982428639,5.663215982428639,0.4851490766207789,35.85079503352986,35.950673450849294,2.6779501551431357,7.171417033431146,31.14834674431949,39.19159898933312,8.043252245013633,8.043252245013633,-4.256769342710719,1.725666695717507,1.900733662402195,0.7967828503929308,0.6348629106802837,0.2582031085323564,2.592571261823468,2.334368153291112,2.334368153291112,0.04812390122304988,12.274333304282493,12.30016751818034,0.7967828503929311,0.6348629106802839,11.407428738176533,13.741796891467644,2.334368153291111,2.334368153291111,-0.04812390122304855,NORMAL
25,SYNTHETIC,250000,259000,9000,5.2122732164397725,5.777392323112356,2.4920814537936313,6.210469972342178,1.585717941205568,8.63391755942046,7.048199618214893,7.048199618214893,-0.5059767840469975,120026.59820321531,120219.38400636146,6805.587016041476,46316014.63291232,111996.6211435358,129933.54423038306,17936.923086847266,17936.923086847266,17936.923086847266,35.9516241158497,36.04587646865427,2.6049825001596125,6.785933826137826,30.587186816501497,39.66202625368176,9.074839437180263,9.074839437180263,-1.0480676125311632,34.14405460383576,34.278424490937745,3.0321478841247536,9.193920791202219,30.37310292402928,39.71359024085508,9.340487316825804,9.340487316825804,-9.283838984386094,1.279478599017785,1.53030849901694,0.8395109390704604,0.7047786168189663,0.2853465455490183,2.877324762150177,2.5919782166011585,2.5919782166011585,-0.17149554373992826,12.720521400982214,12.748193728119505,0.8395109390704605,0.7047786168189664,11.122675237849824,13.714653454450982,2.5919782166011576,2.5919782166011576,0.17149554373992615,NORMAL
26,SYNTHETIC,260000,269000,9000,3.7161356589829224,4.524169857926687,2.580396998023356,6.658448667407946,1.1861025437606725,9.104540157889565,7.918437614128893,7.918437614128893,-1.1002220051350724,120484.72223885758,120630.9425375259,5937.676693557209,35256004.517212465,110883.50205888324,129572.68287800878,18689.18081912554,18689.18081912554,8989.939466529686,35.776754785438854,35.885098424600045,2.7864145358885506,7.764105965811007,30.927854541267397,39.867119124482,8.939264583214605,8.939264583214605,1.710434190099356,33.934980384429636,34.06519684404357,2.9756919080798387,8.854742331811831,30.71777093060769,39.51542193150283,8.79765100089514,8.79765100089514,0.6086284302188361,2.1412565803064547,2.2180559379219167,0.5786124791645795,0.33479240104498087,0.9927782138850312,2.885677509387736,1.8928992955027046,1.8928992955027046,-0.5662557687485701,11.858743419693543,11.872850874797086,0.5786124791645793,0.33479240104498065,11.114322490612263,13.007221786114968,1.8928992955027049,1.8928992955027049,0.5662557687485705,NORMAL
27,SYNTHETIC,270000,279000,9000,4.957854133640782,5.566454033747583,2.5308285005835045,6.40509289936575,1.4697610071191434,8.700043491664555,7.230282484545412,7.230282484545412,7.002478715389923,119070.00125618625,119203.61591001025,5642.414985895076,31836846.873053335,112065.669582141,129417.69457091475,17352.02498877376,17352.02498877376,-7631.071248365231,36.025099807848626,36.12114054965703,2.6322952802870945,6.9289784426217125,30.364301956828832,38.69053786277003,8.326235905941196,8.326235905941196,0.194496680405841,35.875872339804275,35.951038667629426,2.3235673305185456,5.39896513945308,31.05257593783117,39.59681219174127,8.544236253910103,8.544236253910103,-8.544236253910103,1.7821224446591508,1.9792391074374387,0.8610615754124914,0.7414270366518416,0.3177860377485707,2.995116663402829,2.677330625654258,2.677330625654258,-0.8350882320140416,12.217877555340852,12.248181864830125,0.8610615754124912,0.7414270366518412,11.004883336597173,13.68221396225143,2.677330625654257,2.677330625654257,0.8350882320140389,NORMAL
28,SYNTHETIC,280000,289000,9000,3.4172668132803588,3.7673347467316436,1.5859062458998892,2.51509862078428,1.382580545712569,6.0268473353364005,4.644266789623831,4.644266789623831,0.5121321998401318,120862.58907122968,120936.94796167864,4240.276557588581,17979945.284835268,116585.2491919554,128655.59239313964,12070.343201184238,12070.343201184238,4185.228778011617,34.09341610005965,34.19520492307427,2.636478401056383,6.951018359236822,30.93582945338373,38.88028758227552,7.944458128891792,7.944458128891792,-1.2791093560244562,33.470650582011565,33.55058892674551,2.314641861789314,5.357566948347503,30.336099691862508,36.64640190926219,6.310302217399681,6.310302217399681,-2.3126627446681027,1.5681017241858128,1.8421047258394891,0.9666471970505376,0.9344068035656609,0.2205747893799355,2.9839802869643544,2.7634054975844187,2.7634054975844187,1.672721607847719,12.431898275814186,12.469422662808308,0.9666471970505365,0.9344068035656588,11.016019713035648,13.779425210620063,2.763405497584415,2.763405497584415,-1.6727216078477198,NORMAL
29,SYNTHETIC,290000,299000,9000,7.0360615955235515,7.570106158547075,2.7929096791108265,7.80034447567094,1.4572644248929174,9.620221989162015,8.162957564269098,8.162957564269098,-1.6805824445785076,118185.84479798695,118246.0621856744,3773.2362508220226,14237311.804517433,111892.79536498776,124462.27604290772,12569.480677919957,12569.480677919957,-1454.4239985533495,34.443063433981784,34.60173019934583,3.3098510647803847,10.955114071027845,30.04857337777279,39.72070177130885,9.672128393536063,9.672128393536063,-2.425750892699064,35.35605086617323,35.43683261252877,2.391395566808971,5.718772756953601,30.264791013049635,39.66296887260419,9.398177859554554,9.398177859554554,-3.2626577055332966,1.3990172088718316,1.5710528570678186,0.714813212651687,0.5109579289814259,0.3827762565402476,2.4668217665166785,2.084045509976431,2.084045509976431,1.6904071482562855,12.60098279112817,12.621241033721276,0.7148132126516871,0.510957928981426,11.53317823348332,13.617223743459752,2.0840455099764323,2.0840455099764323,-1.6904071482562824,NORMAL
30,SYNTHETIC,300000,309000,9000,5.149284017681148,5.548164326157801,2.0656721654956645,4.267001495303548,2.1840594340356945,8.546634868278506,6.362575434242812,6.362575434242812,-5.625205903892715,121617.81219782594,121760.86245418634,5900.45606725661,34815381.80162535,111051.5198064611,128910.39782043811,17858.87801397701,17858.87801397701,14619.618369235235,35.87299546668995,35.928738549105034,2.0006124004385417,4.002449976788465,33.24643667110334,39.48873757149126,6.242300900387917,6.242300900387917,-0.5075367664803139,34.04165512771996,34.23336853584486,3.6179051226297236,13.089237476350394,30.25501563960198,39.99408925387672,9.739073614274744,9.739073614274744,-8.709447632578541,1.6381629232413744,1.8472301068203227,0.8536283175133634,0.7286813044606957,0.2342032961629822,2.9924700791305754,2.7582667829675933,2.7582667829675933,0.43584903584419776,12.361837076758626,12.391275044029364,0.8536283175133635,0.7286813044606958,11.007529920869423,13.765796703837015,2.758266782967592,2.758266782967592,-0.435849035844198,NORMAL
31,SYNTHETIC,310000,319000,9000,4.959716845894414,5.270681538340422,1.7836178646654441,3.1812926871537184,3.0466154766540887,9.349949755094997,6.303334278440908,6.303334278440908,4.144629743686034,119607.49602545376,119790.60723687608,6620.912074674599,43836476.70057191,110092.37597686656,128478.0080109086,18385.632034042035,18385.632034042035,9193.212056084769,34.632883378203374,34.76872165693993,3.07040625480212,9.427394569527982,30.78743289882917,39.9500941732381,9.16266127440893,9.16266127440893,-0.7576383510658431,34.62488202310861,34.77418604378819,3.218937696477436,10.361559893803461,30.639725424082734,39.36906540022678,8.729339976144047,8.729339976144047,-6.221652476407073,1.8779469156708326,2.0419584972314238,0.8018166164017921,0.6429098863380187,0.2085710936194602,2.817320022928181,2.608748929308721,2.608748929308721,-0.3455213742231089,12.122053084329167,12.1485423350142,0.8018166164017918,0.6429098863380182,11.18267997707182,13.79142890638054,2.608748929308721,2.608748929308721,0.34552137422310913,NORMAL
32,SYNTHETIC,320000,329000,9000,6.297942865133225,6.54004336072178,1.762975560703697,3.1080828276385146,3.535769404805664,9.063862571935966,5.528093167130302,5.528093167130302,-5.528093167130302,118665.69205925288,118774.15097789785,5074.68901697857,25752468.619042926,110109.46217669256,127575.2723956508,17465.810218958242,17465.810218958242,-6716.583397087801,33.31059700769041,33.42745377159601,2.792631848889997,7.798792643434763,30.325924432470146,39.86029743076624,9.534372998296092,9.534372998296092,4.654058475461419,35.391496351333316,35.49011051727122,2.643847677474255,6.989930541686013,30.12465659837882,38.48772085060477,8.363064252225946,8.363064252225946,2.1057046816041307,1.7023986694878723,1.906581498110565,0.8584240089043699,0.7368917790634496,0.3646429619057934,2.7770146116254537,2.4123716497196606,2.4123716497196606,0.2691455625451007,12.297601330512128,12.327525715376833,0.8584240089043693,0.7368917790634487,11.222985388374546,13.635357038094206,2.4123716497196597,2.4123716497196597,-0.269145562545102,NORMAL
33,SYNTHETIC,330000,339000,9000,5.470876914635448,6.161357970142325,2.8340497210079554,8.03183782114527,1.743540325646978,9.23627043976551,7.492730114118532,7.492730114118532,1.7692106114349508,123254.23528311448,123357.29549302321,5041.412116431024,25415836.127697535,113752.18585530068,129308.31906963472,15556.13321433404,15556.13321433404,-8008.879338647792,34.915364571775015,35.007226516629416,2.534408255715488,6.423225206638823,30.691399450072616,38.682364402829,7.990964952756386,7.990964952756386,-5.112983521955833,34.426932518735455,34.533744572923105,2.714006554585112,7.365831578330949,30.26201484187793,39.44145646660466,9.179441624726731,9.179441624726731,-4.233750387012975,1.280736402390488,1.6223471552995719,0.9958536839819809,0.9917245599004832,0.2510470043691541,2.83121669446384,2.580169690094686,2.580169690094686,1.9875191991671992,12.719263597609512,12.758189175011278,0.9958536839819812,0.9917245599004836,11.16878330553616,13.748952995630846,2.580169690094687,2.580169690094687,-1.9875191991672008,NORMAL
34,SYNTHETIC,340000,349000,9000,6.238753352527371,6.802476523764014,2.711391425576364,7.351643462689026,1.8364329385667308,9.438146163999908,7.601713225433178,7.601713225433178,-0.37275684576592827,119757.12631210957,119870.2542729539,5206.587839271893,27108556.928053964,112022.1233187117,129642.88592635687,17620.76260764517,17620.76260764517,345.8583448616555,33.8563049285606,34.02399087064654,3.3738066557173196,11.382571350162484,30.237565064571864,38.625478004083256,8.387912939511391,8.387912939511391,-1.4656258165464244,35.14961650753932,35.23666793773328,2.4753235600624763,6.127226727000372,31.035102683100583,38.217730593732,7.1826279106314175,7.1826279106314175,0.5257110487244461,1.8043559389491233,1.9865132655421254,0.8309841152235498,0.6905345997538659,0.5489087114227138,2.8589790868948994,2.3100703754721854,2.3100703754721854,1.973699372805814,12.195644061050876,12.223921983700624,0.8309841152235501,0.6905345997538663,11.1410209131051,13.451091288577286,2.3100703754721863,2.3100703754721863,-1.973699372805811,NORMAL
35,SYNTHETIC,350000,359000,9000,5.900165443126139,6.074487643077814,1.4448002871141707,2.08744786964519,2.507363476016541,8.033353505306188,5.525990029289646,5.525990029289646,-0.14583587481327953,119913.23481925477,120047.19763504306,5669.724438573382,32145775.209356256,110479.40711055911,127486.68512669626,17007.27801613715,17007.27801613715,-12627.177165362358,35.043446160828566,35.164369578532906,2.9137208220349824,8.489769028760213,30.56288812981991,39.890919394999024,9.328031265179114,9.328031265179114,0.9384074376726588,33.75455564378566,33.83397290808582,2.316828874919913,5.36769603566267,30.32867670266469,36.7794280186394,6.45075131597471,6.45075131597471,6.340944932969368,1.6103959269346906,1.8378207979264674,0.8855564599748766,0.7842102438032353,0.3454670105225566,2.8661620311449534,2.520695020622397,2.520695020622397,1.5646041069636227,12.389604073065309,12.421211669201993,0.8855564599748764,0.7842102438032349,11.133837968855048,13.654532989477444,2.520695020622396,2.520695020622396,-1.564604106963623,NORMAL
36,SYNTHETIC,360000,369000,9000,5.408633788216434,6.0631857765794,2.7402376368260972,7.508902306278275,1.771839304814762,9.194878874072897,7.423039569258135,7.423039569258135,-0.2892532572913815,117148.83613197817,117217.22279961461,4003.437744916101,16027513.777418917,110801.90019745551,123366.61481590309,12564.714618447571,12564.714618447571,-6483.793254636126,35.166782210101054,35.251954887222546,2.449030901825028,5.997752358093909,30.517497456038846,38.86334823933024,8.345850783291397,8.345850783291397,-3.0926072858793674,34.40842521183187,34.45162580174966,1.7247593529407157,2.9747948255564767,31.350508046797746,36.94045013186147,5.589942085063722,5.589942085063722,1.2297773256671363,1.579960767854138,1.7373116911330617,0.7224789852925695,0.5219758841893809,0.5307663807814071,2.940664232451716,2.409897851670309,2.409897851670309,0.5297238002567217,12.42003923214586,12.44103494136367,0.7224789852925694,0.5219758841893807,11.059335767548284,13.469233619218592,2.4098978516703085,2.4098978516703085,-0.5297238002567219,NORMAL
37,SYNTHETIC,370000,379000,9000,4.963635402455187,5.448260734851379,2.2463010987881433,5.045868626416819,2.3004936783712866,9.237921677706549,6.937427999335262,6.937427999335262,-0.289048657860814,121799.17024429813,121958.52178324088,6232.428367315324,38843163.35371676,111614.7056000548,129488.34246217694,17873.636862122134,17873.636862122134,6644.319441048836,34.162317964505625,34.23870116620741,2.2857578263825222,5.224688840868953,31.337864255938555,38.72104302003574,7.383178764097181,7.383178764097181,2.3163140406533316,35.21365869827416,35.38801047861957,3.5084935109458004,12.30952671634879,30.101293373414588,39.54268276760615,9.441389394191564,9.441389394191564,0.6156219805002507,1.2309806410004323,1.4561846223872126,0.7779205074807796,0.6051603159591535,0.2733861983366648,2.7095982821732187,2.436212083836554,2.436212083836554,-0.7218300874036396,12.769019358999568,12.792693840879053,0.7779205074807796,0.6051603159591535,11.290401717826782,13.726613801663335,2.436212083836553,2.436212083836553,0.7218300874036387,NORMAL
38,SYNTHETIC,380000,389000,9000,6.939790807232262,7.339684368116176,2.3896171608488976,5.710270175423547,2.042611479509964,9.682357595334034,7.63974611582407,7.63974611582407,2.618357402653367,119899.7830319547,120122.64337687976,7313.787031300669,53491480.739221856,110717.97772014716,129870.85993573695,19152.882215589794,19152.882215589794,-7719.232238573197,33.90592145812006,34.11126358287645,3.737217319914096,13.966793296265896,30.08617257133752,39.871863320416935,9.785690749079414,9.785690749079414,-7.758043021570128,35.72146032656744,35.8178025101014,2.625309275132135,6.892248790094817,32.02677787867717,39.44529665852626,7.418518779849087,7.418518779849087,-0.1823025333939583,1.6155986916366802,1.7577860459002712,0.6925695999273703,0.47965265074355773,0.6318821418661995,2.7627761754746163,2.130894033608417,2.130894033608417,0.16800374754870662,12.38440130836332,12.403751384856706,0.6925695999273701,0.47965265074355756,11.237223824525383,13.3681178581338,2.130894033608417,2.130894033608417,-0.16800374754870795,NORMAL
39,SYNTHETIC,390000,399000,9000,4.979000362073611,5.406993813058222,2.108349470301528,4.445137488920734,1.1082636358197049,8.263515698527627,7.1552520627079215,7.1552520627079215,-1.713885860925167,120712.93665309399,120886.93187479953,6483.611855172599,42037222.68853467,111196.48674634598,128717.4820402216,17520.995293875618,17520.995293875618,-10772.81601076512,34.431071418655044,34.55439239558484,2.9167370110325503,8.507354791527096,30.10934721110664,39.91244628140028,9.803099070293637,9.803099070293637,-0.3687720500361067,35.03162173074954,35.20944270525179,3.5341667374481753,12.490334528085079,30.283437705713983,39.74109618980582,9.45765848409184,9.45765848409184,5.096763744016812,1.545188894476965,1.6821431433311822,0.6648284252656209,0.44199683504116527,0.6396317076250172,2.379247265302972,1.7396155576779546,1.7396155576779546,1.6164020490058042,12.454811105523035,12.472542503808159,0.6648284252656207,0.44199683504116505,11.620752734697028,13.360368292374982,1.7396155576779542,1.7396155576779542,-1.6164020490058046,NORMAL
40,SYNTHETIC,400000,409000,9000,6.469037811953399,7.179711905736519,3.1144522531083854,9.699812836891898,1.9364918804681688,9.7921216281733,7.855629747705131,7.855629747705131,6.135160583479374,119793.51341759184,119985.19551988113,6779.475423169044,45961287.013353094,111262.34341407742,129375.04642723198,18112.70301315456,18112.70301315456,5256.556790949122,36.20238959911886,36.28314622857346,2.419439513121838,5.853687557655237,32.47267083079444,39.31944369229996,6.846772861505521,6.846772861505521,3.354992698697231,35.39876645839854,35.52707387558413,3.016672236914503,9.100311384970752,30.688274153162457,39.07197373336612,8.383699580203665,8.383699580203665,0.31983962485534434,1.6656117334662368,1.861616262017378,0.8314761934939282,0.6913526603471523,0.2543838065644732,2.7738218782333406,2.5194380716688674,2.5194380716688674,-1.7768199868936985,12.334388266533763,12.36238191328649,0.831476193493928,0.691352660347152,11.22617812176666,13.745616193435527,2.5194380716688674,2.5194380716688674,1.776819986893699,NORMAL
41,SYNTHETIC,410000,419000,9000,5.049534463915025,5.8404691973478675,2.9348393725898627,8.613282142903659,1.2551956281993308,9.013616398751791,7.75842077055246,7.75842077055246,2.155590721014266,124948.14846481534,125052.04088142242,5096.383406240896,25973123.823407553,112538.7051358184,129517.95080735792,16979.245671539524,16979.245671539524,2835.6927897536807,34.968413495404036,35.09178325632932,2.9399506328577103,8.643309723640451,30.673743051330064,39.74590413251106,9.072161081180994,9.072161081180994,2.495660242418161,34.2043761497445,34.324313209133834,2.8669024199489836,8.219129485509338,30.543819741668177,38.502836851553845,7.959017109885668,7.959017109885668,1.9143753668195842,1.1549520646368148,1.390659520086107,0.7746093397302152,0.6000196291972799,0.206258573292712,2.3706531061410017,2.1643945328482896,2.1643945328482896,0.390264403847556,12.845047935363183,12.868382807912393,0.7746093397302158,0.6000196291972809,11.629346893858996,13.793741426707289,2.164394532848293,2.164394532848293,-0.3902644038475547,NORMAL
42,SYNTHETIC,420000,429000,9000,4.610713873199687,5.516053089717225,3.02789683907211,9.168159268062876,1.047782540332564,8.474797817723044,7.427015277390479,7.427015277390479,1.273314365964838,118353.51991240252,118429.25512320653,4234.712904328138,17932793.38208326,111548.72170520877,125597.39687744624,14048.675172237476,14048.675172237476,-5175.308602459074,34.959505157731925,35.09981680485742,3.1353052261408663,9.83013886106623,30.68620857108859,39.002780996154094,8.316572425065505,8.316572425065505,6.33505750796548,35.658241893987736,35.77928086595333,2.940531298019473,8.646724314632088,30.86359674501597,39.242897594096085,8.379300849080117,8.379300849080117,-0.3915455794320124,1.0092879581158238,1.1282315672124557,0.5042264241955838,0.2542442868570648,0.2835299024363582,1.9180630256051103,1.634533123168752,1.634533123168752,-0.7703455360613873,12.990712041884176,13.000493976846094,0.5042264241955847,0.25424428685706574,12.081936974394887,13.716470097563642,1.6345331231687545,1.6345331231687545,0.770345536061388,NORMAL
43,SYNTHETIC,430000,439000,9000,5.824681738430995,6.398284564999076,2.647853474173731,7.0111280206938975,1.3533314360141846,9.164599785516067,7.811268349501883,7.811268349501883,-2.6204955532437584,121129.98040407477,121346.0378038204,7238.006493135879,52388737.99467715,110703.5196436884,129543.85459828714,18840.334954598744,18840.334954598744,930.1648273947503,36.55454877688195,36.59619349618569,1.745377360006148,3.0463421288220305,33.22463318581778,39.569715846307794,6.345082660490014,6.345082660490014,-0.7207704274626181,34.244974202155966,34.35363239421796,2.730164934712633,7.453800570734434,30.07085354169948,39.8460737660093,9.775220224309816,9.775220224309816,0.3371128879195453,1.6615558371864558,1.7950091582445065,0.6791833906194017,0.4612900780932668,0.8616122842475036,2.725473132509024,1.8638608482615202,1.8638608482615202,-0.017756279213839044,12.338444162813543,12.357123226583155,0.6791833906194015,0.4612900780932665,11.274526867490977,13.138387715752495,1.8638608482615187,1.8638608482615187,0.01775627921383993,NORMAL
44,SYNTHETIC,440000,449000,9000,5.555960463472683,6.176379107967339,2.6979551911890285,7.278962213663826,1.4796027719234013,9.6258021071084,8.146199335184999,8.146199335184999,-2.0664347425427385,117087.25366893716,117214.48771100582,5459.959488814627,29811157.619496882,110982.3528750008,128248.97592591283,17266.623050912036,17266.623050912036,-689.8636754800682,34.57436505376815,34.670706778907686,2.5828646262960535,6.671189677771451,30.49074047724273,39.97667392338636,9.485933446143626,9.485933446143626,-4.124760410336734,34.65768815604447,34.76890994929788,2.7788038327234648,7.721750740758617,30.40431931393004,38.78968872386457,8.385369409934533,8.385369409934533,5.57607032736427,1.3644750731305402,1.5994727243677636,0.8345781993329578,0.6965207708018424,0.256724528049689,2.7535654132001466,2.4968408851504575,2.4968408851504575,-0.057711443310999144,12.63552492686946,12.663056935366804,0.8345781993329578,0.6965207708018424,11.246434586799854,13.74327547195031,2.4968408851504567,2.4968408851504567,0.05771144331099798,NORMAL
45,SYNTHETIC,450000,459000,9000,5.3503096926401135,6.098261119191948,2.9262561184369136,8.562974870689471,1.3726848539054703,9.624239180076897,8.251554326171426,8.251554326171426,5.227708556642966,121315.21259492096,121459.91037269706,5926.9739996673425,35129020.79273269,111811.5811707088,128976.86214011569,17165.280969406886,17165.280969406886,-8445.4759660087,35.47955476374791,35.535041054873794,1.9850280949594503,3.9403365377783444,31.011933667533324,37.90243155389435,6.890497886361029,6.890497886361029,-1.2993418111024226,35.712513622575756,35.914087265038,3.799741417268489,14.438034838105548,30.009924640506288,39.90865844106064,9.89873380055435,9.89873380055435,0.9996763012412444,1.7664604981797107,1.9411925100006524,0.8048886067359385,0.6478456692533203,0.3258359298257798,2.926259404885348,2.600423475059568,2.600423475059568,-0.04967110464200353,12.233539501820289,12.259989168504625,0.8048886067359384,0.6478456692533202,11.073740595114652,13.67416407017422,2.600423475059568,2.600423475059568,0.04967110464200175,NORMAL
46,SYNTHETIC,460000,469000,9000,5.830604191072824,6.29779015432816,2.380381396960733,5.666215594996731,2.2771462410524377,9.325015191311238,7.0478689502588,7.0478689502588,-0.5637316213029191,119390.04649104962,119471.85529739042,4420.521130546067,19541007.065604277,113377.46083225428,125415.4642733074,12038.003441053123,12038.003441053123,-12038.003441053123,35.54132752609307,35.625734623611265,2.4509192469262358,6.0070051549534655,30.90408078471897,38.72987215401707,7.825791369298102,7.825791369298102,-5.343957721908936,35.278060943359435,35.394566335003994,2.8694497938830605,8.233742119615538,30.06715784163385,39.667639636420326,9.600481794786475,9.600481794786475,5.156182196308784,1.462756577202445,1.6904705041869499,0.8473687045065261,0.7180337213770683,0.6236619001305912,2.977306892442876,2.353644992312285,2.353644992312285,-0.51922228139281,12.537243422797557,12.565846822393532,0.8473687045065265,0.7180337213770689,11.022693107557124,13.37633809986941,2.353644992312285,2.353644992312285,0.5192222813928087,NORMAL
47,SYNTHETIC,470000,479000,9000,4.343671038890859,4.582660958116553,1.4605832269838395,2.133303362946526,2.0491142305401526,6.584736233280715,4.5356220027405625,4.5356220027405625,0.06843325143427759,120305.9708491326,120420.61210189175,5253.303440877515,27597197.041935533,112146.2472566504,129896.29785659217,17750.050599941766,17750.050599941766,-9174.4622225059,34.625604271377284,34.744704585069535,2.874373939787821,8.262025545731362,30.503797382885544,39.441436470762746,8.937639087877201,8.937639087877201,4.9789362591496555,36.06535220899332,36.117468947347916,1.9395703658030996,3.7619332039015694,34.095023368643886,39.321102598153615,5.226079229509729,5.226079229509729,1.2508402659518225,1.7667807094240207,1.9430253291205841,0.8085996255325059,0.6538333544113086,0.3133970654134296,2.9163822314670726,2.602985166053643,2.602985166053643,0.18065351967810672,12.233219290575978,12.259913848218167,0.8085996255325054,0.653833354411308,11.083617768532928,13.68660293458657,2.6029851660536423,2.6029851660536423,-0.18065351967810805,NORMAL
48,SYNTHETIC,480000,489000,9000,4.365273164998402,4.6224771292909095,1.5204226405057124,2.311685005762363,1.3173265416408009,6.177094985999273,4.859768444358472,4.859768444358472,1.38150136082837,119641.3347761113,119789.11548525422,5948.378075579386,35383201.73003352,111016.66923896954,129627.74202506004,18611.072786090503,18611.072786090503,1075.9022103674506,34.67781395361881,34.77629421019692,2.615312293470294,6.83985839237685,31.05750137461514,38.15730635551057,7.099804980895431,7.099804980895431,1.0350635776803472,36.12795203418652,36.1716059858344,1.7765588675776964,3.1561614099689472,32.08645332555999,38.383235912959066,6.296782587399079,6.296782587399079,0.5622598955730211,1.5948495821072863,1.741678018740749,0.6999265185838539,0.489897131416914,0.5138778507939817,2.620461069400599,2.1065832186066173,2.1065832186066173,0.20838674709384697,12.405150417892713,12.424880442964458,0.6999265185838537,0.48989713141691366,11.3795389305994,13.486122149206018,2.106583218606618,2.106583218606618,-0.20838674709384541,NORMAL
49,SYNTHETIC,490000,499000,9000,5.91568152452982,6.051931051915933,1.2769422686561986,1.6305815574808395,3.78268453605158,7.929403553476394,4.1467190174248145,4.1467190174248145,-1.6655138412317951,121752.17885107044,121840.78654939026,4645.881185634933,21584211.991036654,111206.61637148444,127124.58007593214,15917.963704447699,15917.963704447699,12043.975515839556,35.82333366337396,35.94441299548652,2.947811193526408,8.689590832679585,30.509440890030223,39.59096063371111,9.08151974368089,9.08151974368089,-4.604960249789848,35.72382838545576,35.83985229180011,2.88150963638069,8.303097784554774,30.02477930857023,38.55962508813682,8.534845779566588,8.534845779566588,2.659339520899046,1.7980328682179294,1.9541016618358884,0.7652392499067119,0.585591109597787,0.5001903684083937,2.9891563213881,2.488965952979706,2.488965952979706,0.6877841798261972,12.20196713178207,12.225939350196686,0.7652392499067127,0.5855911095977882,11.0108436786119,13.499809631591608,2.488965952979708,2.488965952979708,-0.6877841798261972,NORMAL
50,SYNTHETIC,500000,509000,9000,6.394202570354916,6.771350958458413,2.2283104119225077,4.965367291882256,2.0195391741503617,9.105303336197688,7.085764162047326,7.085764162047326,-5.463470884493177,121806.60411653866,121885.1405747813,4374.7784550789365,19138686.531022847,114309.902836254,129211.7392501325,14901.836413878496,14901.836413878496,1466.993083338879,35.87920960568617,36.03774630820378,3.376607327731743,11.401477045691703,30.33877795142557,39.50496269802706,9.166184746601488,9.166184746601488,6.084396165289782,35.18127935871301,35.25365068096449,2.2577575201209017,5.0974690196624834,30.006423036998736,38.099364737117085,8.092941700118349,8.092941700118349,-1.3595354241233863,1.252111624722908,1.3842997139533302,0.5903407298205257,0.34850217728503086,0.2527844213062692,2.3176599205186696,2.0648754992124005,2.0648754992124005,0.8471374830926658,12.74788837527709,12.761550070654028,0.5903407298205259,0.3485021772850311,11.68234007948133,13.74721557869373,2.0648754992124,2.0648754992124,-0.8471374830926663,NORMAL
51,SYNTHETIC,510000,519000,9000,4.217102593279443,5.002932642560863,2.6917244925431745,7.24538074375681,1.1292090233286227,8.409540257147276,7.280331233818653,7.280331233818653,6.645005641540137,118579.93797675194,118753.79427224697,6423.5475778438295,41261963.484823324,112214.48517201107,129120.93319045258,16906.4480184415,16906.4480184415,1330.2362613985897,33.30421588523296,33.37861235875601,2.2273228921499997,4.960967265895439,30.96752898361096,38.366407464065446,7.398878480454485,7.398878480454485,-2.4746884263253364,37.39015001348999,37.466969536502184,2.398017559964208,5.750488217896695,31.721706636829243,39.87938928912425,8.157682652295005,8.157682652295005,-1.9369681568565795,1.3919466446623692,1.5533661223971076,0.6895149372016514,0.47543084862419727,0.5199364231096884,2.6567958218058885,2.1368593986962,2.1368593986962,-0.9624200528860858,12.608053355337631,12.626893531651586,0.689514937201652,0.4754308486241981,11.343204178194112,13.480063576890313,2.136859398696201,2.136859398696201,0.9624200528860865,NORMAL
52,SYNTHETIC,520000,529000,9000,5.844237090417939,6.458835839397838,2.7498096718269864,7.561453231273238,2.0531184916110705,9.760087358736008,7.706968867124938,7.706968867124938,-4.801161320153369,119208.7474625445,119307.42341318769,4851.371961098735,23535809.90493498,112948.51906971172,127656.51132068156,14707.992250969837,14707.992250969837,-357.9950286358653,36.06027108297455,36.169438901724995,2.808052686116679,7.885159888007095,31.50993131435068,39.13433659813064,7.624405283779957,7.624405283779957,4.6807923258829796,34.40209864273744,34.49773342625816,2.5669477058428796,6.5892205245320215,31.08586547821553,38.68239128405658,7.596525805841047,7.596525805841047,-0.36472899504116896,1.7692471404388812,1.8882228227434559,0.6596589909779943,0.43514998437810554,0.4373692797622852,2.581573442042876,2.144204162280591,2.144204162280591,1.304755618406657,12.230752859561118,12.248529115613866,0.6596589909779944,0.4351499843781057,11.418426557957124,13.562630720237715,2.144204162280591,2.144204162280591,-1.3047556184066575,NORMAL
53,SYNTHETIC,530000,539000,9000,4.812721275994543,5.366373761868742,2.3739589869377995,5.635681271662744,1.094403275785951,8.359477756842093,7.265074481056142,7.265074481056142,1.3080253241804787,120070.8941551279,120178.86539679402,5093.138997593646,25940064.848809216,111398.63262953724,126301.46192437508,14902.829294837837,14902.829294837837,2798.1485843552655,35.19091296209827,35.31141387108176,2.914720307139108,8.495594468849095,30.12397213915796,39.5809257916065,9.456953652448536,9.456953652448536,-1.104119975891038,33.48201817059478,33.584893134719216,2.6266910923194935,6.899506094470574,30.1649125897765,37.95323462527752,7.788322035501018,7.788322035501018,2.548602248416586,1.5596348103460336,1.7048285648706865,0.6884618318802697,0.47397969395593664,0.4521541057900472,2.623923698992656,2.171769593202609,2.171769593202609,-1.132610277181551,12.440365189653965,12.459400697702522,0.6884618318802692,0.4739796939559361,11.376076301007345,13.547845894209951,2.1717695932026064,2.1717695932026064,1.1326102771815503,NORMAL
54,SYNTHETIC,540000,549000,9000,5.950938544066775,6.538244543656146,2.708315372586761,7.334972157389764,1.7044336960864284,9.7148306460712,8.01039694998477,8.01039694998477,-4.887114983176909,118074.75956287209,118147.72686402692,4151.688488633901,17236517.30665525,113527.11152835602,126411.14165279722,12884.030124441197,12884.030124441197,-10955.055049880495,34.19303079315826,34.25822744788173,2.112532378196508,4.462793048928594,31.729273077669315,39.699318830498086,7.970045752828771,7.970045752828771,-2.132296483913578,35.78914496364389,35.909864630873734,2.942019812808705,8.655480578958969,31.1444531897113,39.976479671837005,8.832026482125706,8.832026482125706,-0.36830458579842684,1.441395501658463,1.7132128642517597,0.9260007160021347,0.8574773260364662,0.2829692807338951,2.9710437906808824,2.688074509946987,2.688074509946987,0.6582537947022766,12.558604498341538,12.592697259594578,0.9260007160021343,0.8574773260364653,11.028956209319118,13.717030719266106,2.688074509946988,2.688074509946988,-0.658253794702274,NORMAL
55,SYNTHETIC,550000,559000,9000,4.385820748543454,4.8767960580923235,2.132537491785448,4.547716153870569,1.3929119829736545,8.982511874974692,7.589599892001038,7.589599892001038,0.21087476661033389,120358.41631072461,120469.9986829584,5183.8408392132305,26872205.84629493,112617.8066170099,128600.06694709434,15982.260330084435,15982.260330084435,14725.638915124218,34.396467516173985,34.50897430874521,2.784300675290708,7.752330250424292,30.25040203005184,39.50001770574208,9.24961567569024,9.24961567569024,-5.123143877548223,35.93285111181212,35.98873215355025,2.0047575904144854,4.019052996324494,32.92467704806564,39.258421788774506,6.333744740708866,6.333744740708866,-3.4936270630718695,1.501917057673732,1.74316348678491,0.8847960745441881,0.7828640935288045,0.2045663733636216,2.3553004685818184,2.150734095218197,2.150734095218197,1.7730919200031787,12.498082942326267,12.52936316525288,0.884796074544188,0.7828640935288043,11.644699531418182,13.795433626636378,2.150734095218196,2.150734095218196,-1.7730919200031785,NORMAL
56,SYNTHETIC,560000,569000,9000,5.272804360259154,5.7696814302899355,2.342382971562202,5.486757985464571,1.5113546391487365,8.423577785910362,6.912223146761626,6.912223146761626,4.007626486202211,121463.18287344262,121631.67378028418,6399.943190850244,40959272.8461104,110316.11110880268,129976.59274667318,19660.4816378705,19660.4816378705,-10090.302075980828,35.351052316961834,35.45784134176596,2.7498386682266958,7.561612701274768,30.412530325065624,39.955552995857765,9.54302267079214,9.54302267079214,3.778858390321375,36.577110692462014,36.66749569905763,2.572977697491889,6.620214231790662,31.84445960886841,39.733486837459054,7.8890272285906455,7.8890272285906455,-4.04295270400447,1.6177360335793036,1.8194557523869577,0.8326760237650013,0.6933493605530929,0.3040498530942001,2.972407719356137,2.6683578662619367,2.6683578662619367,-1.1599513954556648,12.382263966420696,12.410230066145974,0.8326760237650018,0.6933493605530938,11.027592280643862,13.6959501469058,2.668357866261937,2.668357866261937,1.159951395455666,NORMAL
57,SYNTHETIC,570000,579000,9000,6.701065685259498,6.953999214725395,1.8584465987052365,3.4538237602390622,3.978417053016469,9.00405974606788,5.02564269305141,5.02564269305141,0.018781948188944853,122413.436658101,122544.57329590089,5667.712927408939,32122969.82751841,112173.14206524524,129896.48427241736,17723.34220717213,17723.34220717213,9310.992570482238,35.92045412673853,36.03595505710467,2.882886089761617,8.311032206541025,30.15803239163296,39.26182196274864,9.10378957111568,9.10378957111568,9.10378957111568,34.26029362823513,34.352294767412005,2.5124562273347752,6.312436294273292,30.73712069111652,38.20104744783698,7.463926756720458,7.463926756720458,-6.882361094525233,1.3790930151503087,1.6216549247970236,0.8531513058549874,0.7278671506820704,0.4109258548479695,2.653765074313048,2.2428392194650786,2.2428392194650786,-0.6387142578490541,12.620906984849693,12.649709888804162,0.8531513058549874,0.7278671506820704,11.346234925686952,13.589074145152033,2.242839219465081,2.242839219465081,0.6387142578490561,NORMAL
58,SYNTHETIC,580000,589000,9000,4.356952275210984,4.915658222198065,2.2761069019264584,5.180662628997261,1.2184435598274383,9.072571518454753,7.8541279586273145,7.8541279586273145,-4.171145675249632,119573.68142710238,119678.53486630924,5008.634316481679,25086417.71623789,113395.99947545415,128776.10708414076,15380.107608686609,15380.107608686609,-14401.980665992465,32.936549826771646,33.02513864034413,2.417326565141629,5.843467722539426,30.038941463811327,38.36199750957776,8.323056045766435,8.323056045766435,3.763534796206141,36.34440248562637,36.403564216773,2.0745832467056142,4.303895647511608,32.92594589849124,39.151384037451,6.22543813895976,6.22543813895976,-4.7314451766593635,2.352222373616217,2.3834335477153776,0.38445465458802985,0.14780538143440133,1.6161231792997222,2.9475343020831684,1.3314111227834462,1.3314111227834462,0.5758138993315218,11.647777626383784,11.654120688199564,0.3844546545880298,0.1478053814344013,11.052465697916832,12.383876820700278,1.3314111227834466,1.3314111227834466,-0.5758138993315196,NORMAL
59,SYNTHETIC,590000,599000,9000,5.845265488449747,6.355753428649562,2.49569088937893,6.228473015328993,1.0643672153785375,9.639892338374311,8.575525122995774,8.575525122995774,-2.702504189844648,119129.67538137147,119293.77606521797,6255.034086831937,39125451.427429445,111158.9068907626,128985.87046018516,17826.963569422558,17826.963569422558,1390.5236160176282,36.0352378639062,36.18378427782123,3.2753437614400767,10.727876755604429,30.887344930078893,39.50664841469486,8.619303484615966,8.619303484615966,1.8300380877074431,36.20871853660849,36.37211597334605,3.443765717234553,11.859522315200016,30.4439729691059,39.97675447369822,9.532781504592322,9.532781504592322,-3.655664308943855,1.3758260782616478,1.5381663740886327,0.6877924081815274,0.4730583967521448,0.7090832681865606,2.9385196731357848,2.229436404949224,2.229436404949224,0.4533875675057253,12.624173921738352,12.642896250584785,0.6877924081815274,0.4730583967521449,11.061480326864215,13.29091673181344,2.229436404949224,2.229436404949224,-0.45338756750572706,NORMAL
60,SYNTHETIC,600000,609000,9000,6.950195998338612,7.279484109327427,2.164639573376704,4.6856644826284795,2.0041158264160077,9.47625876723454,7.472142940818532,7.472142940818532,-0.32927113208320424,120297.1519307537,120434.9741689164,5760.055591460883,33178240.416719787,112801.1080937898,129290.37772278403,16489.26962899424,16489.26962899424,-9615.39180919221,34.3285709752695,34.40673399728474,2.317878158099385,5.372559155794198,30.315813306929986,37.53460539436342,7.218792087433432,7.218792087433432,-0.5998024958759416,32.89207976189468,32.98459918253277,2.4687794898491884,6.094872169500019,30.04003162442779,39.3555085673932,9.315476942965411,9.315476942965411,-0.6105711810044241,1.9810054785384885,2.1565682132854316,0.8522932315545001,0.7264037525536127,0.4978658180707092,2.962452212581855,2.464586394511146,2.464586394511146,0.9804780513568034,12.018994521461511,12.049175617421943,0.852293231554501,0.7264037525536142,11.037547787418143,13.502134181929293,2.4645863945111497,2.4645863945111497,-0.9804780513568065,NORMAL
61,SYNTHETIC,610000,619000,9000,5.791489372872318,6.425407543828211,2.782896503320145,7.74451294819149,1.360333250514334,9.664287116598295,8.303953866083962,8.303953866083962,-4.506980210704889,119670.77827860427,119858.71775811141,6709.474555562978,45017048.811747015,110086.11551335358,129881.55544904756,19795.439935693983,19795.439935693983,-4287.808802055995,36.52062099926009,36.60745213162309,2.519879639482564,6.349793397478779,31.974820518632782,39.02149668409001,7.046676165457228,7.046676165457228,0.1550411028117935,35.59604003273416,35.68219327021517,2.478073961966537,6.14085056097653,31.59738467622709,39.64282648704108,8.045441810813987,8.045441810813987,3.0823504364292944,1.4779211031924055,1.5801050922429474,0.5590002819951304,0.31248131527063533,0.5808768466185381,2.6195882950974902,2.038711448478952,2.038711448478952,-0.9854663182576462,12.522078896807594,12.534549900700254,0.55900028199513,0.3124813152706348,11.38041170490251,13.41912315338146,2.0387114484789493,2.0387114484789493,0.9854663182576466,NORMAL
62,SYNTHETIC,620000,629000,9000,6.5819037087421135,6.994188410999863,2.3658434219980804,5.5972150974115875,1.7464095963441222,9.672753491555351,7.926343895211229,7.926343895211229,0.2175066032176014,117868.26031059565,117956.99125484006,4574.384903795386,20924997.248071123,111780.84010150106,126198.8147288974,14417.97462739634,14417.97462739634,4041.014264130674,35.42378563853778,35.529088919513484,2.7334173639640356,7.471570485620097,32.28336231631926,39.59596262059495,7.312600304275691,7.312600304275691,-6.361626432467318,35.80494753676769,35.866516950766325,2.1006594366821263,4.412770068921668,31.89768137210768,38.85162876633841,6.9539473942307275,6.9539473942307275,-4.320432472423693,1.6181520912315945,1.82716053902224,0.848586733930516,0.7200994450028604,0.5059592648917153,2.828109878165093,2.3221506132733776,2.3221506132733776,0.13905958731340273,12.381847908768405,12.410892678646263,0.848586733930516,0.7200994450028604,11.171890121834906,13.494040735108284,2.3221506132733776,2.3221506132733776,-0.13905958731340462,NORMAL
63,SYNTHETIC,630000,639000,9000,5.701558088092897,6.431900331610527,2.9768401441585794,8.861577243874072,1.3253423993703333,9.13737467153502,7.8120322721646875,7.8120322721646875,-0.5213570486451875,122742.2173636503,122831.2878129308,4676.894529222106,21873342.43746767,114917.51174010117,129659.74343071814,14742.231690616973,14742.231690616973,5007.963429939497,34.741472896963046,34.830815865534156,2.4931495760038054,6.215794808327954,30.82427989457127,38.87761675713888,8.053336862567612,8.053336862567612,1.15954973824401,35.11460262034852,35.23752360902258,2.94070619264087,8.647752911436362,30.618119610717155,39.65142117057399,9.033301559856834,9.033301559856834,4.279897602512026,1.1648263499873046,1.2807723200350984,0.5325009954388273,0.28355731014334207,0.3484906406812765,2.1313055046333296,1.7828148639520531,1.7828148639520531,-0.1456164207032824,12.835173650012695,12.846215004277468,0.5325009954388275,0.2835573101433422,11.86869449536667,13.651509359318723,1.7828148639520531,1.7828148639520531,0.14561642070327885,NORMAL
64,SYNTHETIC,640000,649000,9000,4.986267255869191,5.738110222715438,2.839550630131136,8.063047781078133,1.0396010994690004,8.551502680698444,7.511901581229444,7.511901581229444,-6.2464527782614905,119932.34809551372,120066.88351108074,5682.287951165054,32288396.359955557,111955.75994890886,128152.09782780964,16196.337878900784,16196.337878900784,962.9493414046447,37.12615377277788,37.16357453273288,1.6673266296806089,2.7799780900420985,32.9105035245065,38.81617221242863,5.90566868792213,5.90566868792213,1.2972026026265624,33.95238159910288,34.07870196322976,2.931503240240444,8.593711247540224,30.302099482420704,38.59178478696897,8.289685304548268,8.289685304548268,5.8260646503999425,1.2889876321766423,1.5684575860605876,0.8936274857940857,0.7985700833666589,0.2025930988479337,2.9854495888575205,2.782856490009587,2.782856490009587,0.736506279195775,12.711012367823358,12.742386177569923,0.8936274857940856,0.7985700833666586,11.01455041114248,13.797406901152064,2.782856490009584,2.782856490009584,-0.7365062791957762,NORMAL
65,SYNTHETIC,650000,659000,9000,5.881028068478246,6.242722163115476,2.0940603772633217,4.385088863624205,3.0913935975732567,8.881586956176534,5.790193358603277,5.790193358603277,-0.03885631028887282,117562.90103513267,117695.42466951309,5583.662627759042,31177288.340633016,110702.33622219332,128875.96736207424,18173.63113988092,18173.63113988092,-4618.281230239983,35.64318572282047,35.75480413085708,2.8230001708256296,7.969329964481534,31.05942356990961,39.93098862717636,8.87156505726675,8.87156505726675,-7.673236686513697,32.93285335586226,33.0076056925624,2.220180937885351,4.929203396949477,30.57290746722286,38.79466855589877,8.221761088675908,8.221761088675908,-2.4003877938424587,1.573120210097295,1.8177750904452128,0.9108233001117965,0.8295990840265436,0.5006243791222844,2.6698379974674067,2.1692136183451223,2.1692136183451223,-1.9284673786955657,12.426879789902706,12.460214299791108,0.9108233001117965,0.8295990840265437,11.330162002532592,13.499375620877716,2.1692136183451236,2.1692136183451236,1.9284673786955633,NORMAL
66,SYNTHETIC,660000,669000,9000,5.403373001697923,6.0367395213505315,2.691799445195987,7.245784253157422,1.7463420028747154,9.78894165658753,8.042599653712815,8.042599653712815,1.1714287233106933,121114.85142315496,121295.72962506277,6621.690873442284,43846790.02342884,111010.71977300115,128347.91178532284,17337.192012321684,17337.192012321684,14109.639384659036,35.18211394556694,35.27301185298739,2.5306567333664702,6.404223502133055,30.70114432044184,38.9516411777374,8.250496857295559,8.250496857295559,-3.7342280264142644,34.64639950805592,34.752508693884984,2.713643610854961,7.363861646733952,31.285885091252037,39.083456755415966,7.797571664163929,7.797571664163929,3.631468983103197,1.719847368339288,1.871389668567313,0.7377156099994789,0.5442243212369033,0.4326317691377441,2.766013094200938,2.3333813250631943,2.3333813250631943,-1.1548009266303942,12.280152631660712,12.302291371046307,0.7377156099994792,0.5442243212369037,11.233986905799062,13.567368230862256,2.3333813250631934,2.3333813250631934,1.1548009266303936,NORMAL
67,SYNTHETIC,670000,679000,9000,5.672533290743561,6.170027040920518,2.4272617805042023,5.891599751096431,2.182428837154941,9.778704327913673,7.596275490758732,7.596275490758732,2.0113032294916624,122212.12009731056,122311.0357467338,4918.045013959295,24187166.759329885,112565.8651702224,128770.22917922132,16204.36400899892,16204.36400899892,4433.148026679832,35.392071656848714,35.42109951943132,1.4337206847721657,2.0555550019435676,33.413784941811926,38.1783530995808,4.7645681577688705,4.7645681577688705,-2.729033562903851,34.506897620085354,34.591701307494105,2.4207056788953443,5.859815983836169,30.533346417074277,38.78314730893858,8.249800891864304,8.249800891864304,-3.0659803375737766,0.977979365656702,1.221755933151712,0.7322867747959989,0.536243920541126,0.2977642171036902,2.648979153160231,2.351214936056541,2.351214936056541,2.0079297726719103,13.022020634343297,13.04259427114881,0.7322867747959989,0.536243920541126,11.35102084683977,13.70223578289631,2.3512149360565395,2.3512149360565395,-2.0079297726719094,NORMAL
68,SYNTHETIC,680000,689000,9000,4.863497382128603,5.462586679409537,2.4872166057846115,6.186246444090724,1.1554852727992273,9.44104160103227,8.285556328233042,8.285556328233042,4.168471719255223,119889.13017165258,119972.8269457288,4480.588358054393,20075672.034332566,112356.87801811662,126410.11887717208,14053.240859055455,14053.240859055455,-6993.381805377256,35.09134404216999,35.17708379970191,2.4545463868728983,6.0247979653108,31.534922053741905,38.536506690045,7.001584636303097,7.001584636303097,-2.894333540853772,34.39749035717786,34.492297627751014,2.5556315793194613,6.531252769214885,30.945553506633964,39.52285907550319,8.577305568869228,8.577305568869228,-3.5644695295750566,1.9238031479212583,2.097449673710242,0.8356294524461523,0.6982765817954563,0.3303712248406015,2.9913463889081133,2.6609751640675117,2.6609751640675117,-0.6034601242841617,12.076196852078741,12.105073605391748,0.8356294524461524,0.6982765817954564,11.008653611091887,13.6696287751594,2.660975164067512,2.660975164067512,0.6034601242841617,NORMAL
69,SYNTHETIC,690000,699000,9000,5.8104932788846915,6.186117803548851,2.1227862199053096,4.506221335419874,3.068854628549804,8.999770366921947,5.930915738372143,5.930915738372143,0.1306132643464024,123101.16173024455,123200.29790307737,4941.394951952977,24417384.07118636,113770.6046774832,129212.52571257664,15441.92103509343,15441.92103509343,-1301.1009843282955,36.34919682372113,36.5048073151365,3.3670235202066836,11.336847385625008,30.32149395100561,39.86944581203895,9.547951861033336,9.547951861033336,-0.779130945983276,33.25112184415596,33.34572267732736,2.510003382132835,6.30011697831827,30.247778751615968,37.51950508271743,7.271726331101462,7.271726331101462,3.9111574887130622,1.752770127089354,1.8270150600064585,0.5155394369721619,0.26578091107357366,0.8847759612004449,2.5926752305181493,1.7078992693177044,1.7078992693177044,0.8514856001533704,12.247229872910648,12.258075724639186,0.5155394369721621,0.26578091107357393,11.40732476948185,13.115224038799555,1.7078992693177053,1.7078992693177053,-0.851485600153369,NORMAL
70,SYNTHETIC,700000,709000,9000,5.337342915419416,5.741128140562621,2.1150231510747544,4.473322929582183,2.367885763934118,8.693966414559107,6.326080650624989,6.326080650624989,2.0669901732485525,122037.30813319865,122191.93207241033,6145.216610606201,37763687.19127037,111876.1564801545,129732.5749372646,17856.418457110092,17856.418457110092,-12676.173721984349,35.535244963735096,35.60820658051547,2.2783198300512284,5.190741248004658,31.70391509158625,38.9248433720966,7.220928280510353,7.220928280510353,-0.45948448426338473,34.774299766276954,34.871360983650845,2.599979349378954,6.759892617197008,30.60829867501361,38.83345270702968,8.225154032016068,8.225154032016068,-1.4915020248472217,1.2070792643558013,1.3772007259853114,0.6630546653306396,0.4396414892167265,0.4420527571526574,2.937016755561007,2.4949639984083496,2.4949639984083496,-1.7670778668326628,12.792920735644199,12.810092210350868,0.6630546653306398,0.4396414892167268,11.062983244438993,13.557947242847344,2.494963998408352,2.494963998408352,1.767077866832663,NORMAL
71,SYNTHETIC,710000,719000,9000,6.835805593409438,7.298735883314517,2.557988933419218,6.543307383495187,1.896668584367995,9.75337539062822,7.856706806260225,7.856706806260225,-0.34630042257548155,123073.78684492254,123158.58332460898,4569.424271746702,20879638.17522788,116026.40715325232,129599.57079780316,13573.163644550834,13573.163644550834,836.0511689366394,34.758059234749446,34.92459391278302,3.406549310732013,11.604578206448753,30.12140900922044,39.90872478002205,9.787315770801609,9.787315770801609,-4.155082521909755,37.999082157018734,38.022445320064975,1.3327052717957901,1.7761033414722907,34.75207378526292,39.92247207313249,5.170398287869567,5.170398287869567,-3.923904870469002,1.5730274929168453,1.7108527415522607,0.6727567240872673,0.45260160980463143,0.6161355415753306,2.723307973896116,2.107172432320785,2.107172432320785,-1.8058821567211671,12.426972507083155,12.445169637317333,0.6727567240872672,0.45260160980463127,11.276692026103884,13.38386445842467,2.1071724323207857,2.1071724323207857,1.805882156721168,NORMAL
72,SYNTHETIC,720000,729000,9000,3.964021541749368,4.671518585337267,2.4717643717997215,6.109619109698471,1.315416212479836,9.44601579649714,8.130599584017304,8.130599584017304,0.02953048522160895,117423.14000454899,117554.61809125415,5558.275456713043,30894426.05269859,110489.0168176403,127302.00463821297,16812.98782057267,16812.98782057267,7439.70788965594,35.20184682911955,35.2964078079918,2.5819341523885235,6.666383967270244,31.366633207788304,38.92904995362683,7.562416745838526,7.562416745838526,3.8061595265773747,36.73205048991018,36.789917683927854,2.0626463576863565,4.254509996876793,32.48920699257419,39.6188610136859,7.129654021111712,7.129654021111712,1.1863247373494232,1.4194494479574646,1.5287520875363578,0.5676673408256115,0.32224620984002106,0.3964482785585875,2.4519751317772083,2.0555268532186206,2.0555268532186206,-0.10294656674471958,12.580550552042535,12.593351357058921,0.5676673408256115,0.32224620984002106,11.548024868222791,13.603551721441413,2.0555268532186215,2.0555268532186215,0.10294656674471803,NORMAL
73,SYNTHETIC,730000,739000,9000,3.5855991698545977,3.946907279023755,1.6497138122561505,2.7215556623487216,1.4484522466589973,7.144069585367239,5.695617338708242,5.695617338708242,0.9155492195569628,122056.43372047707,122206.8675106124,6061.802883232301,36745454.195163436,111017.61469090029,128902.96575341544,17885.351062515154,17885.351062515154,-3317.5668819194398,33.915824386102706,33.97548841272421,2.012627410674389,4.050669094197895,30.027072736757876,37.06695921313226,7.039886476374381,7.039886476374381,5.725876789527145,36.354878079832034,36.45400995058299,2.6865742643284283,7.217681277751836,31.67291228404229,39.74962702423771,8.07671474019542,8.07671474019542,-4.950629881932848,1.5912233164925964,1.8036381379558228,0.8491871935792783,0.7211188897390507,0.3386978377872522,2.765168726148075,2.426470888360823,2.426470888360823,0.9012634999043649,12.408776683507401,12.43779955100162,0.8491871935792785,0.7211188897390511,11.234831273851924,13.661302162212747,2.4264708883608233,2.4264708883608233,-0.9012634999043652,NORMAL
74,SYNTHETIC,740000,749000,9000,4.838211601087596,5.558023299562809,2.735567857243619,7.483331501584445,1.0108509501047915,8.592328160919728,7.581477210814936,7.581477210814936,7.387978387153373,120017.9888268088,120134.09594838374,5280.470367634188,27883367.303462736,110543.6426699517,129170.30587950903,18626.66320955733,18626.66320955733,4076.64996257078,33.94353110997129,34.068558790549886,2.9160579300770038,8.50339385156498,30.329360146983603,38.44408614165573,8.114725994672128,8.114725994672128,-0.6017331616017074,34.21097146637603,34.32629214050137,2.811363271057568,7.90376344185151,30.901369820382666,38.76394750750879,7.862577687126123,7.862577687126123,-0.10922889938915148,1.2214819241629313,1.456730716893045,0.7937545530470665,0.6300462904829484,0.3020094524676111,2.6328786534970483,2.3308692010294374,2.3308692010294374,-0.27615963618213857,12.778518075837068,12.803146898515914,0.7937545530470665,0.6300462904829485,11.367121346502952,13.697990547532388,2.3308692010294365,2.3308692010294365,0.2761596361821379,NORMAL
75,SYNTHETIC,750000,759000,9000,4.508697038717335,4.981735016611549,2.1188050379388867,4.489334788795207,1.427409750653231,9.187384634784523,7.759974884131292,7.759974884131292,1.7637053440539834,122816.24380801563,122959.36717674512,5930.955521304039,35176233.39568687,112820.54599900029,129446.92495867197,16626.37895967168,16626.37895967168,5629.165887911164,36.31443249762584,36.40847953991503,2.615219834696106,6.83937478378793,30.807853639378106,38.82077709438104,8.012923455002937,8.012923455002937,2.9979589456253066,34.23958603374996,34.32813163261152,2.4640149397555393,6.0713696233384935,30.848584435549345,39.27847901827814,8.429894582728796,8.429894582728796,0.8022015853287741,1.7243270529521069,1.9173035048364455,0.8383012251664788,0.7027489441156194,0.3826038757187017,2.9704317387592853,2.5878278630405838,2.5878278630405838,2.0592337418320517,12.275672947047893,12.304263295581704,0.8383012251664789,0.7027489441156195,11.029568261240716,13.617396124281298,2.587827863040582,2.587827863040582,-2.0592337418320525,NORMAL
76,SYNTHETIC,760000,769000,9000,3.5749316226071386,4.506108281390416,2.743150695331699,7.524875737298784,1.081486080025886,9.08564410307001,8.004158023044123,8.004158023044123,-0.8043970437226378,116036.32780600006,116206.42877054858,6285.277790446127,39504716.90307535,111426.09068369692,129796.46138409746,18370.37070040054,18370.37070040054,9901.830957745668,35.95817376311702,36.10700356896348,3.274972725172532,10.725446350624,30.72454973595872,39.91000248076489,9.185452744806167,9.185452744806167,3.38213023585174,34.64285630666306,34.76348961489126,2.8935647773202153,8.372717120548188,30.584143795546183,39.8817642455715,9.29762045002532,9.29762045002532,-3.5752989860683044,1.6833902681031105,1.769741679028142,0.5460611831517451,0.2981828157450837,0.8001672234537927,2.7815001357689857,1.981332912315193,1.981332912315193,0.5817030043883569,12.31660973189689,12.328708695707034,0.5460611831517455,0.2981828157450841,11.218499864231012,13.199832776546208,1.981332912315196,1.981332912315196,-0.5817030043883555,NORMAL
77,SYNTHETIC,770000,779000,9000,5.856617946169185,6.4083340981200365,2.601302009713018,6.7667721457369865,1.0417242576244905,8.528325567757154,7.486601310132663,7.486601310132663,5.401903170853199,122004.39168198025,122043.2258776832,3078.5374678817257,9477392.941151628,116921.2764580947,127643.50140657896,10722.224948484261,10722.224948484261,-2251.7552858546405,34.56401782148015,34.68494859853609,2.89384369299609,8.374331319493248,30.48875376850876,38.87422898136737,8.385475212858605,8.385475212858605,-0.26561095788278877,37.185932327980275,37.272852042113804,2.544000049563327,6.4719362521782084,30.782590076835703,39.61833007192368,8.835739995087977,8.835739995087977,0.21960917964777593,1.0448008825380621,1.2388774105997595,0.6657389536012233,0.4432083543420517,0.2123225813299416,2.035375831965112,1.8230532506351704,1.8230532506351704,0.03193263142251901,12.95519911746194,12.97229326400805,0.6657389536012235,0.44320835434205197,11.964624168034888,13.78767741867006,1.8230532506351729,1.8230532506351729,-0.031932631422520785,NORMAL
78,SYNTHETIC,780000,789000,9000,6.3755948983425625,6.736119435059565,2.174188293505298,4.727094735615479,3.2375186570365844,9.664915895835264,6.4273972387986795,6.4273972387986795,3.0489398289546696,118838.69803762824,118988.51332423398,5969.099750617138,35630151.83281758,111554.89333850084,127128.19261311478,15573.299274613935,15573.299274613935,-1839.388763470357,34.66437941967433,34.763728879210426,2.626336809342589,6.8976450361078125,31.03322857708492,39.34957816865851,8.31634959157359,8.31634959157359,2.6846699835221273,35.66818612282271,35.8219186584774,3.3151704454294726,10.990355082249048,30.849747531257385,39.60226004522968,8.752512513972292,8.752512513972292,6.131698880251172,2.029161118822064,2.1862199009342094,0.8136722983496321,0.6620626091015727,0.5831289952110525,2.9934160635402294,2.410287068329177,2.410287068329177,1.0526210289541016,11.970838881177935,11.998460156546047,0.8136722983496318,0.6620626091015722,11.006583936459773,13.416871004788948,2.4102870683291755,2.4102870683291755,-1.0526210289540998,NORMAL
79,SYNTHETIC,790000,799000,9000,3.6578074194312613,4.235662474414132,2.1357156832110546,4.561281479513663,1.167500500793882,7.381613223487646,6.2141127226937645,6.2141127226937645,4.327272756032041,120435.69011050861,120517.88469485061,4450.289757627978,19805078.926848494,114332.44728368086,128195.93245466468,13863.485170983826,13863.485170983826,-2863.2474904740375,36.49548003787334,36.58239597706077,2.520244477756236,6.351632227660803,30.75139407932196,39.8844741383193,9.13308005899734,9.13308005899734,-0.6546758808796582,34.05460586153223,34.13550046293884,2.348661633993407,5.51621147099258,30.23291060004693,37.78360470778217,7.550694107735236,7.550694107735236,0.5193221685522502,1.4606164096259957,1.6813310492565459,0.8327507436954851,0.6934738011253835,0.2471126299079092,2.875070208731896,2.6279575788239864,2.6279575788239864,0.747375828188545,12.539383590374005,12.567004998314683,0.8327507436954856,0.6934738011253844,11.124929791268103,13.752887370092092,2.627957578823988,2.627957578823988,-0.747375828188547,NORMAL
80,SYNTHETIC,800000,809000,9000,5.553502894000015,6.1498009996405445,2.6417149622003686,6.978657941513296,2.1090318073703136,9.727615388172657,7.618583580802343,7.618583580802343,2.2281079873476886,118872.99301935213,118972.80706247193,4872.407099702301,23740350.94522939,111481.41105477411,123870.8093917344,12389.39833696028,12389.39833696028,-10472.478102939625,33.921013463335996,34.04433910905179,2.8951461089712796,8.381870992291539,30.613040657734423,39.98228481117854,9.369244153444114,9.369244153444114,-8.324755342755008,33.91993417577473,34.069007320777494,3.1836025716631653,10.135325334300319,30.15580700042525,39.35683639398042,9.201029393555174,9.201029393555174,7.825875913547847,1.5208433064269544,1.6369746034131003,0.6055753376053274,0.36672148951580635,0.3289817202861351,2.481370975850937,2.152389255564802,2.152389255564802,0.3980594863067295,12.479156693573046,12.493841413763214,0.6055753376053272,0.3667214895158061,11.518629024149064,13.671018279713865,2.1523892555648008,2.1523892555648008,-0.39805948630672994,NORMAL
81,SYNTHETIC,810000,819000,9000,5.341992980660612,6.175016826327375,3.0974092077087536,9.593943799998968,1.0352669216533876,9.73914432098846,8.703877399335072,8.703877399335072,2.3687803635543245,120741.4768514506,120805.84495951705,3943.088144270962,15547944.113490218,114447.3585579362,126594.99820249825,12147.639644562048,12147.639644562048,7947.029229656604,34.47580016064943,34.62544274860897,3.2156630451840393,10.340488820162289,30.282923056381147,39.23312562310255,8.950202566721405,8.950202566721405,8.783483198114272,34.386537513212126,34.46147219678716,2.271366069657305,5.159103822390472,30.61595060914181,38.4094446729878,7.793494063845994,7.793494063845994,2.7318835045758902,1.577788497556,1.7066927354678836,0.6506792991011985,0.4233835502788269,0.2445656485111906,2.833710794869164,2.5891451463579735,2.5891451463579735,0.09766272577181212,12.422211502444002,12.439241221301678,0.6506792991011985,0.4233835502788269,11.166289205130836,13.755434351488809,2.589145146357973,2.589145146357973,-0.0976627257718139,NORMAL
82,SYNTHETIC,820000,829000,9000,4.88292659455462,5.531637414069994,2.5992384178697803,6.756040352930199,1.1598127864464036,8.690218781553453,7.530405995107049,7.530405995107049,1.7876743296704456,121544.5475128009,121635.50575692194,4703.108615658124,22119230.650677677,111437.00670972468,128559.41216331648,17122.405453591797,17122.405453591797,-8689.280554589655,35.930777674418366,36.05837852305814,3.030821245744823,9.185877423658201,30.540543116185997,39.80757467908352,9.267031562897525,9.267031562897525,4.4854508218565385,35.39216712710562,35.48155641109887,2.517012395880457,6.335351401015879,30.310841800080304,39.356067864697415,9.045226064617111,9.045226064617111,-1.4415474748175043,1.728880501115567,1.8434208656102355,0.6396660852582196,0.40917270062957584,0.7009893998380594,2.745124415539675,2.0441350157016154,2.0441350157016154,0.5443785403834447,12.271119498884433,12.287780371431259,0.6396660852582197,0.4091727006295759,11.254875584460326,13.29901060016194,2.044135015701615,2.044135015701615,-0.5443785403834447,NORMAL
83,SYNTHETIC,830000,839000,9000,6.461720369584971,6.624199304531299,1.4581448115477444,2.126186291443607,4.486265200521391,9.654070268737852,5.167805068216461,5.167805068216461,-0.8464463158790094,118618.6157853045,118769.63852891409,5987.572585549616,35851025.46722531,110011.36258517888,129243.99977069403,19232.637185515152,19232.637185515152,5302.918162110102,34.62706209659384,34.70293370310059,2.293507828726416,5.260178160429359,30.456622854367065,38.26410549972709,7.807482645360022,7.807482645360022,-1.7629175412424267,34.51446243553577,34.57637829545862,2.0682888619947843,4.2778188166516795,30.399419250864693,37.95027407296155,7.550854822096856,7.550854822096856,-1.929328937962154,1.274530456298918,1.5060614008245852,0.8023671597343597,0.6437930590201835,0.2301104092800714,2.514334012170731,2.2842236028906595,2.2842236028906595,-1.2252935617732759,12.725469543701081,12.750739906636163,0.8023671597343596,0.6437930590201832,11.485665987829268,13.769889590719927,2.284223602890659,2.284223602890659,1.2252935617732739,NORMAL
84,SYNTHETIC,840000,849000,9000,5.319859227712076,6.023253798005974,2.824656459203502,7.978684112520064,1.1097349258826763,9.461636739961088,8.351901814078412,8.351901814078412,8.351901814078412,119262.3939116312,119392.50283300044,5572.354187857362,31051131.194931485,110642.981756057,128821.52569529394,18178.543939236944,18178.543939236944,14549.87929007088,34.141521901188,34.21791091289705,2.2851497792614692,5.221909513658741,30.642088515654645,37.86941135812124,7.227322842466595,7.227322842466595,-4.104717014057584,36.010829937489675,36.067718559954045,2.0249566250295,4.100449333250864,32.362675772783305,39.59101838069535,7.228342607912047,7.228342607912047,-3.992539542456747,1.4348179210228478,1.5863456364867148,0.6766018119338086,0.4577900119121129,0.582492327783035,2.66100129225362,2.0785089644705854,2.0785089644705854,-0.28981282477013215,12.565182078977152,12.583385501913256,0.6766018119338083,0.4577900119121125,11.33899870774638,13.417507672216963,2.0785089644705828,2.0785089644705828,0.2898128247701308,NORMAL
85,SYNTHETIC,850000,859000,9000,5.698698818333925,6.204597295497921,2.4539477128128917,6.021859377219622,2.5702875040321125,9.030728148448995,6.460440644416883,6.460440644416883,2.9794839802428648,120530.95015134686,120681.35913916466,6023.329585003124,36280499.2895739,114478.91331187917,129976.5722190961,15497.65890721693,15497.65890721693,643.8441366384795,35.94325300680026,36.00092848565282,2.037011320104122,4.149415118232338,33.20836895939817,39.39544840779544,6.18707944839727,6.18707944839727,0.7766178585208081,34.31268816072411,34.376900302036404,2.100167984008557,4.410705561054568,30.814424812408177,38.04291865876687,7.228493846358695,7.228493846358695,-3.4257461691615063,1.4027520112241265,1.6574415066919488,0.8828358528695726,0.7793991431119456,0.2651292323409497,2.8588037578302474,2.593674525489298,2.593674525489298,0.21566206837248159,12.597247988775873,12.628145391696666,0.8828358528695726,0.7793991431119455,11.141196242169752,13.73487076765905,2.5936745254892983,2.5936745254892983,-0.21566206837248103,NORMAL
86,SYNTHETIC,860000,869000,9000,6.10599279775594,6.665046485936436,2.6720210727923215,7.139696613446229,1.87878979901442,8.954964959726752,7.0761751607123315,7.0761751607123315,-4.728407582257091,124180.37841298715,124275.39642311366,4858.783111990768,23607773.329366688,114077.21254659088,129870.45046291688,15793.237916326005,15793.237916326005,5007.84626244269,33.83470057944543,33.92658351173804,2.4952165193044893,6.226105478210012,30.36222331045304,39.30711181205647,8.94488850160343,8.94488850160343,-3.7820494006283667,34.69953047661449,34.78315234465696,2.410450525133604,5.810271734116867,30.282195321773283,39.49252814105829,9.210332819285004,9.210332819285004,-0.029230439911323458,1.550952803560589,1.691541746475125,0.6751732231032749,0.45585888119566464,0.5227581498560858,2.681411277490331,2.158653127634245,2.158653127634245,0.3638224477669547,12.449047196439412,12.467342739347934,0.6751732231032748,0.4558588811956644,11.31858872250967,13.477241850143914,2.1586531276342438,2.1586531276342438,-0.36382244776695494,NORMAL
87,SYNTHETIC,870000,879000,9000,5.957467922288176,6.427586293612062,2.4129735839285655,5.822441516737067,1.2036328323211287,9.617176776624062,8.413543944302933,8.413543944302933,-1.4309767239644913,122232.54972699613,122352.6163222492,5419.087389675962,29366508.13694503,115382.61001445612,129712.42203024017,14329.812015784046,14329.812015784046,5151.505958548398,32.89018826163952,32.951009717061666,2.001139047593216,4.004557487802282,30.00989993926386,36.21458406501944,6.204684125755577,6.204684125755577,-6.204684125755577,33.610493381160424,33.78171022916866,3.396863359408098,11.538680682489272,30.019297078733395,39.990400175055534,9.971103096322139,9.971103096322139,0.47957864048900234,1.5118951332807082,1.5753375997698913,0.44256260484915755,0.1958616592108716,0.821321809622706,2.148460551039171,1.3271387414164653,1.3271387414164653,-0.1958654201797636,12.48810486671929,12.495944334918788,0.44256260484915766,0.19586165921087167,11.851539448960828,13.178678190377294,1.3271387414164657,1.3271387414164657,0.19586542017976427,NORMAL
88,SYNTHETIC,880000,889000,9000,4.837269720140386,5.274108581055594,2.101676230863641,4.4170429793772,2.153756498630735,9.231356052185154,7.077599553554419,7.077599553554419,2.423714442766145,119153.27718413831,119235.37252541048,4423.8668100792665,19570597.553320907,112544.51923783656,127010.41757842716,14465.898340590604,14465.898340590604,-1184.4096155325387,33.10516817861949,33.21760447354115,2.730766710273966,7.4570868259404985,30.24229354087585,39.41366901270247,9.171375471826622,9.171375471826622,-0.35010612667024077,36.84233649416224,36.97333715366143,3.10964659233837,9.669901929241636,30.393193830332702,39.86892202538008,9.475728195047378,9.475728195047378,-4.627051618731187,1.765896319162414,1.9421666983874721,0.8084687219020485,0.6536216742939319,0.5053520581508076,2.9992015829761,2.4938495248252925,2.4938495248252925,2.3799457998291427,12.234103680837585,12.260787680560236,0.8084687219020484,0.6536216742939317,11.0007984170239,13.494647941849191,2.4938495248252917,2.4938495248252917,-2.3799457998291427,NORMAL
89,SYNTHETIC,890000,899000,9000,4.924287757456733,5.57118819652627,2.605672274649168,6.789528002875369,1.8705356449224364,9.403105848331109,7.532570203408672,7.532570203408672,1.6063040149869647,116212.98912458828,116318.8319706877,4961.031117963592,24611829.753403082,110423.12022846586,125186.82200044776,14763.701771981898,14763.701771981898,-3458.6559471032815,35.65257962113161,35.80379473237991,3.287139120461297,10.80528359726707,30.884387692746547,39.8669820151853,8.982594322438754,8.982594322438754,2.7353673879265195,34.42644110241395,34.5122854205229,2.432693562629764,5.917997969660293,31.334958350918512,39.24619178483218,7.911233433913665,7.911233433913665,0.4985596799141945,1.5433579808473221,1.672180664136368,0.6436103762886531,0.41423431646642167,0.8184607375787125,2.6886057458221075,1.870145008243395,1.870145008243395,1.5886416480631211,12.456642019152676,12.473257982972473,0.6436103762886536,0.4142343164664223,11.311394254177891,13.181539262421287,1.8701450082433961,1.8701450082433961,-1.5886416480631222,NORMAL
90,SYNTHETIC,900000,909000,9000,4.5374075946771315,5.068839501161144,2.2594393570746365,5.105066208297846,1.3975234295069523,9.442124659193354,8.044601229686402,8.044601229686402,-1.528055686715609,119738.69549563953,119892.48458118344,6070.639179841073,36852660.05182149,110434.4691140818,127861.04969506506,17426.580580983253,17426.580580983253,6226.5037358907575,36.005575376595104,36.15845617980374,3.3215199995055573,11.032495107115398,30.576010503789743,39.97069011076243,9.39467960697269,9.39467960697269,1.838595718771657,36.292761934349286,36.36037220554703,2.2163253602674042,4.912098102564439,31.433500702095387,38.81233215671709,7.378831454621704,7.378831454621704,6.76535051610162,1.6079093405572735,1.779265722831438,0.7618491090705258,0.5804140649915539,0.5407328046474505,2.662417008670272,2.1216842040228214,2.1216842040228214,-0.7899265136380493,12.392090659442726,12.415487303237,0.7618491090705258,0.5804140649915539,11.337582991329729,13.459267195352547,2.1216842040228183,2.1216842040228183,0.7899265136380507,NORMAL
91,SYNTHETIC,910000,919000,9000,6.746462554388815,7.386189946771326,3.006833040262687,9.041044932015353,1.6320348364253827,9.664203752606635,8.032168916181252,8.032168916181252,-1.864766627176401,119866.45386102141,120034.80903658959,6355.204106412212,40388619.23415864,110220.33334768456,129062.96759825051,18842.634250565956,18842.634250565956,18842.634250565956,34.51355963126646,34.621286575945874,2.729044842574758,7.447685752783886,30.344709928327628,38.543927909934986,8.199217981607358,8.199217981607358,0.044651994633596814,35.09298107621707,35.12547909135517,1.510615960957392,2.2819605814992245,33.04911345284916,38.654318556221,5.605205103371837,5.605205103371837,-0.8080364330312406,1.823638865459677,1.96719697659125,0.7377026725549379,0.544205233094698,0.5376168348447636,2.8352861061105195,2.2976692712657556,2.2976692712657556,0.8045720294229939,12.176361134540322,12.198687458568596,0.7377026725549385,0.5442052330946988,11.16471389388948,13.462383165155236,2.2976692712657556,2.2976692712657556,-0.8045720294229941,NORMAL
92,SYNTHETIC,920000,929000,9000,5.269816932491028,5.807928285650282,2.441528306059027,5.961060469287462,1.853405420608218,8.497011788594229,6.643606367986011,6.643606367986011,5.615733541564556,116845.70403763505,116913.4030124323,3978.0965167788086,15825251.89680769,110368.75605750388,124228.18695419484,13859.43089669096,13859.43089669096,-1097.701809116843,34.8264572854584,34.960373605673425,3.0570566877975924,9.345595592407985,30.074829961067667,39.99390036514527,9.919070404077605,9.919070404077605,-3.0210774052788807,35.535085951763094,35.65942558090104,2.975281358229734,8.852299160629371,31.388513867508298,39.22943419840175,7.84092033089345,7.84092033089345,6.920998810338617,1.3833702432915396,1.5083225271414173,0.6011020012092613,0.3613236158577787,0.6506527860282263,2.663374076970438,2.0127212909422116,2.0127212909422116,-0.28834164947221264,12.616629756708459,12.630940979741737,0.6011020012092612,0.36132361585777867,11.336625923029562,13.349347213971772,2.01272129094221,2.01272129094221,0.28834164947221375,NORMAL
93,SYNTHETIC,930000,939000,9000,5.285629808779173,5.940111180077098,2.710542077928691,7.347038356221985,1.883481681718322,9.285541939295271,7.402060257576949,7.402060257576949,-1.7216075118899044,120045.26287437005,120160.78612383222,5267.768343496613,27749383.32074505,110851.03635293552,126210.39431319595,15359.35796026043,15359.35796026043,-12029.15167606184,34.04888335206901,34.15003592472169,2.6264988362799997,6.898496136980192,30.111867530868768,38.81907217138927,8.707204640520505,8.707204640520505,-5.831076749269439,34.0070742024106,34.06488961686711,1.9838368887286293,3.9356088010804875,30.360249068362663,36.4910159918714,6.130766923508737,6.130766923508737,-4.3820995950461,1.6331593077477122,1.7596334809533096,0.6550577553230509,0.42910066280887404,0.6304587825687573,2.405175175111172,1.7747163925424148,1.7747163925424148,-1.5955962273303708,12.366840692252287,12.384177379638743,0.6550577553230511,0.4291006628088743,11.594824824888828,13.369541217431244,1.774716392542416,1.774716392542416,1.59559622733037,NORMAL
94,SYNTHETIC,940000,949000,9000,5.553712908952227,6.011580726716578,2.3011683464639456,5.2953757587676105,2.57953023664557,8.696261230729032,6.116730994083462,6.116730994083462,0.6580845443501988,120185.85780182546,120379.19543278171,6819.844388492004,46510277.48324588,110357.21918350362,128591.45831134444,18234.239127840818,18234.239127840818,14027.443036617973,35.85025183154574,35.985859670280334,3.121143992810941,9.741539823859823,31.686448818049787,39.866259175249645,8.179810357199859,8.179810357199859,-1.1133143387411621,33.589384459719206,33.71914568589205,2.955340488604757,8.734037403586605,30.73041274761759,38.81719423274771,8.086781485130121,8.086781485130121,2.2228630131497376,2.0334125132380527,2.1409887221278816,0.6701240626075766,0.44906625928568333,0.3493827505665092,2.9546974006484974,2.605314650081988,2.605314650081988,-0.4681898411540013,11.966587486761947,11.985336137865024,0.6701240626075763,0.4490662592856828,11.045302599351505,13.650617249433491,2.6053146500819864,2.6053146500819864,0.4681898411540022,NORMAL
95,SYNTHETIC,950000,959000,9000,5.689246336085011,6.119247235523051,2.253367004462386,5.077662856799786,2.4190357530969324,9.27216729510613,6.853131542009197,6.853131542009197,-0.009721607326785175,123331.822003309,123519.33491145853,6803.512204234614,46287778.31316934,110241.03726031852,129414.20322392428,19173.16596360576,19173.16596360576,-6762.010685437941,34.17665586734454,34.328701883978006,3.2273776915848194,10.415966764139357,30.11809088179005,39.14020063281312,9.02210975102307,9.02210975102307,7.604421963335554,36.14397815848937,36.29976330130242,3.359413432316014,11.285658609225262,30.689389517325548,39.89077935042258,9.201389833097029,9.201389833097029,-0.2945532674336704,1.552359500279781,1.750096712019831,0.8080955904555672,0.6530184833137318,0.8378041346913732,2.9457927703992466,2.1079886357078736,2.1079886357078736,1.363121228259401,12.447640499720219,12.47384353331357,0.808095590455568,0.653018483313733,11.054207229600753,13.162195865308629,2.1079886357078763,2.1079886357078763,-1.3631212282594003,NORMAL
96,SYNTHETIC,960000,969000,9000,4.996736891377286,5.632181426949912,2.598862840634111,6.754088064428802,2.1058419052431168,9.388208619165663,7.2823667139225465,7.2823667139225465,-2.8938866899848414,120266.51535372416,120359.09796135974,4719.930798711605,22277746.74462637,111500.34614703084,126979.56845249709,15479.222305466246,15479.222305466246,-2098.1275626247952,34.621172244154124,34.723313342088694,2.66137593990157,7.082921893486966,31.00761521121373,39.69793707750719,8.690321866293463,8.690321866293463,-6.139440304026884,33.08070427635697,33.13090568277506,1.8231609751073277,3.3239159411543016,30.90358876701418,36.947983112487606,6.044394345473425,6.044394345473425,-1.7219452379953744,0.9374812268224361,1.0679574367190587,0.511529115494947,0.2616620359990428,0.2258689799718355,1.9394528989982576,1.7135839190264222,1.7135839190264222,1.2949568744529205,13.062518773177564,13.072530693619171,0.5115291154949472,0.261662035999043,12.060547101001742,13.774131020028165,1.7135839190264228,1.7135839190264228,-1.2949568744529216,NORMAL
97,SYNTHETIC,970000,979000,9000,4.373298297468063,4.89003505455809,2.1878539339201506,4.786704836169879,1.2644802930983734,9.068265987136924,7.803785694038551,7.803785694038551,-0.5803218212990888,120268.1072866142,120408.18484577481,5806.319621733377,33713347.549726024,113496.1477246601,129389.17167451174,15893.023949851646,15893.023949851646,-1939.410494858559,36.45911192731224,36.52649329764912,2.217627131626005,4.917870094923783,31.28182073182804,39.30594270876904,8.024121976940997,8.024121976940997,4.059664600893548,33.435840993963836,33.55512547841444,2.8268326619213866,7.990982898505552,30.54774107390436,39.538498899501455,8.990757825597097,8.990757825597097,-3.0203436889257134,1.6785995475992235,1.8421192141297948,0.7587534236271065,0.5757067578658553,0.3982413209662448,2.759213175262709,2.3609718542964644,2.3609718542964644,0.804578665653318,12.321400452400777,12.344740413078272,0.7587534236271067,0.5757067578658557,11.240786824737292,13.601758679033756,2.360971854296464,2.360971854296464,-0.8045786656533167,NORMAL
98,SYNTHETIC,980000,989000,9000,5.944881164743507,6.562562688030512,2.7794994102190675,7.7256169714081455,1.4409388693330172,9.699714306972274,8.258775437639256,8.258775437639256,-1.7084924386084905,121930.49208822726,122076.86408406477,5976.273397526095,35715843.7219781,113011.96574486006,129746.25239914288,16734.286654282812,16734.286654282812,-14179.256923517896,33.28556932252884,33.36325342546248,2.2754239180338782,5.177554006760646,30.60707184601912,36.13605435046924,5.528982504450116,5.528982504450116,-0.03198115613450625,34.461335667306585,34.604376573972694,3.1431229849518716,9.879222098532765,30.718348697336086,39.96265062939133,9.24430193205524,9.24430193205524,9.08925247867349,1.3455406186977381,1.5677838572927252,0.8046531343517932,0.647466666622165,0.4886785162388679,2.774311388229682,2.2856328719908143,2.2856328719908143,-2.2611808020612543,12.654459381302262,12.680016123793022,0.8046531343517924,0.6474666666221638,11.225688611770318,13.511321483761131,2.2856328719908134,2.2856328719908134,2.2611808020612507,NORMAL
99,SYNTHETIC,990000,999000,9000,5.977717843925887,6.561900156184845,2.7065518724289683,7.325423038148753,1.0203171987633295,9.741642786018367,8.721325587255038,8.721325587255038,-3.0079487594116667,118777.18959323491,118883.25572703031,5020.7294879540095,25207724.59121093,111424.88954733184,126913.98801293944,15489.098465607603,15489.098465607603,8633.39243121627,35.449665916633805,35.54976378609317,2.66587539957762,7.1068916460731355,30.980798270909325,39.79243239586794,8.811634124958616,8.811634124958616,-6.927853037723352,33.12724456414566,33.231370016169016,2.6286157457526036,6.909620738818516,30.141265749098547,39.79621681124288,9.654951062144331,9.654951062144331,-7.99267959489805,1.417426920801453,1.5796779522737177,0.6973402018290628,0.486283357086998,0.2192584308961325,2.593846360165493,2.3745879292693606,2.3745879292693606,1.703385710602685,12.582573079198548,12.601881948759043,0.6973402018290629,0.48628335708699816,11.406153639834509,13.780741569103869,2.37458792926936,2.37458792926936,-1.7033857106026868,NORMAL
100,SYNTHETIC,1000000,1009000,9000,14.879269737255262,15.090236034721173,2.514469262010788,6.322555669597075,10.534197005837369,17.762838451325127,7.228641445487758,7.228641445487758,1.8284325387801346,155046.29715041217,155705.96557773766,14317.592550485551,204993456.44171935,133048.8557365589,172862.16839731467,39813.312660755764,39813.312660755764,20087.80495160623,45.55647157479322,45.65368682547488,2.977753920926923,8.867018413595664,40.11277045011759,49.025585838939136,8.91281538882155,8.91281538882155,-2.127103642626885,46.06766339049365,46.13907522312166,2.5660577127278366,6.584652185050016,40.35717784347095,48.98753428940688,8.63035644593593,8.63035644593593,0.282961546211169,19.17494892866916,23.31977185210408,13.271514337750425,176.13309281711508,3.480960291130656,40.57995960202314,37.09899931089248,37.09899931089248,-36.097095852771616,-5.174948928669162,14.244760062263218,13.271514337750425,176.1330928171151,-26.579959602023138,10.519039708869345,37.09899931089248,37.09899931089248,36.097095852771616,WARNING_1
101,SYNTHETIC,1010000,1019000,9000,14.274926219406016,14.376950079684555,1.7097295178642684,2.9231750242563836,12.049967913998822,17.28966410015215,5.2396961861533295,5.2396961861533295,2.004740646943784,154755.6203826965,155711.24575392614,17224.691991623975,296690014.20631504,130507.86831946584,177438.6714878554,46930.80316838957,46930.80316838957,9434.993015581713,44.03413786656248,44.183491435122825,3.62982337671411,13.175617746140224,40.154461622994006,49.767775833185325,9.61331421019132,9.61331421019132,4.74963863129225,45.44355969089399,45.526833812331134,2.7523589147805896,7.575479595772185,40.12235992814008,49.662685139353975,9.540325211213897,9.540325211213897,-3.369413691423432,31.88794495089324,33.18516991915664,9.18773472473499,84.41446937210112,15.93697131581106,44.89388912345777,28.956917807646708,28.956917807646708,15.763685219768398,-17.887944950893242,20.109526198751876,9.18773472473499,84.41446937210112,-30.893889123457768,-1.9369713158110609,28.956917807646708,28.956917807646708,-15.763685219768401,WARNING_1
102,SYNTHETIC,1020000,1029000,9000,15.927901215950149,16.133633219679886,2.5682841980770403,6.596083722092227,10.352765187670656,19.202785754249906,8.85002056657925,8.85002056657925,-8.85002056657925,159797.42908541503,160870.54897027035,18550.341875229806,344115183.6879044,135840.47459683812,178948.83395626186,43108.359359423746,43108.359359423746,-40256.67532618577,45.81394859711957,45.903569022295876,2.8670128923963296,8.219762925166767,41.09451247739838,49.868448592409685,8.773936115011303,8.773936115011303,-0.8614903506167622,45.26977817325513,45.345935657668186,2.626987783309286,6.901064813656236,42.03334604678406,49.62494945425972,7.5916034074756595,7.5916034074756595,3.924854455347088,27.24136110622532,30.55034853069048,13.828667340958646,191.23204042689625,4.096247616237124,45.692409784511554,41.59616216827443,41.59616216827443,-9.616800558475454,-13.241361106225323,19.145905159389905,13.828667340958644,191.23204042689622,-31.692409784511558,9.903752383762876,41.59616216827443,41.59616216827443,9.616800558475454,WARNING_1
103,SYNTHETIC,1030000,1039000,9000,15.027040228995736,15.396396731071544,3.3521775395545945,11.237094256694295,10.173818671095647,18.96773529882497,8.793916627729322,8.793916627729322,7.479784995301399,153417.0328726983,154283.3225510829,16326.593090381575,266557641.93889537,131032.69376733934,179704.52939788604,48671.8356305467,48671.8356305467,2862.184111814131,44.0704394966388,44.19525744825359,3.3192082626002133,11.017143490513527,40.10945780089246,49.27321846936585,9.163760668473394,9.163760668473394,9.163760668473394,44.60378035971448,44.68261443549008,2.6530756515816973,7.038810413015649,40.110811535692186,48.674352111497,8.563540575804815,8.563540575804815,2.4350369320379244,25.225078391573646,27.9799110361794,12.106644528170392,146.57084173147808,5.005060455633341,42.46562483992779,37.46056438429445,37.46056438429445,-12.529391685478249,-11.225078391573648,16.50979184085771,12.106644528170392,146.57084173147808,-28.46562483992779,8.994939544366659,37.46056438429445,37.46056438429445,12.529391685478249,WARNING_1
104,SYNTHETIC,1040000,1049000,9000,14.60449619552801,14.954600562355814,3.2169502412099367,10.34876885442067,11.592367246133326,19.98902633266879,8.396659086535463,8.396659086535463,7.321066550342362,152045.11988903733,152684.1721479159,13954.85372272605,194737942.42268106,130280.96634377317,179833.35524006272,49552.38889628956,49552.38889628956,2440.6221694115666,44.66251918817257,44.75685246157804,2.9043453709196982,8.43522203358268,40.94443609784509,49.627217497332055,8.682781399486963,8.682781399486963,-3.6480284562377676,45.9949572222602,46.07242597958858,2.670645196787337,7.132345767123274,41.78633699673814,49.7821853832611,7.995848386522958,7.995848386522958,5.166283599837385,18.776851230347365,21.828897951790953,11.132414098617868,123.93064366310588,5.911135488509928,45.66837994004292,39.75724445153299,39.75724445153299,12.100106831786464,-4.776851230347363,12.113998156677136,11.132414098617868,123.93064366310588,-31.66837994004292,8.088864511490073,39.757244451533,39.757244451533,-12.100106831786464,WARNING_1
105,SYNTHETIC,1050000,1059000,9000,14.232851768832663,14.412519364148569,2.268621816961653,5.146644948394391,10.649311266590717,18.186518668043103,7.537207401452386,7.537207401452386,-1.6833709704118238,152584.1626468821,153401.4801120577,15814.152203639143,250087409.9198648,131384.1813811347,174340.4101580923,42956.22877695761,42956.22877695761,22747.44194935856,44.550086689260716,44.630433678844675,2.6768239279241417,7.165386341107229,41.33813382850351,49.79865827139008,8.460524442886573,8.460524442886573,-5.672950604595911,46.78687562947654,46.82948858799537,1.9973157599844806,3.989270245082383,43.11581114228064,49.365694242671694,6.249883100391052,6.249883100391052,4.838386035335958,31.588532601362687,34.52375958753371,13.930347596182646,194.05458415047164,4.527779347837019,45.78218514503509,41.254405797198075,41.254405797198075,31.98813864229347,-17.588532601362694,22.43682382200453,13.930347596182646,194.05458415047164,-31.782185145035093,9.47222065216298,41.254405797198075,41.254405797198075,-31.988138642293478,WARNING_1
106,SYNTHETIC,1060000,1069000,9000,14.032417438414829,14.222529019039166,2.317669633809495,5.371592531482638,11.534650152897564,19.22702107566547,7.692370922767905,7.692370922767905,3.312128243166388,149674.69164586754,150058.4856498895,10725.474173786652,115035796.25256447,136824.3717569699,173501.42401697603,36677.05226000614,36677.05226000614,-24931.653228576703,44.56184017755636,44.668796242725485,3.0892972929213247,9.543757764051026,40.22212802804714,49.47909874584749,9.25697071780035,9.25697071780035,5.3189202574965435,44.972623625501505,45.0801317858588,3.1114957929235167,9.681406069380746,41.34355057767985,49.80624623380067,8.462695656120822,8.462695656120822,3.3077155951242503,28.04761573348324,29.658077548460998,9.640166779542236,92.93281553738971,11.468949122298612,42.4264467636883,30.957497641389686,30.957497641389686,-21.87651191909395,-14.04761573348324,17.03726278875206,9.640166779542238,92.93281553738974,-28.426446763688297,2.531050877701388,30.957497641389686,30.957497641389686,21.87651191909395,WARNING_1
107,SYNTHETIC,1070000,1079000,9000,14.563799038572451,14.747278352277727,2.319046434126613,5.377976363635359,11.580166220944456,19.84470871664021,8.264542495695753,8.264542495695753,4.18757866432855,152038.15121198137,152961.28930305882,16779.64842589805,281556601.29674286,130643.29958154616,175929.35386800749,45286.05428646132,45286.05428646132,-3121.3019015615573,45.31427560708384,45.41176654796828,2.974048959317389,8.844967212416844,41.24423018290132,49.93531033377566,8.691080150874342,8.691080150874342,2.8764171353541457,45.37311984057918,45.49004434719095,3.259467846418987,10.624130641839228,40.187356865464416,49.89176838276625,9.704411517301835,9.704411517301835,5.591155146668925,22.917137409184996,25.710296791089892,11.654362876385,135.82417405446083,4.408667790028421,38.2143960419164,33.805728251887984,33.805728251887984,5.120524700670472,-8.917137409184994,14.67445105033736,11.654362876384997,135.8241740544608,-24.2143960419164,9.59133220997158,33.805728251887984,33.805728251887984,-5.120524700670472,WARNING_1
108,SYNTHETIC,1080000,1089000,9000,15.048854650729629,15.319449471143676,2.866619228313646,8.217505800137522,10.610637489604285,19.37986718362997,8.769229694025684,8.769229694025684,1.1484810876163962,147940.9969733769,148521.59575015577,13119.672964520489,172125818.69596985,131653.9269680552,170019.05119709478,38365.12422903959,38365.12422903959,26866.797989181505,45.61118551574155,45.68393318384828,2.577112142480917,6.641506994922581,41.89308193886045,48.40504584114773,6.511963902287285,6.511963902287285,-4.7611407147078,44.16098627503172,44.26106333972307,2.9747301019482255,8.849019179436901,40.8613924720036,49.40179237726222,8.540399905258617,8.540399905258617,-1.0736559038410078,17.287614552216773,19.86827604841365,9.7921793401648,95.88677622995036,4.1536838416446855,38.276724395772845,34.12304055412816,34.12304055412816,-1.810953367739419,-3.2876145522167732,10.329336168113509,9.7921793401648,95.88677622995036,-24.276724395772845,9.846316158355314,34.12304055412816,34.12304055412816,1.810953367739419,WARNING_1
109,SYNTHETIC,1090000,1099000,9000,16.487627420988773,16.620698158691027,2.0989876867133974,4.405749308974459,13.502306421280483,19.94874941680081,6.446442995520325,6.446442995520325,4.450985052565057,150668.8109130819,151383.55028673267,14693.151991784605,215888715.4536839,133254.8162812486,178623.13676458405,45368.32048333544,45368.32048333544,3662.358802841336,44.71215215358033,44.77838274303187,2.4345453120729177,5.92701087653622,40.20142906779645,48.38580858695969,8.184379519163244,8.184379519163244,-4.649031287939735,44.60717648004776,44.73825766063052,3.4222076188972954,11.711504986838696,40.54157234648188,49.90321430418409,9.361641957702211,9.361641957702211,5.864905064181926,23.504312739728913,25.60343332933219,10.152983841343177,103.08308088257567,8.741947457816366,44.717967210071706,35.97601975225534,35.97601975225534,13.21117691424995,-9.504312739728913,13.907373639086172,10.152983841343177,103.08308088257567,-30.717967210071706,5.258052542183634,35.97601975225534,35.97601975225534,-13.21117691424995,WARNING_1
110,SYNTHETIC,1100000,1109000,9000,14.624777879701622,14.840233221742146,2.5196019616378798,6.348394045089451,10.325722450992195,18.3831440678789,8.057421616886703,8.057421616886703,2.706908356422833,159520.17547291302,160193.87637050872,14676.227161667406,215391643.70086414,136463.42519629202,178988.71394861265,42525.28875232063,42525.28875232063,2372.9273660758627,43.30709857373827,43.353173494152465,1.9982154885297538,3.992865138600203,40.543217950885314,46.45003725468302,5.906819303797704,5.906819303797704,-1.9020609643379558,44.93256841043859,45.0156599385843,2.733849986286715,7.473935747519873,40.35865845010657,48.41496226075756,8.056303810650995,8.056303810650995,3.9911360786262122,25.983205363640156,27.292949021970987,8.353328997879148,69.77810534680864,11.745189979372151,37.89939424515,26.15420426577785,26.15420426577785,2.8887450513965014,-11.983205363640156,14.607371979037945,8.353328997879148,69.77810534680866,-23.89939424515,2.2548100206278487,26.15420426577785,26.15420426577785,-2.888745051396501,WARNING_1
111,SYNTHETIC,1110000,1119000,9000,15.49006140502541,15.792155251521994,3.0741120924123546,9.450165156715865,10.6323696247287,19.36687045131475,8.73450082658605,8.73450082658605,3.310510594764528,151185.86719794603,152007.07945285778,15779.282727438525,248985763.39243978,130021.84542823827,177602.55899811423,47580.71356987595,47580.71356987595,-4220.960213024373,46.44606442388257,46.49330728217292,2.095404869494997,4.390721567103347,42.37588609700933,49.58340634441048,7.207520247401149,7.207520247401149,-3.0300413775063006,45.379916902343126,45.46257166811901,2.740176019034181,7.508564615290011,41.3559745662382,49.47089339138072,8.114918825142517,8.114918825142517,4.251930258983286,27.95322388721586,29.786647097109366,10.288907599882425,105.86161959891831,9.76130769080978,45.32454453173795,35.56323684092817,35.56323684092817,-5.707150415561941,-13.953223887215861,17.336495506465244,10.288907599882425,105.86161959891831,-31.32454453173795,4.238692309190219,35.56323684092817,35.56323684092817,5.707150415561941,WARNING_1
112,SYNTHETIC,1120000,1129000,9000,15.105832348973166,15.349967881099214,2.7267825354239883,7.435342995493275,10.514429101527696,19.768141902221007,9.253712800693311,9.253712800693311,3.504108128821148,143675.3723509285,144059.0412858508,10506.890882678643,110394756.02051559,130271.98457111008,164345.2258776813,34073.24130657123,34073.24130657123,3035.1913334460405,45.49582446897179,45.610354194395995,3.2302268692405813,10.434365626763809,40.16713783407292,49.97779741090532,9.8106595768324,9.8106595768324,-0.9361368586202659,45.374819251171616,45.42093528899726,2.0462503392260714,4.187140450782811,42.03421247332905,49.44799071380124,7.41377824047219,7.41377824047219,0.6320871340056442,30.587272412851053,32.53406268052157,11.08530562691651,122.88400084214683,14.133759061664753,44.28487292009579,30.15111385843104,30.15111385843104,1.7317494117970789,-16.587272412851057,19.950478864936464,11.085305626916512,122.88400084214686,-30.284872920095797,-0.1337590616647528,30.151113858431046,30.151113858431046,-1.7317494117970824,WARNING_1
113,SYNTHETIC,1130000,1139000,9000,13.7749496975998,14.05680707297156,2.8008187937348596,7.844585915338394,10.494867466860123,18.757605431220465,8.262737964360342,8.262737964360342,5.376931374447862,151345.49595484085,151856.2204656322,12443.976385784135,154852548.28995317,139159.84700108017,177844.4731272093,38684.62612612912,38684.62612612912,7876.792812736268,43.952516750230856,44.006441008699426,2.1778708806580416,4.743121572818234,41.39162879224704,47.14262441714958,5.7509956249025365,5.7509956249025365,-2.9137275551675117,45.59072839496648,45.669090252661576,2.6741893953395315,7.151288922146408,40.53748910969868,49.03800024496324,8.50051113526456,8.50051113526456,-3.23015829726846,20.856276533891723,23.346177676671694,10.490936147578116,110.05974125256117,4.20949706825807,34.59666613818256,30.387169069924493,30.387169069924493,2.2384091247114375,-6.85627653389172,12.532688026187975,10.490936147578116,110.05974125256117,-20.596666138182563,9.79050293174193,30.387169069924493,30.387169069924493,-2.2384091247114384,WARNING_1
114,SYNTHETIC,1140000,1149000,9000,16.187794283082862,16.370459072944552,2.4386977072901708,5.947246507542336,12.840352545171369,19.30131150995725,6.460958964785883,6.460958964785883,-3.412304974426556,155478.47600807872,156092.9538877759,13836.6813801793,191453751.61660054,134794.88100551657,175921.26825686247,41126.38725134591,41126.38725134591,27194.368695157464,46.043469940947666,46.098470303426474,2.2511863789881335,5.067840112941704,41.03932366884952,48.53475653325283,7.495432864403313,7.495432864403313,1.7708324462581047,43.79556072664535,43.84633498376955,2.1094909688484664,4.449952147653241,41.01796104299603,48.28094608170643,7.262985038710404,7.262985038710404,-1.8797401296100134,21.210372804306584,24.18628742127221,11.62310564034939,135.0965847267218,5.238288039081826,43.596704303184985,38.35841626410316,38.35841626410316,-13.839050883319942,-7.2103728043065844,13.67794066019464,11.62310564034939,135.0965847267218,-29.596704303184985,8.761711960918174,38.358416264103155,38.358416264103155,13.839050883319942,WARNING_1
115,SYNTHETIC,1150000,1159000,9000,13.243679990773705,13.412827621851667,2.123413552628704,4.508885115487254,10.136882529968444,16.61849091921443,6.481608389245986,6.481608389245986,-3.5309748638714176,150583.45184362266,151363.75551690123,15349.60960544639,235610515.0396121,130198.2940553997,176575.01547479516,46376.72141939546,46376.72141939546,6339.390754324413,46.62693586458171,46.706166535376596,2.7193463020580557,7.394844310516822,41.73805040031165,49.992673026884,8.254622626572349,8.254622626572349,-3.8909132164062115,45.805141442093884,45.874273652150514,2.517538595963076,6.338000582163735,42.22592856892339,49.73897428585544,7.513045716932048,7.513045716932048,-1.6636821823289907,23.61211716134581,26.109299846143013,11.142865951571094,124.1634616146824,7.713607607534902,44.813880763125454,37.10027315559055,37.10027315559055,2.6570425401158744,-9.612117161345807,14.71585056794615,11.142865951571094,124.1634616146824,-30.813880763125454,6.286392392465098,37.10027315559055,37.10027315559055,-2.657042540115875,WARNING_1
116,SYNTHETIC,1160000,1169000,9000,15.468215740182703,15.74724608499515,2.9512812601578893,8.710061076559139,11.329085127815716,19.912880304684883,8.583795176869167,8.583795176869167,-6.527935314633607,159068.97071666797,159269.65550302403,7992.854258134552,63885719.191779636,147055.76086911347,174578.89724114025,27523.136372026784,27523.136372026784,460.503456437611,45.27238487262923,45.34391068588312,2.5458602149129783,6.481404233876757,40.31586730002715,49.32397335248754,9.008106052460391,9.008106052460391,-5.589015801280368,44.76517438530509,44.826514693531195,2.3442657320774805,5.495581822592766,42.10391279582596,49.76355572639886,7.6596429305729,7.6596429305729,0.01331289409080938,22.57274513913439,24.518678690623943,9.57271025455913,91.63678161774153,8.445647397563945,40.244076435143896,31.79842903757995,31.79842903757995,-0.9546287997024976,-8.572745139134387,12.850242831880408,9.572710254559132,91.63678161774155,-26.244076435143896,5.554352602436055,31.79842903757995,31.79842903757995,0.9546287997024971,WARNING_1
117,SYNTHETIC,1170000,1179000,9000,13.741211323411676,14.043915532955973,2.9001163532080443,8.410674862144726,10.142399825266056,18.388381127130383,8.245981301864328,8.245981301864328,-1.86237592385773,157552.8892393171,157994.86092352017,11809.452594678178,139463170.58595115,147959.86327608037,179531.2480436514,31571.384767571028,31571.384767571028,-27508.650629571668,45.1827764594417,45.28277384440736,3.007709836381245,9.046318459864496,40.15673591705991,49.73330046982278,9.576564552762868,9.576564552762868,-1.7687083001143264,45.92524135796858,45.98421411298744,2.328122376810478,5.42015380140567,40.84755276334894,49.6503072295967,8.802754466247755,8.802754466247755,-5.670356577117694,23.374236684076983,27.608542414582484,14.692742211532531,215.87667369454985,4.162560988327924,45.89460105872753,41.732040070399606,41.732040070399606,-5.791287166257421,-9.374236684076983,17.428510754038754,14.692742211532531,215.87667369454985,-31.89460105872753,9.837439011672076,41.732040070399606,41.732040070399606,5.791287166257421,WARNING_1
118,SYNTHETIC,1180000,1189000,9000,14.714292149790339,15.052265538221537,3.17179828547624,10.060304363750014,10.131756137783322,18.959687035616653,8.827930897833332,8.827930897833332,-0.8454818356104248,155894.25179676546,156382.47018022512,12347.438454824829,152459236.39568695,131836.5726668349,170569.2361951867,38732.66352835181,38732.66352835181,28711.26804022878,43.68324777501527,43.72267953224258,1.8564938205682435,3.4465693058080737,40.76620909253844,46.93040629315952,6.164197200621082,6.164197200621082,3.959872582265426,45.143015807467826,45.21520014468119,2.553908363721781,6.522447930288065,40.43600136966328,49.29317601840605,8.85717464874277,8.85717464874277,5.4154001133044005,30.632138694197117,32.58310626060527,11.105444277892078,123.3308926093659,7.382616129861777,45.35846806689585,37.97585193703408,37.97585193703408,9.955811196903284,-16.63213869419712,19.99897322745283,11.105444277892078,123.33089260936588,-31.358468066895853,6.617383870138223,37.97585193703408,37.97585193703408,-9.955811196903284,WARNING_1
119,SYNTHETIC,1190000,1199000,9000,16.06542321286804,16.24007893789145,2.375361214717921,5.642340900386197,11.311847592531624,19.744786245069637,8.432938652538013,8.432938652538013,-0.6488703386412933,152515.8431779586,153316.4151418667,15647.387375199447,244840731.66955104,132208.21329946647,179488.47189988886,47280.258600422385,47280.258600422385,7498.9304947036435,46.04787839662584,46.11305870023299,2.4509340792222556,6.007077860693046,41.393638038888696,49.564244266468,8.170606227579306,8.170606227579306,1.6426338593215277,45.51367203912305,45.60090211455439,2.81920754403079,7.947931176320121,41.22830881170292,49.25346627785463,8.025157466151711,8.025157466151711,-4.611001792170505,19.279351838702503,20.1625146207505,5.9019986878595665,34.833588511496046,9.369208914014589,27.355449745814752,17.986240831800163,17.986240831800163,1.4998745996725944,-5.279351838702504,7.918657989098126,5.9019986878595665,34.833588511496046,-13.355449745814752,4.630791085985411,17.986240831800163,17.986240831800163,-1.4998745996725944,WARNING_1
120,SYNTHETIC,1200000,1209000,9000,12.45306029114537,12.717121908541136,2.5780766128638066,6.646479021795317,10.295217545713708,19.30585698513436,9.01063943942065,9.01063943942065,-1.8228272423532985,150683.96562553686,151162.54359619922,12019.030320074065,144457089.8348597,131570.54960437497,172302.67880842695,40732.12920405198,40732.12920405198,17006.184057197155,44.155232698161626,44.242936616492614,2.7843968506987276,7.752865822180992,40.15583089974292,49.823828258909344,9.667997359166428,9.667997359166428,2.4656843754272018,44.908579386208395,45.00124321361818,2.8864144338323445,8.331388283835693,40.317569121516094,49.81094037445782,9.493371252941728,9.493371252941728,9.295699956321108,23.818511834206543,26.856710274928023,12.408117536322232,153.9613807951873,4.352534358471722,44.38609700798093,40.03356264950921,40.03356264950921,24.994019006548207,-9.818511834206543,15.822912356252285,12.40811753632223,153.96138079518727,-30.38609700798093,9.647465641528278,40.03356264950921,40.03356264950921,-24.994019006548207,WARNING_1
121,SYNTHETIC,1210000,1219000,9000,14.309423833549667,14.587727390964963,2.8358737604044015,8.0421799849502,10.47487455476697,19.630669136507727,9.155794581740757,9.155794581740757,-3.2522982616233307,150135.21713020565,150574.79040289798,11497.133648986415,132184082.14265569,131617.4109633758,167499.4062210419,35881.9952576661,35881.9952576661,20201.10004930498,45.369111080533095,45.435987357816025,2.464286294623053,6.072706941867017,40.77580474496381,48.17113047262261,7.3953257276588005,7.3953257276588005,-3.154259722642635,45.67292421904532,45.75046594252906,2.662541500118848,7.0891272398551255,40.72291498840387,49.735934568137225,9.013019579733353,9.013019579733353,3.794993453614275,25.585034063401075,30.40260999958269,16.4232982911878,269.724726761332,3.372928613123705,45.69188159312807,42.31895298000437,42.31895298000437,-33.603175210417255,-11.585034063401073,20.09820243234442,16.423298291187795,269.72472676133197,-31.691881593128077,10.627071386876295,42.31895298000437,42.31895298000437,33.60317521041725,WARNING_1
122,SYNTHETIC,1220000,1229000,9000,12.435087923590507,12.563455049158906,1.7913657093988191,3.2089911048099347,10.144045345607744,15.65252957207024,5.508484226462496,5.508484226462496,1.3218670492524875,148390.31746801815,148584.30152689214,7590.015940378403,57608341.97519825,135672.4621367886,158252.9072631603,22580.44512637169,22580.44512637169,-545.2696368002216,43.428842947190546,43.5201187407738,2.8171502408124574,7.936335479309688,40.36620743907154,49.88775434855982,9.52154690948828,9.52154690948828,7.670614841545415,45.262281518710424,45.35775020416001,2.9413220333692123,8.651375303983198,41.46178576398825,49.49869419786096,8.036908433872703,8.036908433872703,3.4152498251343175,29.4648625009782,32.19075732249272,12.9640554917845,168.06673479406783,5.204210125493964,45.88405316132422,40.67984303583025,40.67984303583025,-25.199279191367882,-15.464862500978194,20.179908497518745,12.9640554917845,168.06673479406783,-31.884053161324218,8.795789874506035,40.67984303583025,40.67984303583025,25.19927919136788,WARNING_1
123,SYNTHETIC,1230000,1239000,9000,15.208727472592704,15.401181666933565,2.4271393454629924,5.891005402294522,11.166122310729026,19.162839670219427,7.9967173594904,7.9967173594904,-2.3306587964164365,156814.0728409981,157359.87363168667,13094.899327545347,171476388.3985476,133755.39394227893,175396.7482078068,41641.35426552789,41641.35426552789,-17100.568532760866,44.85455396006553,44.905361673744274,2.135531805745663,4.5604960933513325,42.04802125264222,48.48030392790864,6.432282675266421,6.432282675266421,5.380640551798187,45.50749152795937,45.60000820054099,2.903267593955553,8.428962722112464,41.19122952797367,49.26138273623384,8.070153208260173,8.070153208260173,1.4059466215418723,27.03336515495737,30.098082970849013,13.232224564254038,175.09176691884798,5.928027588771682,44.32777552827163,38.399747939499946,38.399747939499946,38.399747939499946,-13.03336515495737,18.573108899193613,13.232224564254038,175.09176691884798,-30.32777552827163,8.071972411228318,38.399747939499946,38.399747939499946,-38.399747939499946,WARNING_1
124,SYNTHETIC,1240000,1249000,9000,13.811216069438526,13.982866287763013,2.1842299111454224,4.77086030474234,11.119096565769258,18.23651758269713,7.117421016927871,7.117421016927871,6.763312311424917,154002.61957225963,154918.3651036757,16819.423630958387,282893011.2776414,131861.26470563374,178176.10468159476,46314.83997596102,46314.83997596102,-13071.508409892354,46.3359919376954,46.39841102420157,2.405908709942395,5.788396720576678,42.049851229688365,49.87325266493496,7.823401435246595,7.823401435246595,0.3159037251941825,44.21762790826999,44.374450904192834,3.727368403364962,13.893275214403468,40.61779227679784,49.94652345817397,9.328731181376128,9.328731181376128,-0.06769691105983355,21.662041870141156,23.483275519303415,9.067533905741213,82.22017113176648,4.342423900487701,38.64761254831932,34.30518864783162,34.30518864783162,22.8746454562131,-7.662041870141155,11.871270224856422,9.067533905741213,82.22017113176648,-24.64761254831932,9.657576099512298,34.30518864783161,34.30518864783161,-22.874645456213095,WARNING_1
125,SYNTHETIC,1250000,1259000,9000,14.928003195913812,15.143620623950444,2.5463633253965003,6.483966184924324,10.715177922925385,18.77058466568404,8.055406742758656,8.055406742758656,-2.824515918425936,155730.45417718656,156377.26897171003,14208.303657289118,201875892.81773534,135537.89627349432,175988.95099069833,40451.05471720401,40451.05471720401,-29394.970825825032,45.266448498619,45.34804690018237,2.719190685298208,7.3939979830125395,40.58371307690469,49.08961146425053,8.505898387345844,8.505898387345844,-4.790187465541649,45.37519738315842,45.44277156795246,2.477286866013421,6.136950216522597,41.47006524363172,48.35029022843044,6.880224984798716,6.880224984798716,1.7101298143065904,26.108389502978202,28.032326023323858,10.206042320052266,104.16329983869784,12.080309290682528,41.7104761267347,29.63016683605217,29.63016683605217,8.073863965457285,-12.1083895029782,15.835921071871082,10.206042320052266,104.16329983869784,-27.710476126734697,1.9196907093174715,29.63016683605217,29.63016683605217,-8.073863965457285,WARNING_1
126,SYNTHETIC,1260000,1269000,9000,15.346697709964095,15.615525137688213,2.885046745679389,8.323494724755232,10.592413778658578,19.177870200031663,8.585456421373085,8.585456421373085,-1.5879653881566576,150074.69483166363,151109.99975076655,17658.369003385014,311817995.85970867,131404.47252568594,174245.89824356092,42841.42571787498,42841.42571787498,-42841.42571787498,45.16559749644278,45.265845415821545,3.0109075041212647,9.065563998373744,40.32181410530459,49.13783953043352,8.816025425128927,8.816025425128927,-5.209346784426479,46.09649302289436,46.20069425892104,3.101206377613637,9.617480996551496,40.92657454235897,49.648961510265046,8.722386967906075,8.722386967906075,-0.17233619884980556,31.506126830878394,33.99258400401114,12.7616511230467,162.8597393863591,7.949958514794483,45.34890429333942,37.39894577854494,37.39894577854494,-4.819301948008224,-17.506126830878394,21.663891986555868,12.761651123046702,162.85973938635914,-31.348904293339423,6.050041485205517,37.39894577854494,37.39894577854494,4.819301948008224,WARNING_1
127,SYNTHETIC,1270000,1279000,9000,16.892459209081732,17.045288092235992,2.2774257434287386,5.186668016831942,11.860082465049668,19.567765406726835,7.707682941677167,7.707682941677167,-2.226965680154912,148703.20792107738,149363.06649294854,14024.321236972,196681586.15778384,131291.8238935793,167496.35815287643,36204.53425929713,36204.53425929713,-20098.82731571712,45.947600226796325,46.026026836642316,2.685736354489015,7.213179765823943,40.308334416527416,49.19177400296511,8.883439586437696,8.883439586437696,-1.1904633306956924,45.446924316840565,45.525522222307245,2.6739939702916296,7.150243753155992,41.65395776837357,49.75031633777076,8.09635856939719,8.09635856939719,-1.6441645530524411,25.201252599001315,29.293391617671016,14.933173135926877,222.99965990756817,5.030731119378961,42.81952550082155,37.788794381442585,37.788794381442585,36.9574030986819,-11.201252599001311,18.6672901004458,14.933173135926877,222.99965990756817,-28.81952550082155,8.969268880621039,37.788794381442585,37.788794381442585,-36.9574030986819,WARNING_1
128,SYNTHETIC,1280000,1289000,9000,15.24025008128562,15.517300691093833,2.9191434013584927,8.52139819769483,11.21163367502236,19.86299710716071,8.651363432138348,8.651363432138348,-3.456506437564098,158061.55991646973,158685.06313180266,14053.203831029014,197492537.91644853,134332.87297557353,178427.77199032687,44094.89901475335,44094.89901475335,6051.145575290837,44.670990576428906,44.79730904705324,3.361770185155155,11.301498777798127,40.95012090010458,49.3315526914439,8.381431791339324,8.381431791339324,-5.261135236387183,44.21028805579211,44.26368901499455,2.1736134062967976,4.724595240033167,41.14650552729901,49.15789621652847,8.011390689229458,8.011390689229458,-2.2048020687865133,24.991204496570692,28.54717884415861,13.797866420971095,190.38111777096168,6.511867136426509,45.65253318641708,39.14066604999057,39.14066604999057,-37.33219948666956,-10.991204496570692,17.64051286262385,13.797866420971095,190.38111777096168,-31.65253318641708,7.488132863573491,39.14066604999057,39.14066604999057,37.33219948666956,WARNING_1
129,SYNTHETIC,1290000,1299000,9000,15.292394722053777,15.543916355344912,2.7849594838813814,7.75599932686085,11.016333493509496,19.914840683967647,8.898507190458151,8.898507190458151,-2.3714682661164517,165838.37389731998,166418.90132900496,13888.28508656822,192884462.6457932,136584.70592510584,179551.49922149844,42966.7932963926,42966.7932963926,12272.774067794991,45.6005871927069,45.70038015387677,3.018475424645722,9.111193889190172,40.8844115411689,49.84055717138405,8.956145630215147,8.956145630215147,2.7194878272948557,44.6155855325798,44.7119789395338,2.934380390196608,8.610588274370397,40.12384062378793,49.49638864415843,9.372548020370502,9.372548020370502,-3.9438234208263623,21.941854801380796,25.73897371545683,13.455473822950273,181.04977580010004,6.637341701220466,43.17036713651133,36.53302543529087,36.53302543529087,-13.316918279494207,-7.941854801380795,15.624430661189395,13.455473822950273,181.0497758001,-29.170367136511324,7.362658298779534,36.53302543529086,36.53302543529086,13.316918279494207,WARNING_1
130,SYNTHETIC,1300000,1309000,9000,14.685896644557392,14.94200014482169,2.7545976245596044,7.587808073229416,10.221342338463767,19.98708537595179,9.765743037488022,9.765743037488022,-2.6953001880191376,153996.7224221346,154516.99000471202,12669.241625145047,160509683.3563079,134444.2693418478,172430.92619903554,37986.65685718774,37986.65685718774,25249.42853677884,44.88822133368812,44.9523628227816,2.4005226199360825,5.762508848824794,40.81865512060429,48.802538871679104,7.9838837510748135,7.9838837510748135,-0.6112355962372433,45.39950798433516,45.46770488619567,2.4893497943177647,6.1968623984698965,41.28238755924383,49.706328294657,8.423940735413169,8.423940735413169,2.6288841027888736,25.437783978505713,28.021540346586704,11.752696271846082,138.12586965826478,3.6736645108712223,42.91367086778088,39.24000635690966,39.24000635690966,-6.247135503841353,-11.437783978505712,16.399657679269612,11.752696271846082,138.12586965826478,-28.91367086778088,10.326335489128777,39.24000635690966,39.24000635690966,6.24713550384136,WARNING_1
131,SYNTHETIC,1310000,1319000,9000,14.154629486277809,14.322449278807532,2.186096395452228,4.779017450209224,10.496309501712712,19.18763076606641,8.691321264353697,8.691321264353697,-0.9629923915483047,158161.41135035764,158645.23483843837,12380.569316724579,153278496.6062221,137635.53198129535,177601.63289596268,39966.10091466733,39966.10091466733,22177.17564110947,44.84911199225799,44.91605117661629,2.451286765418385,6.00880680631533,41.80786818321294,49.71124323358564,7.903375050372702,7.903375050372702,-0.5920510193051172,44.877487705875616,44.974338845348974,2.9499579294032126,8.702251785248889,40.40780182459905,49.19556976970333,8.787767945104285,8.787767945104285,-4.614466882654668,23.783712322279126,26.90465710533902,12.577583318226818,158.19560212693753,7.197127208411146,43.47887668503589,36.281749476624746,36.281749476624746,-5.6335982976118135,-9.783712322279126,15.934761652815956,12.577583318226816,158.1956021269375,-29.478876685035893,6.802872791588854,36.281749476624746,36.281749476624746,5.6335982976118135,WARNING_1
132,SYNTHETIC,1320000,1329000,9000,14.280164151219145,14.598668011528776,3.032823688424569,9.198019525069206,10.507416680518762,19.220181976911853,8.71276529639309,8.71276529639309,2.5474902942898137,152224.90455745632,152757.2545528455,12741.948477220974,162357250.9961539,135496.01567990764,173262.15226322503,37766.13658331739,37766.13658331739,946.1637883677904,44.64151205262635,44.74613308218787,3.0580757780152297,9.351827464083453,40.464830252039526,49.6836596093024,9.218829357262877,9.218829357262877,3.750824552766666,45.25611819390279,45.35860580406402,3.047439336224974,9.28688650797131,40.46176777088771,49.39220104566809,8.930433274780377,8.930433274780377,4.3471880859523395,20.55654609441093,23.04991411627122,10.427221750583326,108.726953435838,5.304212686075845,34.861482983462686,29.557270297386843,29.557270297386843,-5.971397064089327,-6.556546094410931,12.317274460040794,10.427221750583326,108.726953435838,-20.86148298346269,8.695787313924155,29.557270297386843,29.557270297386843,5.971397064089329,WARNING_1
133,SYNTHETIC,1330000,1339000,9000,15.561712825931654,15.750112695126234,2.4288153145949067,5.899143832410756,11.692180986848072,18.31134274561572,6.619161758767646,6.619161758767646,-4.8382326952274415,155638.37415161944,156029.39257828123,11039.376784398703,121867839.78792103,137546.83684671423,177880.6586837612,40333.82183704697,40333.82183704697,13847.948786135792,45.61607721128905,45.69490742131991,2.6829208144692203,7.198064096712185,41.40821539489525,49.02897496223682,7.6207595673415724,7.6207595673415724,6.834697015096879,44.52082813285101,44.59897803038472,2.6390725112965545,6.964703719881103,40.89477523725986,48.29762730110828,7.402852063848421,7.402852063848421,5.363321209391167,24.579523561215964,26.14097454576602,8.899301753846554,79.19757170601635,5.123788474498417,38.63303007296406,33.50924159846564,33.50924159846564,-13.377050503463682,-10.579523561215964,13.824756435045794,8.899301753846554,79.19757170601635,-24.63303007296406,8.876211525501583,33.50924159846564,33.50924159846564,13.377050503463686,WARNING_1
134,SYNTHETIC,1340000,1349000,9000,14.597415714351621,14.86696085823659,2.818151809739711,7.941979622739209,10.519160561030844,18.70058318045498,8.181422619424136,8.181422619424136,-1.3454372697755286,164493.37484662796,164835.08245791888,10608.206279841146,112534040.47566113,144204.0255439676,177735.29089038968,33531.265346422064,33531.265346422064,-9210.93274616939,43.88782950952543,43.944343107381435,2.2279389762942468,4.963712082091057,40.63896023120464,48.791476228985374,8.152515997780732,8.152515997780732,-4.1256643956548515,44.00186340030271,44.084275284448935,2.6943171038642384,7.259344656175378,40.32928572787343,48.33662451460575,8.00733878673232,8.00733878673232,-1.1182494578693394,21.358154863510222,25.31579096858314,13.59111817295804,184.7184931913103,3.2812922341989896,38.96978035148472,35.68848811728573,35.68848811728573,-1.333500983204618,-7.358154863510222,15.455126534153948,13.59111817295804,184.7184931913103,-24.969780351484715,10.71870776580101,35.68848811728573,35.68848811728573,1.3335009832046172,WARNING_1
135,SYNTHETIC,1350000,1359000,9000,17.032830219263563,17.137461002122055,1.890836936649023,3.5752643209962613,13.70096639763822,19.290240617661524,5.589274220023304,5.589274220023304,-0.9319584525360334,159563.74064982595,159969.14068978655,11381.504420057956,129538642.86379878,143681.05231675575,177138.286869798,33457.234553042246,33457.234553042246,-15023.77834294294,44.4340674654333,44.51823691771527,2.7362504891089543,7.4870667391489905,40.46485597230684,49.53417048884564,9.069314516538796,9.069314516538796,6.128575012364308,46.00213822503451,46.10218361604074,3.0355580857486197,9.214612891953823,41.24365981739179,49.048809467162336,7.805149649770549,7.805149649770549,-7.358053778660505,27.38851341465188,29.428675593348448,10.766442314617077,115.91628011397711,6.097867593368022,45.27236758725911,39.17449999389109,39.17449999389109,-30.322308153633756,-13.388513414651877,17.18047064455134,10.766442314617077,115.91628011397711,-31.27236758725911,7.902132406631978,39.17449999389109,39.17449999389109,30.322308153633752,WARNING_1
136,SYNTHETIC,1360000,1369000,9000,15.996843606300065,16.293062773360216,3.092715501340748,9.564889172233356,10.864933699511171,19.52314124210494,8.65820754259377,8.65820754259377,-3.2561934965617922,153793.63818575986,154171.67384999536,10789.896723181628,116421871.29692563,136453.31709598994,173460.5213337139,37007.204237723956,37007.204237723956,17692.588354841748,46.07719285262117,46.18730191553772,3.187343260364478,10.15915705939086,41.00555533171709,49.26194379026819,8.2563884585511,8.2563884585511,4.41920658087443,44.845388383891155,44.943636626226024,2.970120180768082,8.821613888205823,41.25878778139148,49.8158335950379,8.557045813646418,8.557045813646418,-0.5419895834005359,28.625214140119237,29.84883220321498,8.458717357141175,71.54989932800139,14.36415486487299,38.13201331163087,23.76785844675788,23.76785844675788,21.086542802037396,-14.625214140119235,16.89517055173889,8.458717357141175,71.54989932800139,-24.13201331163087,-0.3641548648729902,23.76785844675788,23.76785844675788,-21.086542802037396,WARNING_1
137,SYNTHETIC,1370000,1379000,9000,15.173319962593542,15.478542226199854,3.0586975595851746,9.355630761012302,10.399170117138365,19.970560980227813,9.571390863089448,9.571390863089448,6.76863539079295,155124.10280198275,155906.45354053698,15599.198231559907,243334985.46750173,132581.33164094816,178666.62215305923,46085.29051211107,46085.29051211107,-20916.790959249105,45.05455846937951,45.14189514114581,2.8066809693063672,7.87745806346653,40.88427355562367,49.57646957717246,8.692196021548789,8.692196021548789,0.5178180697160357,45.233856968226135,45.266548319298494,1.720052476363917,2.9585805214456427,42.13902021350866,48.38040487608027,6.241384662571612,6.241384662571612,0.010235809081954983,25.024359536278638,28.96394742991572,14.583952842833174,212.69168052198182,6.711259472413,45.94653826771373,39.23527879530073,39.23527879530073,-30.735484873450396,-11.024359536278636,18.281908645081877,14.583952842833174,212.69168052198182,-31.94653826771373,7.288740527587,39.23527879530073,39.23527879530073,30.735484873450392,WARNING_1
138,SYNTHETIC,1380000,1389000,9000,14.622067475611548,14.912958582539883,2.9311220416783987,8.591476423212944,10.951389819186032,19.308801094573223,8.357411275387191,8.357411275387191,7.0395460211353384,158111.06010906954,158887.5261102118,15688.80571010529,246138624.6094323,136419.77982466173,178812.23827274312,42392.458448081394,42392.458448081394,-25204.402341274777,43.65240952427646,43.75192577142406,2.949262862658824,8.698151433058522,40.44115535410553,49.45546859615395,9.014313242048416,9.014313242048416,-1.3074804912419253,44.64722002795566,44.706156035383515,2.2948052717764384,5.266131235372934,41.17239447495513,49.73620531848296,8.563810843527833,8.563810843527833,0.6855231316086972,25.633876965725097,28.168163452972777,11.676891025416808,136.3497840194596,3.6545234793176737,42.91048786237793,39.25596438306025,39.25596438306025,-19.373078590060253,-11.633876965725094,16.483230183222233,11.676891025416808,136.3497840194596,-28.910487862377927,10.345476520682324,39.25596438306025,39.25596438306025,19.373078590060253,WARNING_1
139,SYNTHETIC,1390000,1399000,9000,14.657528401318606,14.841875658788178,2.3319807536657295,5.438134235467385,10.504272413684625,19.78586520000252,9.281592786317894,9.281592786317894,-5.158318151756179,154471.75049087816,155035.19812871897,13205.716909544635,174390959.0950331,136668.32690981947,170684.10485570235,34015.77794588287,34015.77794588287,33850.64300377361,45.507015501461225,45.62116570651029,3.225259767931564,10.402300570637967,40.24070899278896,49.99862239725809,9.757913404469129,9.757913404469129,5.034444160792049,45.977198079152615,46.038063492584016,2.3665474720702586,5.600546937562132,40.702539573736445,49.828183048132914,9.125643474396469,9.125643474396469,1.2541144904603385,31.11298776450779,32.04575308974528,7.675433763280624,58.91228345450817,12.159489868551058,40.137121865500205,27.97763199694915,27.97763199694915,1.6496122165692881,-17.112987764507785,18.755442774904072,7.675433763280625,58.91228345450818,-26.137121865500205,1.8405101314489425,27.97763199694915,27.97763199694915,-1.6496122165692846,WARNING_1
140,SYNTHETIC,1400000,1409000,9000,14.315974739188851,14.510285480044782,2.366696427365614,5.601251979305161,11.550735828347287,18.19931789340317,6.648582065055882,6.648582065055882,1.3493323095046108,149233.81487325625,149954.6754817106,14685.816191135995,215673197.19983214,130121.56746018644,178110.73056702467,47989.16310683823,47989.16310683823,2537.321754266246,44.57498868426025,44.64276038745557,2.4589507538465427,6.04643880984248,40.23541857830941,49.5980608441876,9.362642265878193,9.362642265878193,-3.226221376821975,46.35308005378197,46.42360525693338,2.5579473370755093,6.543094579251689,41.77758647811107,49.33089923008879,7.553312751977721,7.553312751977721,1.754560704367421,27.127054090869414,28.05102307470499,7.140226319149583,50.98283188867641,8.533772082783685,33.54185971249507,25.008087629711383,25.008087629711383,-0.8048082233013538,-13.127054090869416,14.943305557783656,7.1402263191495825,50.9828318886764,-19.541859712495068,5.466227917216315,25.008087629711383,25.008087629711383,0.8048082233013538,WARNING_1
141,SYNTHETIC,1410000,1419000,9000,14.308011800762623,14.58889007420771,2.8489492635976865,8.1165119065538,10.409644787620582,19.603429951509547,9.193785163888965,9.193785163888965,0.8490065897930652,155354.0930912783,156069.5536242285,14926.865988959784,222811328.25236434,130901.32494212622,177339.39628887112,46438.07134674491,46438.07134674491,33644.14319906915,45.374617664886905,45.46304694990318,2.8342035449901,8.032709734434452,41.042063936707166,48.78858448838342,7.746520551676255,7.746520551676255,-6.61778923900647,45.308594541836996,45.40385738832004,2.9396473227792104,8.64152638232298,40.97921985917888,49.437128643176,8.45790878399712,8.45790878399712,-5.862996707240839,28.713518982190454,30.741922825248334,10.981787042777372,120.59964665291298,13.684390279402322,44.96400935495839,31.27961907555607,31.27961907555607,27.18155188069509,-14.713518982190454,18.359937023099825,10.981787042777372,120.59964665291298,-30.964009354958392,0.3156097205976778,31.27961907555607,31.27961907555607,-27.18155188069509,WARNING_1
142,SYNTHETIC,1420000,1429000,9000,16.57568655805295,16.812497679283478,2.8118843050692846,7.906693345094974,10.160293768783754,19.51142390357446,9.351130134790706,9.351130134790706,2.1404385678057114,147684.0479910892,148206.0000410902,12427.405889616894,154440417.14528465,131126.91958092034,169143.1029745546,38016.183393634274,38016.183393634274,-10238.653944868332,44.75354590110392,44.862503100911916,3.1247901940956178,9.764313757116128,41.14565009295767,49.92725276554541,8.781602672587738,8.781602672587738,8.150860222168589,46.257951930773444,46.32837683849645,2.5535041922792674,6.520383659987795,42.41652023304494,49.67027301661908,7.253752783574136,7.253752783574136,3.091366920118041,21.754097262795312,25.044561849811426,12.409243753342562,153.98933052987138,4.570857990894083,38.87274718187047,34.30188919097639,34.30188919097639,33.40798704461004,-7.75409726279531,14.632681056141458,12.40924375334256,153.98933052987135,-24.872747181870466,9.429142009105917,34.30188919097638,34.30188919097638,-33.40798704461004,WARNING_1
143,SYNTHETIC,1430000,1439000,9000,14.893952946640152,15.149662441121421,2.771721072401449,7.682437703194239,11.009295359192292,19.445081334294755,8.435785975102464,8.435785975102464,-1.9974555111050787,155583.77858085884,156004.4765794273,11449.216362850982,131084555.32337467,135455.38909391066,175833.0813498265,40377.69225591584,40377.69225591584,8192.931321541255,44.417655409454895,44.522897670229554,3.0594615344295755,9.360304880654173,40.195664232226456,49.17183255156935,8.976168319342896,8.976168319342896,0.8300090650887597,45.482047363325286,45.606868603920816,3.3719180736686667,11.369831495533413,40.17818587686457,49.38157120364413,9.20338532677956,9.20338532677956,1.6263080900546854,23.689532488063186,25.145941265042495,8.433529071626284,71.12441260196567,10.716747092740247,36.21560081849244,25.49885372575219,25.49885372575219,-13.676414369819481,-9.689532488063186,12.845678356521217,8.433529071626282,71.12441260196566,-22.21560081849244,3.283252907259751,25.49885372575219,25.49885372575219,13.67641436981948,WARNING_1
144,SYNTHETIC,1440000,1449000,9000,15.932346975456866,16.149744596817058,2.640941195118182,6.9745703960722505,11.378725541413738,19.609251592656577,8.230526051242839,8.230526051242839,3.1327147526294183,160192.26538247243,160665.6000754786,12323.682860458559,151873159.24516004,137657.00245030638,175544.3592693768,37887.35681907041,37887.35681907041,13286.305154460948,45.29036094735695,45.3629619595389,2.565447914243689,6.581523000697294,40.5788375193716,48.81255439017977,8.233716870808166,8.233716870808166,-3.869975446623677,44.76150881254398,44.84599053869318,2.7513989570954136,7.57019622110573,40.31835506636949,48.650823247090045,8.332468180720554,8.332468180720554,0.2783602550064259,25.29537965701795,26.93689829732479,9.259603549166766,85.74025788774175,13.713068705316378,43.78293056738794,30.069861862071566,30.069861862071566,-9.23169918794737,-11.29537965701795,14.605679014818744,9.259603549166766,85.74025788774175,-29.782930567387943,0.2869312946836224,30.069861862071566,30.069861862071566,9.231699187947376,WARNING_1
145,SYNTHETIC,1450000,1459000,9000,14.103634764544768,14.42078371335718,3.007738242559006,9.04648933575194,10.157915224468711,19.32339303274107,9.165477808272358,9.165477808272358,0.5710649236551184,155888.07497233964,156145.76089833726,8966.979867208063,80406727.93891475,143678.19212701134,167336.77556358997,23658.58343657863,23658.58343657863,20877.493172898277,45.4210172961112,45.489497178507726,2.4951034727702597,6.225541339830209,41.22373040095468,49.562610139572186,8.338879738617507,8.338879738617507,4.090645694593597,45.53376324702175,45.67754251404634,3.6213664115471023,13.114294686681536,40.88150278946173,49.74356252696741,8.862059737505682,8.862059737505682,-3.8656695390370217,25.729953555457296,28.843351033933427,13.034891211694825,169.908388900719,8.999387900055511,44.85813913922271,35.8587512391672,35.8587512391672,1.3385547289013502,-11.7299535554573,17.535683599845896,13.034891211694825,169.908388900719,-30.858139139222708,5.0006120999444885,35.8587512391672,35.8587512391672,-1.3385547289013466,WARNING_1
146,SYNTHETIC,1460000,1469000,9000,14.11909396576541,14.456343798850384,3.1043617083785042,9.637061616446704,10.646502108759904,18.11671487257475,7.470212763814846,7.470212763814846,-5.82802853935797,160813.05750173042,161345.62654594527,13098.53970673011,171571742.44878528,141249.18742153846,177698.3818906272,36449.19446908875,36449.19446908875,32063.042324420036,44.78053264271874,44.900888913302005,3.285379953534836,10.79372143908856,40.13447104447766,49.53256308079696,9.398092036319305,9.398092036319305,1.148096454688222,46.049824245354884,46.08138737512211,1.7052710599752616,2.9079493879891523,43.67223562307069,49.20040369339743,5.528168070326743,5.528168070326743,-5.528168070326743,20.89916646326418,24.702001279826174,13.168663879426335,173.41370836930787,4.183305777678864,44.95657941741999,40.77327363974112,40.77327363974112,-27.9445357188323,-6.89916646326418,14.866479282504551,13.168663879426335,173.41370836930787,-30.956579417419988,9.816694222321136,40.77327363974112,40.77327363974112,27.9445357188323,WARNING_1
147,SYNTHETIC,1470000,1479000,9000,14.942490339880786,15.267880844262477,3.135309859833082,9.83016791716654,10.72300712840841,19.98874607987766,9.26573895146925,9.26573895146925,3.626291003996389,152689.65359256236,153325.71715597407,13951.531355985635,194645227.17705035,132272.49230818325,179588.51494250094,47316.02263431769,47316.02263431769,-2692.348752914433,44.85392340894247,44.903995830945284,2.1199991533663556,4.494396410274065,41.85560326663765,49.09253778355757,7.236934516919916,7.236934516919916,7.236934516919916,44.595308008599254,44.66748938408246,2.538328484511459,6.44311149528224,40.35304168969076,48.125978350032085,7.772936660341323,7.772936660341323,3.5896061011266553,22.62742966156617,26.269765059016887,13.345410565689614,178.09998316681995,3.930932932725274,44.92820046582967,40.99726753310439,40.99726753310439,2.1009932205871316,-8.62742966156617,15.891271998556054,13.345410565689614,178.09998316681998,-30.92820046582967,10.069067067274728,40.9972675331044,40.9972675331044,-2.1009932205871316,WARNING_1
148,SYNTHETIC,1480000,1489000,9000,14.773668842186098,15.155116429553885,3.3787960777108,11.416262934753886,10.10311275447646,19.134567222203287,9.031454467726828,9.031454467726828,7.127593448620383,163069.4356393867,163780.91432664805,15249.493694045876,232547057.92474493,131028.13118337266,179555.34511475547,48527.21393138281,48527.21393138281,11686.459160299448,44.3455982596203,44.45098268490864,3.0590483243010476,9.357776650409047,40.29354471926544,49.17222546318152,8.878680743916078,8.878680743916078,-4.764288488327367,45.73932607346482,45.85772831192228,3.2932197429476004,10.845296275339859,40.29024636511046,49.425438537026544,9.135192171916081,9.135192171916081,6.826538502265905,33.03280936098549,34.74528432979669,10.77349937945906,116.06828887920476,13.917974546585633,45.95964975013257,32.04167520354694,32.04167520354694,-2.6386138492789257,-19.032809360985485,21.870439434332855,10.77349937945906,116.06828887920479,-31.95964975013257,0.0820254534143671,32.04167520354694,32.04167520354694,2.6386138492789257,WARNING_1
149,SYNTHETIC,1490000,1499000,9000,14.25439893868841,14.536889012351853,2.8518858767760573,8.133253054154741,10.332928287250445,19.646808460160145,9.3138801729097,9.3138801729097,-0.5713306234185431,153350.7065721825,153917.752049886,13199.817798082684,174235189.90258038,130613.27104387531,172457.83190635708,41844.56086248177,41844.56086248177,16268.606496257678,46.02064745765099,46.13502623238828,3.246637189732729,10.540653041755633,40.33809970916538,49.99977250213517,9.661672792969796,9.661672792969796,-9.137820445559768,45.247017719055854,45.352403006553715,3.089958899452832,9.547846000307755,40.16031481441849,49.32385243676722,9.163537622348727,9.163537622348727,-1.989238632279445,22.12886958528397,26.88786956655845,15.273200735463224,233.27066070575438,6.39790509650603,45.01125686146303,38.613351764957,38.613351764957,-7.915277357512881,-8.128869585283967,17.30171036170439,15.273200735463224,233.27066070575438,-31.011256861463032,7.60209490349397,38.613351764957,38.613351764957,7.915277357512881,WARNING_1
150,SYNTHETIC,1500000,1509000,9000,14.654185144864371,14.86255720886302,2.4800130093938106,6.150464526762545,11.215889056645814,18.761500798509296,7.545611741863482,7.545611741863482,4.160799045178079,158329.59491124665,159122.6392802095,15866.748461490328,251753706.74020568,132037.62250701,177139.59541561897,45101.972908608965,45101.972908608965,-16974.096930645,46.190416784279506,46.23675659258872,2.0695549030762233,4.283057496846835,41.96343118177369,49.64809173685177,7.684660555078075,7.684660555078075,0.8127876510756451,45.181766651813994,45.280798214240896,2.9931002555594577,8.95864913983009,40.281016956595806,49.46852273094271,9.187505774346903,9.187505774346903,8.334667591260946,24.219619340908817,26.103360421921863,9.736296231022974,94.79546429823219,6.242131646218324,34.11929961450501,27.877167968286685,27.877167968286685,-26.495529936196114,-10.21961934090882,14.115101266774879,9.736296231022974,94.79546429823219,-20.11929961450501,7.757868353781676,27.877167968286685,27.877167968286685,26.495529936196114,WARNING_1
151,SYNTHETIC,1510000,1519000,9000,13.673268853507262,13.925875468840468,2.640402702877143,6.971726433360923,11.10131781194327,19.81300816264072,8.71169035069745,8.71169035069745,4.6435932711762185,151914.13648161702,152453.23792242058,12809.562446657239,164084890.0748114,137423.00414939702,169319.7251448851,31896.720995488082,31896.720995488082,-24121.016170839517,45.109424940665164,45.18640857952805,2.636532161484423,6.951301838541724,40.29497410062648,48.71683729348518,8.421863192858694,8.421863192858694,-5.776574160792954,45.03163144304076,45.11078256982892,2.6711184250278275,7.134873640523142,41.14616191158211,49.60423025370574,8.458068342123624,8.458068342123624,-1.8054617242428321,24.04292818923039,26.921237901112644,12.1115917292408,146.69065421581413,8.998178718670902,43.12491749962209,34.12673878095119,34.12673878095119,-19.464301788390877,-10.042928189230395,15.733755458562733,12.1115917292408,146.69065421581413,-29.124917499622093,5.001821281329098,34.12673878095119,34.12673878095119,19.464301788390877,WARNING_1
152,SYNTHETIC,1520000,1529000,9000,15.310144302881934,15.547042005854834,2.703700530152445,7.309996556746613,12.061972405146246,19.550221684040864,7.488249278894617,7.488249278894617,3.63222125279124,149746.738837544,150669.92853802125,16653.57538707011,277341573.17282736,131320.76604327848,179974.470725325,48653.70468204652,48653.70468204652,-44267.59054383493,43.630914759919015,43.69442655816581,2.355034916859179,5.54618945962592,40.68570030032704,47.8270820618051,7.141381761478058,7.141381761478058,1.1207070773584746,45.90701163535765,45.98006072251735,2.590804268469504,6.712266757519802,41.448257611662896,49.67959712447805,8.231339512815154,8.231339512815154,-3.4925587698780234,22.045402926526027,25.46298856199557,12.742213163945857,162.3639963154351,4.463515673951996,42.41046330356671,37.94694762961471,37.94694762961471,-28.057056403133394,-8.045402926526027,15.069588732463425,12.742213163945857,162.3639963154351,-28.410463303566708,9.536484326048004,37.94694762961471,37.94694762961471,28.057056403133394,WARNING_1
153,SYNTHETIC,1530000,1539000,9000,14.967739349449252,15.182771289483703,2.5462369873440878,6.483322795719097,10.110414528347842,18.43017532632437,8.319760797976528,8.319760797976528,-3.386647957602465,153003.6034283801,153688.73764055414,14495.703345408057,210125415.47807437,132534.28079751425,179619.16642152087,47084.88562400662,47084.88562400662,23439.48048200368,43.720946445131446,43.821266882064705,2.963490018726044,8.782273091088888,40.55087008987908,49.61917910115726,9.068309011278174,9.068309011278174,1.5559869337277306,44.26662393914201,44.39280936713395,3.344776306014488,11.187528537275924,40.4763967249334,49.49430250419817,9.017905779264765,9.017905779264765,-3.8113361785177773,27.974139714765887,30.420366991730262,11.951829781682383,142.84623513030994,6.90145453208935,44.38286449037464,37.48140995828528,37.48140995828528,-19.428224690662038,-13.974139714765892,18.388116159577283,11.951829781682383,142.84623513030994,-30.382864490374644,7.09854546791065,37.4814099582853,37.4814099582853,19.428224690662038,WARNING_1
154,SYNTHETIC,1540000,1549000,9000,16.30672263764651,16.423313895223714,1.95346771662991,3.8160361199152737,12.971473663258577,19.718603636589755,6.7471299733311785,6.7471299733311785,-5.019527542423969,156406.6274711323,157111.4543782252,14865.26084357709,220975979.9475863,131777.4603715331,176149.6763407832,44372.2159692501,44372.2159692501,-30615.814725244767,44.57172267318553,44.689355362475474,3.240373536840174,10.500020658254098,40.17099394001748,49.76365511370963,9.59266117369215,9.59266117369215,-9.29981586096821,45.07659427692909,45.160900211692194,2.7581798932526618,7.607556323543266,40.173891822076506,49.74437082882775,9.570479006751242,9.570479006751242,4.742118564391468,28.088386001213728,30.090592046512338,10.792881985663147,116.48630155645208,9.43807570761584,45.401560301728985,35.96348459411315,35.96348459411315,-35.96348459411315,-14.088386001213731,17.747363795100586,10.792881985663145,116.48630155645203,-31.401560301728985,4.561924292384161,35.96348459411315,35.96348459411315,35.96348459411315,WARNING_1
155,SYNTHETIC,1550000,1559000,9000,13.936154547458752,14.153994234890785,2.4736914178341536,6.119149230666345,10.7370549235318,18.802138459546924,8.065083536015125,8.065083536015125,-1.3720406658705073,153335.12604608393,154210.6604349158,16409.354411568587,269266912.20446545,133928.16964665902,173772.0365514723,39843.86690481327,39843.86690481327,-31687.385787130246,46.08544601164149,46.1649082743665,2.7074751870977645,7.330421888750074,42.28949805015232,49.2033674413743,6.913869391221979,6.913869391221979,0.09074116575560254,46.33123785494048,46.38189275191209,2.167111921153591,4.6963740788060075,41.54141661900696,48.75831554564849,7.216898926641534,7.216898926641534,2.633541617958244,20.826969977771576,24.282712777793886,12.48549003418912,155.88746139383582,3.981093671836764,42.53307699294964,38.55198332111287,38.55198332111287,-10.495347404389605,-6.8269699777715775,14.23007310140149,12.485490034189121,155.88746139383585,-28.53307699294964,10.018906328163236,38.55198332111287,38.55198332111287,10.495347404389602,WARNING_1
156,SYNTHETIC,1560000,1569000,9000,14.69439889192993,15.05289813251409,3.2656367514919165,10.664383392694678,11.10187451467507,19.334186152473837,8.232311637798768,8.232311637798768,-0.4969721569994441,157940.90041267785,158376.0313422109,11731.97683860402,137639280.54154116,135907.19320449955,177215.5426662175,41308.34946171794,41308.34946171794,22291.24954648741,45.54549459447459,45.66914992717127,3.3584486322009557,11.279177215132469,40.4626859238551,49.76903663138005,9.306350707524949,9.306350707524949,0.6200746197652407,45.33485375685573,45.40004214906693,2.432048926637324,5.91486198155776,42.513937981827326,48.9908120433269,6.476874061499572,6.476874061499572,4.84434028327717,22.286345794168973,25.11807125767131,11.586038790206958,134.2362948481803,5.559774606791597,37.881827808538695,32.322053201747096,32.322053201747096,-1.8321333694775568,-8.286345794168975,14.244290837690803,11.586038790206958,134.2362948481803,-23.88182780853869,8.440225393208403,32.322053201747096,32.322053201747096,1.8321333694775639,WARNING_1
157,SYNTHETIC,1570000,1579000,9000,15.294228534131303,15.642668177663797,3.28323640060527,10.77964126225945,10.285630808689165,19.824085212699813,9.538454404010649,9.538454404010649,5.980640017040981,163356.4325429901,163597.14891206202,8871.475580923296,78703078.98291834,151656.62725310816,178445.65526363076,26789.028010522597,26789.028010522597,13027.388537174178,44.397363303899915,44.56142370315644,3.820289794472976,14.594614113754375,40.18627550353467,49.81371934468911,9.627443841154445,9.627443841154445,-2.80329494139761,45.35772566444656,45.45776808859047,3.0142000837501937,9.085402144879675,40.32351549715447,49.51303724825107,9.1895217510966,9.1895217510966,-4.663777916385115,18.281287998813653,21.50951820350021,11.333749708333018,128.45388245113878,5.339045486260497,33.9066210782761,28.567575592015608,28.567575592015608,-2.008930334587447,-4.281287998813653,12.115416186822664,11.333749708333018,128.45388245113878,-19.906621078276103,8.660954513739503,28.567575592015608,28.567575592015608,2.008930334587447,WARNING_1
158,SYNTHETIC,1580000,1589000,9000,15.80035056351557,15.918706630117281,1.9375610560065097,3.7541428457530612,13.016748947297968,19.510825002086023,6.494076054788055,6.494076054788055,-0.8368317269063823,157170.3462283137,157897.53170729763,15136.472037072166,229112785.72906762,130175.74556048623,178336.91199602914,48161.16643554291,48161.16643554291,-15351.551360584737,45.23734265255851,45.32215357984543,2.771359747507754,7.6804348501062405,41.54262564116045,49.977143929000746,8.434518287840298,8.434518287840298,1.7903582311932098,44.4499882575161,44.50856540695719,2.2827480132652895,5.210938492066626,40.1185609939452,48.49937141122011,8.380810417274908,8.380810417274908,0.5280131894695543,25.640584921229696,28.591756660174273,12.65104556200113,160.04895381182848,5.825519992979311,39.74199500879529,33.91647501581598,33.91647501581598,-24.716289448101627,-11.640584921229694,17.191630845274354,12.651045562001128,160.04895381182845,-25.741995008795293,8.174480007020689,33.91647501581598,33.91647501581598,24.716289448101627,WARNING_1
159,SYNTHETIC,1590000,1599000,9000,15.43986553642633,15.607558803176042,2.281763355756333,5.206444011672403,10.19341370351374,19.1610863902863,8.967672686772561,8.967672686772561,0.47784974626086907,152665.83073639576,153270.8968204285,13605.58479833162,185111937.70459247,134668.21893778793,179975.9059909373,45307.68705314936,45307.68705314936,6994.555525149044,46.45661130266133,46.503452714844364,2.0867152836946277,4.35438067520475,43.0628558840085,49.06670948324547,6.003853599236969,6.003853599236969,2.265825394868905,44.94399727584255,45.01616985532091,2.548069330328387,6.492657312160153,40.53088346246392,48.72797198856987,8.19708852610595,8.19708852610595,-1.1292472395397866,25.17556476944485,27.20864841886304,10.319955780951062,106.50148732078526,7.282164389030683,42.27845111009263,34.99628672106195,34.99628672106195,-7.869887383701045,-11.17556476944485,15.211664446629179,10.31995578095106,106.50148732078523,-28.278451110092625,6.717835610969317,34.99628672106194,34.99628672106194,7.869887383701043,WARNING_1
160,SYNTHETIC,1600000,1609000,9000,15.351923865231063,15.594138352808285,2.737806531271933,7.495584602675254,10.66980475584515,19.113082164333093,8.443277408487944,8.443277408487944,1.7561332974789643,143035.48377414694,143725.13179543114,14062.855012755881,197763891.1097932,130506.3221149185,173299.8392571212,42793.517142202705,42793.517142202705,-365.9130958742462,47.044960945756124,47.14190031265655,3.0216576081233693,9.13041470072984,40.74532613379044,49.98171470606566,9.236388572275217,9.236388572275217,-1.005747540854614,44.40169307480526,44.48774082879431,2.765634853114676,7.648736140762637,40.600884687701125,49.8801523182675,9.279267630566373,9.279267630566373,-3.7022884721563685,25.906068328439154,28.217074738722243,11.1838692129727,125.07893057287859,10.940118219013115,45.20085494821518,34.260736729202065,34.260736729202065,-6.98841287128711,-11.906068328439153,16.33503577021919,11.183869212972699,125.07893057287856,-31.20085494821518,3.059881780986885,34.260736729202065,34.260736729202065,6.988412871287107,WARNING_1
161,SYNTHETIC,1610000,1619000,9000,14.55598481576364,14.788847494618967,2.61406125834037,6.833316262356037,10.566536674296168,18.372769264627912,7.806232590331744,7.806232590331744,0.21397251529010397,152395.80823077602,153096.28126128664,14628.361826381239,213988969.72352785,135581.6907175611,179264.81086588922,43683.120148328104,43683.120148328104,-22411.212715579662,46.39176991074085,46.4270124029565,1.8086362854805578,3.27116521315691,43.0084248884742,48.46110429467913,5.452679406204929,5.452679406204929,0.754414486759373,44.561955930673165,44.6403884639144,2.645064430580984,6.996365841924704,40.79108038377518,47.31970646373085,6.5286260799556715,6.5286260799556715,5.663522759230517,21.958717960618173,25.719452272013072,13.390479106379404,179.30493069838337,3.5363342696166065,43.55558736772909,40.019253098112486,40.019253098112486,-9.375745728896206,-7.958717960618171,15.577102499343376,13.390479106379404,179.30493069838334,-29.55558736772909,10.463665730383394,40.019253098112486,40.019253098112486,9.37574572889621,WARNING_1
162,SYNTHETIC,1620000,1629000,9000,14.550245421169379,14.7702381853406,2.5397429467237584,6.45029423543308,10.202941204950392,17.710427320775597,7.5074861158252055,7.5074861158252055,-1.3785791006885066,152807.11829284558,153575.09646227668,15339.323728048972,235294852.43388623,130144.56268342955,175489.7043991845,45345.141715754944,45345.141715754944,-5427.557969774352,44.5705705714973,44.70646694271282,3.4831631358655244,12.132425431052555,40.58444358570585,49.48221338250685,8.897769796801,8.897769796801,5.132418698734099,45.33602935681202,45.43200371526635,2.951508723052353,8.71140374225413,40.58794868921864,49.36735502657244,8.779406337353798,8.779406337353798,-0.7071681800646274,30.019249683524457,32.114772998542364,11.410665764368106,130.20329318612238,10.30498343955148,43.843237960914855,33.53825452136338,33.53825452136338,21.160950398266607,-16.019249683524457,19.66773127763395,11.410665764368105,130.20329318612235,-29.843237960914852,3.69501656044852,33.53825452136337,33.53825452136337,-21.16095039826661,WARNING_1
163,SYNTHETIC,1630000,1639000,9000,13.525014504778534,13.7224690092376,2.3195125252985016,5.380138355016632,10.576274427365012,17.14291789004777,6.566643462682757,6.566643462682757,1.4001519756705925,156289.33750936543,156923.26896525084,14090.96602877574,198555323.62411192,133024.1182326943,174042.4456939978,41018.3274613035,41018.3274613035,-14560.764281842654,45.23350947265102,45.32128011063722,2.819228911321317,7.948051654429977,40.12552824381721,49.49739810803116,9.371869864213956,9.371869864213956,-1.345756856417779,43.52417366552188,43.57895386977271,2.184382548289233,4.771527117270564,40.15164157854245,46.40733032556082,6.255688747018368,6.255688747018368,-4.8925327663161085,25.690051119943092,28.416958394206667,12.146801959066565,147.54479783278333,4.144935625333915,44.65699914843666,40.512063523102746,40.512063523102746,-21.176789206628545,-11.690051119943092,16.858294487274392,12.146801959066567,147.54479783278336,-30.65699914843666,9.855064374666084,40.512063523102746,40.512063523102746,21.176789206628545,WARNING_1
164,SYNTHETIC,1640000,1649000,9000,14.532425680288668,14.714987798276088,2.3107292680668086,5.3394697503005695,10.904520470080472,17.990016779963106,7.085496309882634,7.085496309882634,-2.066337722282439,147205.5559890402,148044.79411311433,15741.199126876281,247785349.95197058,131185.59007354025,175832.07637211253,44646.48629857227,44646.48629857227,14384.235757148272,44.448199946276006,44.536584755716035,2.8044434811467513,7.864903238946508,40.40612796910104,49.15829623105418,8.752168261953138,8.752168261953138,6.626410379734985,44.445558623997115,44.516523956927955,2.5126129444417677,6.31322380857633,40.66825134562354,49.89715814948946,9.228906803865918,9.228906803865918,3.566771837450176,23.753456036993555,26.382066100246657,11.479840504832726,131.78673801639812,7.429254831635538,41.48578183204837,34.05652700041283,34.05652700041283,-11.429353812043939,-9.753456036993557,15.063752609557959,11.479840504832728,131.78673801639815,-27.485781832048367,6.570745168364462,34.05652700041283,34.05652700041283,11.429353812043939,WARNING_1
165,SYNTHETIC,1650000,1659000,9000,15.408797595012595,15.646190093123415,2.7151834387546194,7.372221106087361,11.419285329867206,19.12752866840349,7.708243338536283,7.708243338536283,-1.3528974274172718,162565.94084694743,162865.75865492178,9877.763855752582,97570218.79001214,148846.48050562912,179461.7732156381,30615.292710008973,30615.292710008973,-11821.37347199663,44.90180709292053,44.992522343830075,2.8556587068835637,8.154786650199906,40.5020226391428,48.215846707032405,7.713824067889604,7.713824067889604,-2.6606029050950752,44.64358656451422,44.73222561241176,2.814637968981456,7.922186896432055,41.28476832010636,49.79875908593255,8.513990765826193,8.513990765826193,1.0229668244631966,28.687830468717056,31.44111499219429,12.866704898711795,165.55209495053413,5.163182850848369,43.04716824557384,37.88398539472547,37.88398539472547,-19.46950863217059,-14.687830468717053,19.52650657000138,12.866704898711795,165.55209495053413,-29.04716824557384,8.836817149151631,37.88398539472547,37.88398539472547,19.46950863217059,WARNING_1
166,SYNTHETIC,1660000,1669000,9000,14.690431949801049,14.96677535882608,2.862791255021585,8.19557376982806,10.25242688410964,18.929693198233984,8.677266314124344,8.677266314124344,4.0961518079541435,157462.06204781315,158111.75123233526,14318.690352350995,205024893.4065095,136790.15549550406,174176.69294962645,37386.53745412239,37386.53745412239,25615.633398577687,45.92453258400013,45.990617661969694,2.464593246478749,6.074219870588658,41.538968019583535,49.9157143382714,8.376746318687864,8.376746318687864,0.8810382035097604,45.87302291816471,45.964389013088834,2.8966921990604564,8.390825696097703,40.85139852579464,49.92206874777324,9.070670221978595,9.070670221978595,6.105305517152061,32.238107003932406,34.84647758698881,13.228055678122839,174.98145702351786,6.362611959148641,45.81848138590205,39.45586942675341,39.45586942675341,21.86980945363353,-18.238107003932406,22.530202043266414,13.228055678122839,174.98145702351786,-31.818481385902047,7.637388040851359,39.45586942675341,39.45586942675341,-21.869809453633533,WARNING_1
167,SYNTHETIC,1670000,1679000,9000,15.7251825901748,15.876423168697478,2.186194213060101,4.779445137217474,11.732662545225274,19.047528009971906,7.314865464746632,7.314865464746632,-2.426883800185582,151372.24037799734,151818.41212003664,11630.782501409165,135275101.59508562,131804.09940927682,174585.19885944898,42781.09945017216,42781.09945017216,4491.409575012483,46.64660541851496,46.74654457189416,3.0550993996035856,9.33363234145819,41.821338146648365,49.92010115125812,8.098763004609758,8.098763004609758,-0.18834065916563247,45.406694282613515,45.50862850499019,3.044237627137284,9.267382730478442,40.76318431145937,49.85639184517829,9.093207533718918,9.093207533718918,6.204659252263028,25.924296206304245,28.200498293160866,11.099503150608516,123.19897019036837,7.787565177646275,44.56921475681688,36.781649579170605,36.781649579170605,5.454706521813192,-11.924296206304243,16.290727737153123,11.099503150608514,123.19897019036834,-30.56921475681688,6.212434822353725,36.781649579170605,36.781649579170605,-5.454706521813192,WARNING_1
168,SYNTHETIC,1680000,1689000,9000,14.416594802266308,14.742490433603946,3.0826641873827083,9.502818492171894,10.250382036351844,18.931191208734106,8.680809172382261,8.680809172382261,0.24213411503593818,162018.17321518422,162434.36529006818,11620.437823157601,135034575.20187178,141135.32825694536,177106.6715641282,35971.34330718283,35971.34330718283,-9251.996385889652,45.783118021208665,45.8631116841211,2.7076036649116415,7.3311176062429535,40.33566829057976,49.96950376487428,9.633835474294521,9.633835474294521,-6.220134541592806,44.708285365833746,44.81875283619424,3.1448092850036784,9.889825439045348,40.41610183537679,48.66861440261224,8.25251256723545,8.25251256723545,6.8254845254652565,20.100811710455236,25.33456205426472,15.420681018107318,237.79740306221538,3.335452194173928,44.19244695499153,40.85699476081761,40.85699476081761,-18.063906767714073,-6.100811710455236,16.583645756848618,15.420681018107318,237.79740306221538,-30.19244695499153,10.664547805826071,40.8569947608176,40.8569947608176,18.063906767714073,WARNING_1
169,SYNTHETIC,1690000,1699000,9000,15.06404113338499,15.39155433788603,3.158260544632657,9.974609667783367,10.631782114937735,19.016748827646204,8.384966712708469,8.384966712708469,-4.870062537803067,153503.6078034463,154083.03233064807,13350.027847659549,178223243.53328544,132940.42428868925,174618.96282072438,41678.538532035134,41678.538532035134,5280.017652554845,43.819596458103504,43.87827218013181,2.268421425285071,5.145735762692354,40.41399981282779,48.319493899271166,7.905494086443376,7.905494086443376,5.404685158265146,43.01864310547766,43.08170911591499,2.3302372651411476,5.430005711852496,40.21314814179234,47.94697037854692,7.733822236754584,7.733822236754584,-3.8917848482416844,18.643152425932858,20.45311503601772,8.41206171518065,70.76278230000801,5.589905090775488,34.66672677029687,29.07682167952138,29.07682167952138,-9.764930001220925,-4.643152425932856,9.60841541308733,8.412061715180648,70.762782300008,-20.66672677029687,8.410094909224512,29.07682167952138,29.07682167952138,9.764930001220925,WARNING_1
170,SYNTHETIC,1700000,1709000,9000,15.159401717848032,15.485432680587577,3.160880393484685,9.991164861915898,10.67047236831586,19.048235740162617,8.377763371846758,8.377763371846758,-2.055113754045582,151865.94968410465,152409.18476945692,12856.629754156138,165292928.6354529,136120.63437867348,178961.53148253448,42840.897103861,42840.897103861,-3837.867441435985,44.55812643930924,44.5874735503537,1.6174565904597666,2.6161658220217334,41.68444279867711,46.694697936078654,5.010255137401543,5.010255137401543,5.010255137401543,42.90228000140706,42.93494472114105,1.674469733469457,2.803848888305274,40.451041396794494,45.54013461987773,5.089093223083239,5.089093223083239,0.7313248538018655,24.350858883234867,28.307193923853013,14.433741701007497,208.3328994914028,5.8802502832573005,45.05168788177145,39.171437598514146,39.171437598514146,23.50096879946867,-10.350858883234864,17.76156465833021,14.433741701007495,208.3328994914027,-31.05168788177145,8.1197497167427,39.171437598514146,39.171437598514146,-23.50096879946867,WARNING_1
171,SYNTHETIC,1710000,1719000,9000,15.362763661559683,15.75850520908519,3.5094129286572135,12.315979103826402,11.073558742036658,19.967891064128573,8.894332322091914,8.894332322091914,-6.652187045087857,160369.79463437764,160763.9471414393,11250.585292465095,126575669.42303193,137737.0402265448,172817.57943297218,35080.53920642738,35080.53920642738,14736.368341994385,44.82487544315454,44.89017741472654,2.4204482707353656,5.858569831305821,40.548323728407205,48.32572075061319,7.777397022205989,7.777397022205989,0.029380654135650275,43.273472383528386,43.38246982907558,3.0733168308294982,9.44527634265987,40.13904055976755,47.891103152007815,7.752062592240264,7.752062592240264,-6.723830689081176,22.705271479788102,26.946237065329328,14.511041968447646,210.57033901004894,3.173987238596086,39.972436532961495,36.79844929436541,36.79844929436541,-34.54665062317557,-8.705271479788104,16.92194109867012,14.511041968447644,210.57033901004888,-25.972436532961492,10.826012761403916,36.79844929436541,36.79844929436541,34.54665062317558,WARNING_1
172,SYNTHETIC,1720000,1729000,9000,15.68876531163104,16.013522526843722,3.2086674359138496,10.295546714293959,10.737107388993742,19.07250058429463,8.335393195300888,8.335393195300888,-4.600168938771631,148866.9070795001,149180.82950101918,9672.841733205381,93563867.19563967,131729.54859424825,167595.59683003608,35866.048235787835,35866.048235787835,9218.768125777453,43.96227780093777,44.04922980680835,2.7663653276794204,7.652777126186868,40.66213223704618,48.64849598864478,7.986363751598603,7.986363751598603,-0.4364360297544181,46.08449992504778,46.15856645416795,2.6138331549870486,6.832123762109548,41.346054988467415,49.90338366116755,8.557328672700137,8.557328672700137,-4.350135827540555,28.92647764708112,30.90370028981795,10.876469212745938,118.29758253581024,13.406810532959462,45.49344199077928,32.08663145781982,32.08663145781982,8.996830076474744,-14.926477647081123,18.46882014327452,10.876469212745938,118.29758253581024,-31.49344199077928,0.5931894670405384,32.08663145781982,32.08663145781982,-8.996830076474744,WARNING_1
173,SYNTHETIC,1730000,1739000,9000,16.457972830897667,16.67576504949686,2.6863116504708224,7.216270283455273,11.643422763614328,19.52773829787975,7.884315534265422,7.884315534265422,1.041897138873816,159051.8613630053,159828.388018706,15735.914769131676,247619013.62137643,130738.35759761954,178850.3413944316,48111.983796812056,48111.983796812056,-23713.193571899435,44.653627555073015,44.70321622270719,2.105014685681381,4.431086826934283,41.00948515017912,48.25096685998143,7.241481709802315,7.241481709802315,-2.1228505815834495,44.99806321472254,45.035290447325885,1.830762846148046,3.351692598836094,42.31120358044127,47.87111255479455,5.559908974353277,5.559908974353277,4.120209080394929,20.250970897011733,23.838500031502278,12.576655417093919,158.17226148031781,4.141053803288056,45.71399863264642,41.57294482935836,41.57294482935836,15.490007029607233,-6.250970897011733,14.044461493257955,12.576655417093919,158.17226148031781,-31.713998632646422,9.858946196711944,41.57294482935836,41.57294482935836,-15.490007029607233,WARNING_1
174,SYNTHETIC,1740000,1749000,9000,16.89683891312877,17.162795132373397,3.0097128599913434,9.058371499597273,10.769631589580335,19.68963968643454,8.920008096854204,8.920008096854204,2.4535993581247517,147536.55040999994,148058.98238646827,12426.928761125004,154428558.43407583,130424.06749294746,164596.38185864527,34172.314365697806,34172.314365697806,4667.490813579672,46.38444747726195,46.42066530641009,1.833357498927315,3.3611997188730194,42.94951993474981,49.11742835552599,6.167908420776179,6.167908420776179,3.0111747574879217,45.45272796076447,45.52476001395653,2.5599404784244286,6.553295253075893,40.18419683205505,48.580273530100925,8.396076698045874,8.396076698045874,5.315058006006836,29.870861767894645,31.359614679931166,9.547620128444802,91.15705011708432,8.816253752549635,41.46257782050117,32.64632406795153,32.64632406795153,-16.18098945733325,-15.870861767894647,18.521374230134878,9.547620128444802,91.15705011708432,-27.46257782050117,5.183746247450365,32.64632406795154,32.64632406795154,16.180989457333247,WARNING_1
175,SYNTHETIC,1750000,1759000,9000,13.620568395099147,13.880641341162862,2.6743822906282064,7.152320636425772,10.464314063961169,17.62075976948116,7.156445705519992,7.156445705519992,0.161981536212636,154180.09005714796,155003.28649122306,15953.640745920926,254518653.0499084,130842.2900244854,175498.9453487494,44656.65532426401,44656.65532426401,11326.229316274534,45.31812300673496,45.428863784397215,3.170077583870147,10.04939188775599,40.37706693616811,49.09910200071818,8.72203506455007,8.72203506455007,-2.884983539885525,44.21013425139699,44.28181679392242,2.5185964432524393,6.343328043963837,41.45920898507635,48.3076137270659,6.8484047419895475,6.8484047419895475,-5.243644977218182,23.808993224840876,27.21186087720451,13.176388504435305,173.61721401981487,3.965911558241993,44.14154803277744,40.17563647453545,40.17563647453545,-30.54445770384756,-9.808993224840872,16.42661140055334,13.176388504435305,173.61721401981484,-30.14154803277744,10.034088441758009,40.17563647453545,40.17563647453545,30.544457703847556,WARNING_1
176,SYNTHETIC,1760000,1769000,9000,15.666979644404634,15.877445008707921,2.576627413180821,6.639008826354889,10.892192312713432,19.32505741955221,8.432865106838777,8.432865106838777,6.59591270370843,158512.95755867884,159020.86348138202,12699.500319494,161277308.3648282,132199.53943947903,175493.5646586344,43294.02521915536,43294.02521915536,17396.552484162006,45.28989428724081,45.38886382826613,2.9957361485012513,8.97443507143711,40.13825243518291,49.77970388966863,9.641451454485718,9.641451454485718,3.365752287119136,44.93038243696379,45.01408047633972,2.7437520293505964,7.528175198565516,40.88276499748972,49.846664377580765,8.963899380091043,8.963899380091043,-5.113074180683711,22.889835903919167,25.702869348237595,11.69157410378196,136.69290502422493,4.71688794617565,40.96026913782812,36.243381191652475,36.243381191652475,-34.21121745995187,-8.889835903919167,14.68748063565822,11.69157410378196,136.69290502422493,-26.96026913782812,9.28311205382435,36.243381191652475,36.243381191652475,34.21121745995187,WARNING_1
177,SYNTHETIC,1770000,1779000,9000,14.82857868731368,15.106890918477982,2.886417734309934,8.331407336938891,10.471802651861378,18.77086147495087,8.299058823089492,8.299058823089492,-7.065574706612324,156478.20158932146,156755.5511402966,9320.688851678942,86875240.66981211,147425.93542410992,178855.6189111337,31429.68348702378,31429.68348702378,18719.67176753492,44.33685177701384,44.457083778619904,3.2673953850633795,10.675872602333468,40.6169280553152,49.530960372930245,8.914032317615046,8.914032317615046,6.479196187795395,45.75154386122012,45.842615484114305,2.888187795003645,8.341628739208016,41.118739444814,49.68815714809122,8.569417703277225,8.569417703277225,1.3308821511750892,26.924198591346073,29.01029739437646,10.802077815120754,116.68488512392396,7.7179659114092765,38.04320209327391,30.325236181864636,30.325236181864636,18.901730539247968,-12.924198591346073,16.843983921640266,10.802077815120754,116.68488512392396,-24.043202093273912,6.282034088590724,30.325236181864636,30.325236181864636,-18.901730539247968,WARNING_1
178,SYNTHETIC,1780000,1789000,9000,17.29805322858005,17.459658334436682,2.3700260877204964,5.617023656475721,12.511328702475012,19.955709172713227,7.444380470238215,7.444380470238215,-5.271745515033464,156899.21363489502,157281.78986468926,10963.493229433469,120198183.79183352,133043.2827879278,172313.19690975954,39269.91412183174,39269.91412183174,23279.431187605194,45.494846679287456,45.56225621952263,2.477522440171917,6.138117441555411,42.3075938949521,49.654830542972086,7.347236648019987,7.347236648019987,-5.190417732000498,45.39043441582628,45.46378721692191,2.5815521780754542,6.664411648126121,41.65530883711069,49.58694104390534,7.931632206794653,7.931632206794653,2.206433538463081,22.17765974877194,24.288545327462987,9.90377918735695,98.08484219192466,10.866482056472728,41.83625059998688,30.969768543514157,30.969768543514157,30.969768543514157,-8.177659748771944,12.843635044589577,9.90377918735695,98.08484219192466,-27.836250599986883,3.133517943527272,30.969768543514157,30.969768543514157,-30.969768543514157,WARNING_1
179,SYNTHETIC,1790000,1799000,9000,15.680720879738924,15.890052325796221,2.570750008900446,6.608755608261644,11.23042560023875,19.0818917294034,7.851466129164649,7.851466129164649,-4.196047706635678,154309.81411671633,154639.3093407348,10089.462852100802,101797260.64392206,137905.93134539254,168634.87846716953,30728.94712177699,30728.94712177699,-10834.849892358994,44.993376564977794,45.04832872837059,2.224406999954422,4.947986501446232,41.85080379425988,48.772373659558376,6.921569865298494,6.921569865298494,-4.373257073867009,45.633987150613386,45.68677580990321,2.1956094010568856,4.820700642009376,41.442976164553926,48.86517189264976,7.422195728095836,7.422195728095836,-4.717584284786952,11.696115380790603,14.040924925932083,7.7684269820147245,60.348457774894406,3.857179616527162,29.19214513506825,25.33496551854109,25.33496551854109,7.158289211037644,2.3038846192093967,8.102860119335892,7.768426982014726,60.34845777489443,-15.192145135068255,10.142820383472838,25.334965518541093,25.334965518541093,-7.158289211037648,WARNING_1
180,SYNTHETIC,1800000,1809000,9000,15.973255837838646,16.114548526366193,2.129265635744954,4.533772147564363,10.719262684145214,18.320433722074256,7.601171037929042,7.601171037929042,3.3761012066673715,161452.8048578492,161760.706808393,9975.87443205641,99518070.68415678,148980.19724207238,177502.7077306187,28522.510488546337,28522.510488546337,19040.66859386742,44.893495393492096,44.98500359250047,2.86785975455291,8.224619571784277,40.40304503464634,49.45628591517688,9.053240880530538,9.053240880530538,-1.6286435143455336,44.78459924183444,44.901613406738605,3.2395304098727475,10.49455727649029,40.33406687327113,49.10373711970196,8.769670246430834,8.769670246430834,6.957299386567442,25.082755704593048,27.93801034055427,12.303974481955919,151.38778805262243,5.183942052900891,40.35865694815879,35.1747148952579,35.1747148952579,30.85281151277855,-11.082755704593046,16.559446308989685,12.30397448195592,151.38778805262245,-26.35865694815879,8.81605794709911,35.1747148952579,35.1747148952579,-30.85281151277855,WARNING_1
181,SYNTHETIC,1810000,1819000,9000,14.618726035225237,14.781090161326338,2.1848284747975235,4.773475464286072,10.839461888328204,17.958609878732652,7.119147990404448,7.119147990404448,-1.0267283827915534,147543.50531344625,148123.40359419427,13094.148775297399,171456732.14962238,135291.93181447347,178454.36729321862,43162.435478745145,43162.435478745145,40056.72323938753,45.23631717562919,45.2938611684645,2.2824258879561112,5.209467934012244,41.416136722413,49.73079973033367,8.314663007920672,8.314663007920672,3.195262191796722,47.97474892460922,48.01378956012006,1.9358340693872063,3.7474535442002312,43.20106343198405,49.92294278372928,6.72187935174523,6.72187935174523,0.7253124953441343,19.55110401785866,24.099872521947766,14.091067640778824,198.5581872570041,3.328355929534029,44.58151323778966,41.25315730825563,41.25315730825563,24.59711992259584,-5.551104017858657,15.14506332354179,14.091067640778826,198.55818725700414,-30.581513237789657,10.671644070465971,41.25315730825563,41.25315730825563,-24.597119922595848,WARNING_1
182,SYNTHETIC,1820000,1829000,9000,15.260971912083203,15.460996870837858,2.47894343192125,6.145160538665504,11.668295763133004,18.470647384994454,6.802351621861449,6.802351621861449,0.9493727838459023,157458.25600976843,158137.9946807219,14646.602882656653,214522976.00224614,130749.76532122376,176822.60928450973,46072.843963285966,46072.843963285966,4322.456727388431,44.969354369991954,45.06147051228923,2.879807680383803,8.29329227599754,41.55121517110553,49.87992014527276,8.32870497416723,8.32870497416723,-4.578627213090137,46.75763626333192,46.825850221471974,2.526598509790499,6.3837000296755715,41.8684233275678,49.57323850043308,7.704815172865281,7.704815172865281,5.604883388871812,26.791729844176523,28.897626248862803,10.82940509795554,117.27601477562546,5.091335451447021,42.22676474491192,37.135429293464895,37.135429293464895,-13.067108005543531,-12.79172984417652,16.76020188368928,10.829405097955538,117.27601477562541,-28.22676474491192,8.908664548552979,37.1354292934649,37.1354292934649,13.067108005543522,WARNING_1
183,SYNTHETIC,1830000,1839000,9000,14.71321261950528,14.8810465958255,2.2286592831476657,4.966922200360267,11.05429552595344,18.752516733808108,7.698221207854667,7.698221207854667,-4.677749389064591,157389.74988120154,158185.43294873871,15846.066689015697,251097829.5127329,132796.715003313,179169.0091789716,46372.29417565861,46372.29417565861,20093.267661047663,45.471413967862226,45.54360341503548,2.5632642839425204,6.570323789335362,40.99217061239071,49.67485077576005,8.68268016336934,8.68268016336934,-6.335512871129936,44.05769070319603,44.132328639714586,2.5656034505134797,6.582321065286672,40.735495672132856,47.33886019626613,6.603364524133276,6.603364524133276,6.239427849023954,27.787371490369264,30.94072877387973,13.608478339439817,185.19068271500265,3.472526374100024,44.50351336384052,41.0309869897405,41.0309869897405,7.334284536741322,-13.787371490369258,19.37220419385594,13.608478339439815,185.1906827150026,-30.50351336384052,10.527473625899976,41.0309869897405,41.0309869897405,-7.334284536741318,WARNING_1
184,SYNTHETIC,1840000,1849000,9000,14.996237427178126,15.24501171166275,2.7428534624431418,7.52324511643633,11.091043744795384,19.419305372766893,8.328261627971509,8.328261627971509,4.042602951920397,156152.02142916463,156884.65213872862,15143.984953624624,229340280.27560902,133989.2523576356,179529.90585171405,45540.65349407846,45540.65349407846,12569.570970640489,43.97114652025632,44.04282721404207,2.5117529138263364,6.308902700115092,40.79165781715063,48.77464839731108,7.982990580160454,7.982990580160454,-1.7131127897451037,45.657110358251785,45.74693534555854,2.865373840379511,8.210367245131225,41.46022484822124,49.76757276121968,8.307347912998445,8.307347912998445,7.895002024657124,20.403422915918945,22.783166996833664,10.137703473655378,102.77303171976432,4.650420452627064,38.91343176027341,34.263011307646345,34.263011307646345,-23.96944311711926,-6.403422915918942,11.990698760284161,10.137703473655376,102.77303171976428,-24.913431760273404,9.349579547372937,34.26301130764634,34.26301130764634,23.969443117119255,WARNING_1
185,SYNTHETIC,1850000,1859000,9000,14.950575031167356,15.290010520078246,3.203861411100469,10.264727941538688,10.334604280975473,19.94912789602223,9.614523615046757,9.614523615046757,-7.3498604349259775,149244.54483277636,149805.22441937285,12948.78762649528,167671100.99607724,135618.14360779326,179779.88073970572,44161.737131912465,44161.737131912465,-44161.737131912465,45.571383663155686,45.63288157383697,2.3683056722679194,5.608871757296402,42.04902298478724,48.431727107855394,6.382704123068152,6.382704123068152,1.9225125248364634,44.36102607535248,44.45281939727147,2.855261443078704,8.152517908331884,41.440428435879085,49.57180884769647,8.131380411817382,8.131380411817382,-1.8223610829648678,20.098651718833004,22.212983982747215,9.458374939852792,89.46085650283531,7.177789922665411,33.05241361766687,25.87462369500146,25.87462369500146,10.563776211613677,-6.098651718833006,11.254084116020287,9.458374939852792,89.46085650283531,-19.052413617666872,6.822210077334589,25.87462369500146,25.87462369500146,-10.563776211613675,WARNING_1
186,SYNTHETIC,1860000,1869000,9000,14.934311708089385,15.17765945124188,2.7069688257340965,7.327680223496232,10.403603086793895,18.280002859762675,7.87639977296878,7.87639977296878,-4.024292071145421,150946.5906877013,151474.2705358297,12632.552953433355,159581394.12129775,132171.95959165748,175287.94583446032,43115.98624280284,43115.98624280284,17302.172559310216,44.034255711619934,44.112007228977426,2.617920108220288,6.853505693024125,40.271200941706354,47.48875534248062,7.217554400774269,7.217554400774269,0.8053013500138562,44.19808746630127,44.25904093822119,2.3220183229943747,5.391769092321608,40.76877897415344,48.54694903545957,7.7781700613061275,7.7781700613061275,4.30086505268077,20.25529285366158,25.193912368682103,14.981866767971182,224.45633185323928,3.1244983196960887,42.81932787405531,39.694829554359224,39.694829554359224,33.109326184240295,-6.255292853661578,16.2353016768494,14.98186676797118,224.45633185323922,-28.81932787405531,10.87550168030391,39.694829554359224,39.694829554359224,-33.109326184240295,WARNING_1
187,SYNTHETIC,1870000,1879000,9000,13.685415199689462,13.848691424771355,2.1202983258599026,4.495664990644305,11.282386120317746,17.15371644259589,5.871330322278144,5.871330322278144,-3.525348476199431,149518.8833197052,149900.5189565632,10689.673253909179,114269114.27534124,131303.59656642296,164048.6323264687,32745.03576004575,32745.03576004575,-28611.889059190435,44.487272487056565,44.62903728666064,3.554371364464512,12.633555796525318,40.430940295847854,49.708114971145854,9.277174675298,9.277174675298,9.058288624365517,44.826546561271,44.93585357777451,3.132356964554558,9.811660153393445,40.261124308388176,48.80866506797768,8.547540759589502,8.547540759589502,-0.5808272862264587,22.620911441975746,25.85694102280074,12.525005572489238,156.87576459088646,4.986645383218218,40.07793592359104,35.091290540372825,35.091290540372825,13.276275519239565,-8.620911441975746,15.205126723617758,12.525005572489238,156.8757645908865,-26.07793592359104,9.013354616781784,35.091290540372825,35.091290540372825,-13.27627551923957,WARNING_1
188,SYNTHETIC,1880000,1889000,9000,14.219234667304889,14.562553890750527,3.143460083590718,9.881341297128165,10.516103350176722,19.602156946075084,9.086053595898361,9.086053595898361,-2.2443710945114788,158679.1669544217,159269.70513058483,13702.589063173866,187760947.03421202,133145.4992247341,177852.06564617512,44706.566421441006,44706.566421441006,28264.518878751784,43.70636100876994,43.76932834448395,2.3469365347877225,5.508111098321403,40.39115506596941,47.11395317525527,6.722798109285861,6.722798109285861,3.818745362412038,44.4858784524491,44.60453565432753,3.2513411466809115,10.571219252100343,40.34428657318598,49.37969888126134,9.035412308075358,9.035412308075358,-6.789851892267656,24.207837667761904,27.705242964794646,13.474460404394344,181.561083189591,4.781503731762719,42.35909627201274,37.57759254025002,37.57759254025002,29.070715902606054,-10.207837667761908,16.904467842584395,13.474460404394344,181.561083189591,-28.359096272012746,9.21849626823728,37.57759254025002,37.57759254025002,-29.070715902606054,WARNING_1
189,SYNTHETIC,1890000,1899000,9000,15.319743877975611,15.666281265102993,3.2768607218717554,10.737816190545882,10.372721450785416,19.668114782815,9.295393332029583,9.295393332029583,-8.96293369945009,149928.913438086,150849.65288116294,16641.474983974567,276938689.6422514,130693.36845105242,177373.74231321109,46680.37386215867,46680.37386215867,16256.117854352342,44.713439740508576,44.81341279299723,2.9917006413535296,8.950272727475122,40.83302260593253,49.58840555709003,8.7553829511575,8.7553829511575,-2.2812498479722265,44.09583388527016,44.15802130603208,2.342707755278791,5.488279626643392,41.28553318935147,47.85753378255864,6.5720005932071714,6.5720005932071714,-6.0246388904001975,30.650092128516008,32.50172186825767,10.813592229923383,116.93377691505938,3.554111344591812,42.60935141020697,39.05524006561516,39.05524006561516,14.853074995112276,-16.650092128516015,19.853446673137896,10.813592229923385,116.93377691505941,-28.60935141020697,10.445888655408188,39.05524006561516,39.05524006561516,-14.853074995112276,WARNING_1
190,SYNTHETIC,1900000,1909000,9000,14.879608979074266,15.175914955741455,2.984230449169385,8.90563137374971,10.37040975900539,18.825748173112856,8.455338414107466,8.455338414107466,-6.925688700970948,160532.05000767185,160905.66111435124,10958.681443531357,120092698.98079851,145859.16756321728,179367.02084121917,33507.85327800189,33507.85327800189,513.7070977551048,46.09119050686421,46.15440617286714,2.414822318504586,5.831366829947863,41.95715207632274,49.55225596252227,7.595103886199524,7.595103886199524,0.0316905142578392,45.34994745417562,45.436625117854014,2.8052037366137896,7.869168003911969,41.96824680090432,49.48167104086152,7.513424239957203,7.513424239957203,0.4545438958863315,26.53285403314093,28.174334297412667,9.476326817834059,89.80076995840098,11.770094493041718,39.95069003042679,28.180595537385074,28.180595537385074,27.177418436460112,-12.532854033140927,15.712199087792193,9.476326817834057,89.80076995840095,-25.95069003042679,2.229905506958282,28.180595537385074,28.180595537385074,-27.17741843646011,WARNING_1
191,SYNTHETIC,1910000,1919000,9000,15.508463239139274,15.762043696817791,2.815952673725048,7.929589460659246,11.137497122519612,19.61560666987716,8.478109547357548,8.478109547357548,-6.615869564544726,161347.83873266046,161588.1207147119,8808.841717938798,77595692.41169895,144015.2412894112,174287.37171959167,30272.130430180463,30272.130430180463,-7625.97536838206,46.61880380419692,46.74381857971769,3.4163880457810136,11.671707279355413,40.604474551335386,49.849109447315584,9.244634895980198,9.244634895980198,-5.510254252388407,45.010847665843556,45.0519020219704,1.9228801833306977,3.6974681994458978,42.27261671431851,48.68850955926995,6.415892844951443,6.415892844951443,3.750432866183658,22.375679792612758,25.25766182456731,11.716588012841713,137.27843466266611,7.719315540508271,41.33622181335213,33.61690627284386,33.61690627284386,33.61690627284386,-8.375679792612754,14.402445856556715,11.716588012841711,137.2784346626661,-27.33622181335213,6.280684459491729,33.616906272843856,33.616906272843856,-33.616906272843856,WARNING_1
192,SYNTHETIC,1920000,1929000,9000,14.866990722337912,15.193999669412092,3.1353170200177902,9.830212816013235,10.192412274878247,18.78678385605426,8.594371581176013,8.594371581176013,-4.156162407622675,157151.9091523621,157756.78444530655,13801.46688909011,190480488.29065067,138452.648290635,178737.99191794696,40285.34362731196,40285.34362731196,11178.986084490723,44.84978529063489,44.92976768574855,2.6796984306606686,7.180783679285251,40.14704029512856,48.47089196128464,8.32385166615608,8.32385166615608,0.4082142976527905,44.91261526542568,44.983671365603186,2.5273859120522424,6.387679548440144,40.1692598239128,49.63179353286097,9.462533708948165,9.462533708948165,-0.5908234749744636,22.15847499960199,25.96163271851552,13.528058216281782,183.008359103109,4.539946095291715,44.78548857742776,40.245542482136045,40.245542482136045,13.03585912709701,-8.158474999601994,15.797755328597788,13.528058216281782,183.00835910310903,-30.785488577427763,9.460053904708284,40.245542482136045,40.245542482136045,-13.035859127097014,WARNING_1
193,SYNTHETIC,1930000,1939000,9000,14.796972073291329,15.01777046258241,2.5657449462191657,6.583047129049189,12.474124388607418,19.92534122677264,7.451216838165223,7.451216838165223,-1.5486818113531449,156969.05966726254,157459.25797881637,12415.000218075642,154132230.41481823,133393.37129641685,175277.44687472453,41884.075578307675,41884.075578307675,1467.3381142266444,43.37072393306294,43.41078518140256,1.8645577459338298,3.476575587921844,40.79303524856238,46.266305783217135,5.473270534654752,5.473270534654752,3.235292494063117,45.41551016542282,45.54461594795062,3.4268758747134407,11.743478260693008,40.27631122819974,49.61925461787277,9.342943389673032,9.342943389673032,3.198627990470733,23.09230120978048,25.684084457579125,11.24356790617767,126.41781926082854,6.326061642166604,40.75342747261036,34.42736583044376,34.42736583044376,27.06642931715822,-9.092301209780478,14.459867238332587,11.24356790617767,126.41781926082851,-26.75342747261036,7.673938357833396,34.427365830443755,34.427365830443755,-27.06642931715822,WARNING_1
194,SYNTHETIC,1940000,1949000,9000,14.354309693492903,14.609817909548951,2.7203993408088083,7.400572573472999,10.469021391131085,18.1795444552587,7.7105230641276155,7.7105230641276155,-0.40286086891392614,162737.61183584685,162890.41714324182,7053.913173874767,49757691.064564,149132.0810199555,174518.00972471075,25385.928704755235,25385.928704755235,9106.768923252966,45.16684731309222,45.23606008163796,2.5014067053107856,6.257035505373759,41.76014302324763,49.33387724433554,7.573734221087911,7.573734221087911,7.292686198931243,44.01434876925985,44.11587982503332,2.9913132826128623,8.947955154736137,40.62758926671113,47.88067268495204,7.253083418240912,7.253083418240912,0.19373392234196984,24.87886587801993,27.55840442498788,11.853593846369426,140.5076870746871,4.620982280292503,41.84494990667834,37.223967626385836,37.223967626385836,-15.198515449712378,-10.87886587801993,16.08904626964052,11.853593846369426,140.5076870746871,-27.844949906678337,9.379017719707498,37.223967626385836,37.223967626385836,15.198515449712378,WARNING_1
195,SYNTHETIC,1950000,1959000,9000,14.03610040639021,14.17533789358844,1.9819409121204787,3.9280897791369553,10.551248471308693,16.713754258298813,6.1625057869901205,6.1625057869901205,-0.3778652234444593,158099.8439485885,158598.6182584077,12568.25592149114,157961056.9080971,135960.5150268475,178353.64290264843,42393.127875800914,42393.127875800914,15686.250849935488,45.438355715579455,45.539784384857796,3.0377280463870235,9.227791683806323,40.67954883408671,49.41663428544223,8.737085451355519,8.737085451355519,2.8292670943247984,44.93831737325896,45.00605379361742,2.468300981289909,6.092509734236729,40.12414887601215,49.70051734474176,9.576368468729612,9.576368468729612,3.201142109379795,25.05335595850981,27.98245641893024,12.463836586442039,155.34722245353115,3.2908852079470283,45.75734172441581,42.46645651646878,42.46645651646878,14.203659688478666,-11.053355958509808,16.65904860425875,12.463836586442039,155.34722245353115,-31.75734172441581,10.709114792052972,42.46645651646878,42.46645651646878,-14.203659688478666,WARNING_1
196,SYNTHETIC,1960000,1969000,9000,14.448457787201615,14.678155284744808,2.586563383049977,6.690310134534942,10.242904547512316,18.012242164486683,7.769337616974367,7.769337616974367,7.769337616974367,150208.9071997536,150491.81162519142,9223.31632808447,85069564.08790956,134795.81134189726,159882.3108098232,25086.499467925925,25086.499467925925,10528.117499650369,44.32370576353564,44.426142488322014,3.015168947208114,9.091243780208085,40.52401699102753,48.499721113339575,7.975704122312045,7.975704122312045,-0.9809128319348801,44.744016624711335,44.793248225857255,2.0995387376326624,4.408062910820153,41.75736248318753,49.13798530323994,7.380622820052409,7.380622820052409,2.8767188886481634,19.238724329074696,22.803085357688282,12.241412827769809,149.85218801988722,3.5321293326664103,44.99135968341734,41.459230350750936,41.459230350750936,3.1548128215944153,-5.238724329074692,13.31527020439038,12.241412827769807,149.8521880198872,-30.991359683417343,10.467870667333589,41.45923035075093,41.45923035075093,-3.154812821594412,WARNING_1
197,SYNTHETIC,1970000,1979000,9000,15.129264583059449,15.448088689684493,3.122306413557276,9.748797340140898,10.563368923973158,19.954549709290557,9.391180785317399,9.391180785317399,2.7755498623915713,157161.39645629702,157866.17445757744,14900.48662886241,222024501.7769075,131357.97080425013,177561.0431286518,46203.07232440167,46203.07232440167,-3422.4413440854405,46.18838195478841,46.291635134572054,3.0901223003178506,9.548855830921685,40.23967671691664,49.58769285018914,9.348016133272502,9.348016133272502,-1.9104263957194476,44.860816229311496,44.98325618819974,3.3167008507178695,11.00050453315264,40.413336789077256,49.19673622869888,8.783399439621626,8.783399439621626,-2.3844539040492236,23.143660510661714,27.141744259892565,14.17904297322808,201.0452596366486,7.135200127822483,45.33172130388354,38.196521176061054,38.196521176061054,-25.6073881031574,-9.143660510661714,16.871626690123364,14.17904297322808,201.0452596366486,-31.33172130388354,6.864799872177517,38.196521176061054,38.196521176061054,25.6073881031574,WARNING_1
198,SYNTHETIC,1980000,1989000,9000,15.140444223022666,15.335725834592642,2.4395564357751094,5.951435603331756,10.52296657614625,19.505341185720933,8.982374609574684,8.982374609574684,-0.17430184963968287,153183.24445259938,154194.87639149997,17633.874343579013,310953524.3651341,130260.08231001804,178440.7173994336,48180.63508941556,48180.63508941556,-45551.57443370772,47.60431871888338,47.66824587122787,2.4678945988033383,6.09050375080269,42.09968941641967,49.73107588834857,7.631386471928899,7.631386471928899,4.5434273732677966,45.633109934681976,45.70559673709758,2.5731013939241234,6.620850783414268,40.41578236352659,49.76994120438307,9.354158840856485,9.354158840856485,-1.444570519931716,27.830169037809945,30.8350860694168,13.277206944055163,176.28422423526663,3.6120464796016254,45.40160052706716,41.789554047465536,41.789554047465536,2.3087055024212226,-13.830169037809949,19.171796990623065,13.277206944055163,176.28422423526663,-31.40160052706716,10.387953520398373,41.78955404746553,41.78955404746553,-2.3087055024212226,WARNING_1
199,SYNTHETIC,1990000,1999000,9000,16.725390268278908,16.912584777710606,2.509351357823304,6.29684423700966,11.171481324684995,19.63745556221336,8.465974237528366,8.465974237528366,7.035073136245172,160893.49863061905,161424.61462805362,13083.894917593052,171188306.2146173,136397.97443453953,175347.85420690489,38949.879772365355,38949.879772365355,30704.771181753167,44.71002747917922,44.83256418742142,3.3124393474146356,10.972254430300696,40.64948592746768,49.52551655540657,8.876030627938889,8.876030627938889,3.8698699858834402,45.8879288845156,45.981207021310475,2.9273506496917148,8.569381826250504,41.499247120043215,49.73245349872787,8.233206378684656,8.233206378684656,-2.3737343587119355,17.169713721672345,17.727984382887293,4.413882757359118,19.482360995712128,9.106158257267454,23.7309434709851,14.624785213717646,14.624785213717646,8.115384995022552,-3.169713721672344,5.434100300240148,4.413882757359118,19.48236099571213,-9.7309434709851,4.893841742732546,14.624785213717646,14.624785213717646,-8.115384995022552,WARNING_1
200,SYNTHETIC,2000000,2009000,9000,24.067258990618306,24.235487135764146,2.8505931639382607,8.125881386291544,20.462888412165547,29.795526579610783,9.332638167445236,9.332638167445236,-3.9783589881171793,186231.83092051666,186258.85811074224,3172.9129691323856,10067376.70968849,180410.9167022505,189685.69561336693,9274.778911116417,9274.778911116417,811.9805927070556,54.785358146407745,54.86664192692018,2.9854529148369378,8.912929106708368,50.8430527208414,59.9106226617554,9.067569940913998,9.067569940913998,-0.6012853700075311,55.57457049181191,55.59307728936938,1.4343490343796488,2.0573571524258307,53.91768982511194,57.88788078357388,3.9701909584619344,3.9701909584619344,0.13955250765075533,52.558951535655,52.63687822414505,2.8631386023285983,8.197562656144159,46.48797694523832,55.79100624535939,9.303029300121068,9.303029300121068,0.5590164306130205,-38.558951535655,38.66510450244685,2.8631386023285983,8.197562656144159,-41.79100624535939,-32.48797694523832,9.303029300121068,9.303029300121068,-0.5590164306130205,WARNING_2
201,SYNTHETIC,2010000,2019000,9000,24.947302657239227,25.12901874757216,3.0165664825986527,9.099673343937607,20.534888621376517,29.35897059225464,8.824081970878122,8.824081970878122,-0.0003595004907346322,185666.40407168903,185681.62572064012,2377.504857655436,5652529.348175194,181364.3056865738,189750.2119399145,8385.906253340712,8385.906253340712,1206.3412696383311,55.172207312167316,55.30282915860291,3.79874364084393,14.430453248852197,50.62255546978577,59.98979301840109,9.367237548615314,9.367237548615314,-7.3020267535407655,54.50146794035616,54.554635463325376,2.407954086491042,5.798242882648908,51.85118393847853,59.86980412911358,8.018620190635055,8.018620190635055,-2.4641888904628786,52.19239705160667,52.247633504091084,2.4018527817625897,5.768896785260691,48.986273266454496,55.557811968341504,6.5715387018870075,6.5715387018870075,-0.7295809172788097,-38.192397051606676,38.26784667750244,2.4018527817625897,5.768896785260691,-41.557811968341504,-34.986273266454496,6.5715387018870075,6.5715387018870075,0.7295809172788097,WARNING_2
202,SYNTHETIC,2020000,2029000,9000,24.77680050460438,24.995475789732566,3.299085738525557,10.883966710142719,21.37915389987249,29.96470640658581,8.58555250671332,8.58555250671332,4.757558341303447,186334.17126712124,186359.49508129782,3072.136903102759,9438025.151405811,180205.1970878996,189651.0065890204,9445.809501120792,9445.809501120792,5058.898578341934,54.63171507963843,54.67839351622489,2.2588547922234627,5.102424972350902,50.31100766380592,59.05267596186653,8.74166829806061,8.74166829806061,2.323920631430944,53.72770590511912,53.78118218617073,2.3977438385105367,5.749175515115243,50.76680996247356,58.92226993629305,8.15545997381949,8.15545997381949,-5.360462628107683,51.74913636955813,51.777871463827495,1.7247777623562337,2.974858329518576,48.57380387746307,53.55650753508084,4.982703657617769,4.982703657617769,0.5116543550169297,-37.74913636955813,37.788518824862855,1.7247777623562337,2.974858329518576,-39.55650753508084,-34.57380387746307,4.982703657617769,4.982703657617769,-0.5116543550169297,WARNING_2
203,SYNTHETIC,2030000,2039000,9000,26.71719188300661,26.82830778998356,2.4392123238246666,5.949756760698131,21.194209275241302,29.994714493026223,8.80050521778492,8.80050521778492,-0.40177085046961025,186316.0840868979,186331.39930950932,2388.970314547476,5707179.163789066,182632.472871234,189950.56833122164,7318.095459987642,7318.095459987642,4699.324636092933,55.314907708039506,55.36092641562982,2.256802793300718,5.093158847849923,51.61927096241936,58.691229695727344,7.071958733307987,7.071958733307987,3.7936584608223143,54.005027094213595,54.12515655970864,3.604111702795431,12.989621166226978,50.14461036584403,59.89752954898579,9.752919183141756,9.752919183141756,9.735555212150466,51.48603380740119,51.53379053379293,2.2180824069423193,4.919889563987033,48.46324515132612,55.12876031836708,6.665515167040958,6.665515167040958,-0.7911539804605638,-37.486033807401185,37.55159943562473,2.2180824069423193,4.919889563987033,-41.12876031836708,-34.46324515132612,6.665515167040958,6.665515167040958,0.7911539804605638,WARNING_2
204,SYNTHETIC,2040000,2049000,9000,25.379172489089424,25.489619013011886,2.370291373975691,5.618281197543568,20.247875747859503,29.6251384699369,9.377262722077397,9.377262722077397,6.8360011396753,185691.57051948406,185708.68023230118,2520.8236016364935,6354551.630567582,182535.26266849687,189646.6376557764,7111.374987279531,7111.374987279531,-7111.374987279531,54.95343327869618,55.03424749473461,2.9813701876134555,8.888568195590292,50.62744460660904,59.23607676875983,8.60863216215079,8.60863216215079,6.274212119279667,56.33568156866532,56.42173329902557,3.1149591747425447,9.702970660312756,50.82388143451572,59.781389330635726,8.957507896120006,8.957507896120006,-8.934411757161762,52.49993043394507,52.58110739818542,2.9206437048085125,8.530159650437593,46.56737380931988,55.93007304994693,9.362699240627045,9.362699240627045,-4.9965294391298585,-38.49993043394507,38.61055300133692,2.920643704808514,8.530159650437602,-41.93007304994693,-32.567373809319875,9.362699240627052,9.362699240627052,4.996529439129866,WARNING_2
205,SYNTHETIC,2050000,2059000,9000,24.307189129403607,24.550488724573025,3.4477606127442386,11.887053242790529,20.112610087883816,29.720104560437928,9.607494472554112,9.607494472554112,9.607494472554112,184335.48359377857,184358.51418583293,2913.973413699707,8491241.055748725,180816.81533647957,189359.1505747347,8542.335238255124,8542.335238255124,-518.2229505318974,54.8701450754573,54.93086820287642,2.5821426993968917,6.667460920048666,50.985416688419576,59.23655910270345,8.251142414283876,8.251142414283876,0.04623318862911674,53.64273871266607,53.69068377846786,2.268503472351055,5.146108004068795,50.35464731597342,58.32503330292285,7.970385986949424,7.970385986949424,3.980138511159211,50.55327977627234,50.64626786907356,3.0676298550978682,9.410352927887768,46.65971134689468,55.51361715303845,8.853905806143771,8.853905806143771,-1.9566689353202449,-36.55327977627234,36.681774975188,3.0676298550978682,9.410352927887768,-41.51361715303845,-32.65971134689468,8.853905806143771,8.853905806143771,1.9566689353202449,WARNING_2
206,SYNTHETIC,2060000,2069000,9000,25.475949159604205,25.677631650409033,3.211974718354667,10.316781591349542,20.79627153288938,29.60499623366484,8.808724700775457,8.808724700775457,-7.702398691194851,184204.769088694,184214.4029946885,1883.9627571761555,3549315.670426782,182219.23180212188,188985.1590450294,6765.927242907521,6765.927242907521,-280.4749503903149,55.027852707377974,55.10652357987969,2.943529764577084,8.664367474951225,50.95216573933804,59.64859827335535,8.696432534017305,8.696432534017305,5.271888333156262,55.489100478745115,55.586289514686,3.2856217174562143,10.795310070219925,50.12266641972859,59.61594976066944,9.493283340940849,9.493283340940849,3.1765241174516703,51.67945900414752,51.7379082210438,2.458589865713172,6.044664127787514,47.61506514819535,55.60532142657696,7.990256278381608,7.990256278381608,5.8488729745220525,-37.679459004147525,37.75958547141403,2.458589865713172,6.044664127787515,-41.60532142657696,-33.61506514819535,7.990256278381608,7.990256278381608,-5.8488729745220525,WARNING_2
207,SYNTHETIC,2070000,2079000,9000,25.665882650886044,25.78500297735388,2.4756506807493994,6.1288462930949645,21.775052932214784,29.08174403261412,7.306691100399338,7.306691100399338,1.8710383960097872,185136.44853595266,185165.69391973154,3290.8400554055393,10829628.270261534,180829.6607582,189641.1931536488,8811.532395448798,8811.532395448798,-2111.047988730541,54.813947355636344,54.90550184052519,3.1694333331751783,10.04530765344192,50.52695301094859,59.94988761395388,9.422934603005288,9.422934603005288,-3.096750207844174,55.52107222131584,55.603871434699975,3.0333245658970456,9.2010579220745,50.26287186172471,59.93768208404384,9.674810222319131,9.674810222319131,3.2936052003466543,51.01350487815582,51.031375745624096,1.350418652656895,1.8236305374436637,48.78060391038691,53.22099595907402,4.440392048687109,4.440392048687109,-1.385139849727608,-37.01350487815582,37.03813135003855,1.3504186526568958,1.8236305374436654,-39.22099595907402,-34.78060391038691,4.440392048687109,4.440392048687109,1.385139849727608,WARNING_2
208,SYNTHETIC,2080000,2089000,9000,25.52657715718332,25.67548173722942,2.7611992099752696,7.624221077168054,21.409709533225467,29.576824979751912,8.167115446526445,8.167115446526445,-0.18300154550432168,186334.8747833806,186348.49794565712,2253.247892365708,5077126.064450506,181935.70139661772,189986.74160657264,8051.040209954925,8051.040209954925,-679.8711921666982,55.94355116558579,56.016913965375174,2.8659611280910435,8.213733187728888,50.82272665644858,59.02945320347988,8.206726547031302,8.206726547031302,-2.8446936232959317,55.21346805546516,55.25942676993678,2.253262574609143,5.077192230134222,51.395362941932326,58.6381109759826,7.242748034050273,7.242748034050273,3.861926026828563,49.210179630303344,49.253175232198636,2.0575449465183766,4.233491206943309,46.17876257428792,53.098567054619615,6.919804480331692,6.919804480331692,-3.082657970013372,-35.210179630303344,35.27024582853331,2.0575449465183766,4.233491206943309,-39.098567054619615,-32.17876257428792,6.919804480331692,6.919804480331692,3.082657970013372,WARNING_2
209,SYNTHETIC,2090000,2099000,9000,24.517660231555645,24.735827269796236,3.278031038777693,10.74548749118996,20.45842765321515,29.707285879194195,9.248858225979045,9.248858225979045,-4.302169115803057,184016.02847188144,184034.60499001978,2614.784746080758,6837099.268336615,180431.78319549348,188160.8019019032,7729.018706409726,7729.018706409726,-1201.6833216964442,54.34385092120048,54.379038376090364,1.9559350098219384,3.8256817626471458,51.2457548319824,58.6693451407279,7.423590308745496,7.423590308745496,1.0778963192809599,54.6703901308141,54.71696958517592,2.2572557519366683,5.095203529651174,50.672379430241,57.83947951697352,7.167100086732518,7.167100086732518,0.3025964210656156,51.62184385745678,51.69235615167414,2.699059330188013,7.284921267874966,46.40730315407099,55.34103523543661,8.93373208136562,8.93373208136562,0.34044414311561866,-37.621843857456774,37.718537305981705,2.699059330188013,7.284921267874966,-41.34103523543661,-32.40730315407099,8.93373208136562,8.93373208136562,-0.34044414311561866,WARNING_2
210,SYNTHETIC,2100000,2109000,9000,26.95055517790318,27.07109156973041,2.551778669776208,6.511574379524832,22.91707468874376,29.75217609085677,6.835101402113011,6.835101402113011,-6.09322065127774,185314.35082286908,185332.77298507164,2613.0674378400163,6828121.434699787,180945.1010715924,188675.42993381657,7730.328862224182,7730.328862224182,-4972.575769760733,54.02528293348556,54.07437034483762,2.3035477306728493,5.306332147488034,50.27174340980946,57.009240267703696,6.737496857894236,6.737496857894236,-1.2746682177504596,54.62170331268029,54.69565354210377,2.843245261911211,8.084043619380552,50.44754369987295,58.594799814221325,8.147256114348373,8.147256114348373,0.9085748928359294,51.533423763324,51.62664239309781,3.1010385380508216,9.616440014476378,47.01523214903984,55.91545153663061,8.900219387590774,8.900219387590774,5.9867323241070665,-37.53342376332401,37.661310909363365,3.1010385380508216,9.616440014476378,-41.91545153663061,-33.01523214903984,8.900219387590774,8.900219387590774,-5.9867323241070665,WARNING_2
211,SYNTHETIC,2110000,2119000,9000,24.607084417833313,24.741455055232468,2.575071786128126,6.630994703713097,20.204017880239483,29.43411281742629,9.230094937186806,9.230094937186806,-0.6028863679190515,184228.8678645462,184236.99339785907,1730.3125816890038,2993981.6303512654,181068.8914294117,186689.07927151505,5620.1878421033325,5620.1878421033325,2832.723383702076,54.29684601247517,54.336530446225055,2.076307788142487,4.311054031101147,50.8083256808784,57.36983660877684,6.561510927898446,6.561510927898446,-1.1074003691772845,54.28587462133346,54.375029388798886,3.1124970087707706,9.687637629606995,50.62002708906828,59.479143058992406,8.859115969924126,8.859115969924126,2.1129352916633977,50.48472256041109,50.57302737158294,2.9872873188223026,8.92388552519654,46.331012433220586,55.692123257927165,9.361110824706579,9.361110824706579,-6.887228413530913,-36.48472256041109,36.60681447265477,2.9872873188223026,8.92388552519654,-41.692123257927165,-32.331012433220586,9.361110824706579,9.361110824706579,6.887228413530913,WARNING_2
212,SYNTHETIC,2120000,2129000,9000,22.524739139833837,22.668567927167114,2.54952908416972,6.500098551027291,20.209065131955803,29.50642446737315,9.297359335417347,9.297359335417347,3.0614388007270676,184926.734077952,184952.8952665795,3110.705828709,9676490.752764145,180772.8190647686,189544.7158264466,8771.896761677985,8771.896761677985,-1107.0846044240461,56.02850466183445,56.11409872575957,3.098183526372669,9.598741163086988,50.923165513809536,59.97784333266217,9.054677818852632,9.054677818852632,4.751565247111891,55.168200213810806,55.23538611840499,2.7235206660080573,7.4175648181729725,51.33086410915198,59.34582003623974,8.014955927087762,8.014955927087762,-0.5955271061388956,51.440761267507995,51.48830750770004,2.2122138745453084,4.893890226730766,48.8874285569876,55.40883281668125,6.521404259693647,6.521404259693647,-1.8401884784199112,-37.440761267507995,37.50605943733968,2.212213874545309,4.893890226730768,-41.40883281668125,-34.8874285569876,6.521404259693647,6.521404259693647,1.8401884784199112,WARNING_2
213,SYNTHETIC,2130000,2139000,9000,24.958050048455686,25.11804262856434,2.8305128986027297,8.011803269156426,20.558322099655616,28.80732284117633,8.249000741520714,8.249000741520714,-8.249000741520714,185808.8086380739,185836.91279696647,3231.84009612931,10444790.406949107,181706.24383213365,189748.8779177085,8042.634085574857,8042.634085574857,-699.4164948464022,56.072288035991825,56.115602731752524,2.2044011333331026,4.859384356640268,51.84674774656588,58.71524499752776,6.86849725096188,6.86849725096188,2.4636540172419146,54.854057885499074,54.92997525917381,2.8869560903768816,8.33451546776417,51.184424746405966,59.31381824372157,8.129393497315604,8.129393497315604,1.700571711377485,53.08795286072086,53.13190106769677,2.160595317359901,4.668172125397531,48.5860935059399,55.7472932630849,7.161199757144999,7.161199757144999,-0.717778299989881,-39.087952860720854,39.14762101287042,2.160595317359901,4.668172125397531,-41.7472932630849,-34.5860935059399,7.161199757144999,7.161199757144999,0.717778299989881,WARNING_2
214,SYNTHETIC,2140000,2149000,9000,23.950708553619105,24.16291291188054,3.195296569447012,10.209920166719844,20.17786042997133,29.216249627678398,9.038389197707069,9.038389197707069,6.614202046903799,183159.37336372267,183178.54919228153,2650.440189392849,7024833.197548801,180257.7011903871,187171.621242176,6913.920051788911,6913.920051788911,3637.5743930368626,54.456301838435046,54.51310967749824,2.488034724880014,6.190316792208767,50.66052695036512,58.58786309188218,7.92733614151706,7.92733614151706,1.5588450988127391,54.00591000090433,54.09374879800601,3.081451605331239,9.495343995998468,50.16944293623072,59.642777095368245,9.473334159137522,9.473334159137522,-4.478164246289367,52.29380991224622,52.338248071740004,2.156306119468227,4.649656080856124,47.85104520897554,55.14630615997568,7.295260951000138,7.295260951000138,2.939569134249915,-38.29380991224622,38.354472147014384,2.156306119468227,4.649656080856124,-41.14630615997568,-33.85104520897554,7.295260951000138,7.295260951000138,-2.939569134249915,WARNING_2
215,SYNTHETIC,2150000,2159000,9000,24.842078435960342,24.962670614040753,2.4507270689915654,6.006063166687989,20.53643709982104,28.985729540807505,8.449292440986465,8.449292440986465,2.656989203865006,183735.53870979848,183762.66932011346,3157.6020448296413,9970450.673512332,180354.71859184536,189058.72769240383,8704.009100558469,8704.009100558469,1260.0472863572068,55.791985676184865,55.893775481872346,3.3717164658874923,11.368471926336841,50.46219876087609,59.8088239226759,9.346625161799807,9.346625161799807,9.346625161799807,56.110659263357675,56.17153913266308,2.61452205262697,6.835725563672744,50.4402907242208,59.09982848701021,8.659537762789405,8.659537762789405,-6.960655546010258,52.18438830766123,52.26140166079451,2.8361453605423224,8.043720506125739,46.60386594996863,55.47621227677316,8.872346326804532,8.872346326804532,6.673659540675914,-38.18438830766123,38.28957078548128,2.8361453605423224,8.043720506125739,-41.47621227677316,-32.60386594996863,8.872346326804532,8.872346326804532,-6.673659540675914,WARNING_2
216,SYNTHETIC,2160000,2169000,9000,25.50023503800255,25.69841819178854,3.1853901749511517,10.14671056667533,21.16672252868527,29.539282182932997,8.372559654247727,8.372559654247727,0.002201749133906361,185914.27819117246,185939.78293074435,3079.61701964062,9484040.987660175,180090.3733089124,189314.56612402765,9224.192815115239,9224.192815115239,5992.898901148612,54.102477629103056,54.19085719134288,3.0936899529399065,9.57091752492132,50.32305139764382,59.940693707478935,9.617642309835112,9.617642309835112,5.840977393845748,53.37310917463135,53.42186000454938,2.281741304038669,5.206343378556086,50.32583456590688,58.2934542823849,7.967619716478019,7.967619716478019,2.0324473433957095,51.81173018023933,51.85337296912498,2.0777160550129077,4.316904005258401,47.11036151684932,54.49228700974624,7.381925492896919,7.381925492896919,2.764967891734088,-37.81173018023934,37.86877134564153,2.0777160550129077,4.3169040052584,-40.49228700974624,-33.11036151684932,7.381925492896919,7.381925492896919,-2.764967891734088,WARNING_2
217,SYNTHETIC,2170000,2179000,9000,24.609889418095754,24.744109693784505,2.5737729828287303,6.6243073671391,20.98010662496792,28.88512081891117,7.905014193943249,7.905014193943249,1.556414563250069,186277.7556153953,186293.98051855457,2458.6460376932578,6044940.338664757,180719.18022051532,189566.3969262144,8847.216705699073,8847.216705699073,5278.770511596318,55.57356497842903,55.62339704872508,2.353970014346864,5.541174828444175,52.957037116281086,59.51117279954129,6.554135683260206,6.554135683260206,-1.3654605664301513,54.82315549701575,54.91777614569019,3.2223839215974643,10.383758138169853,51.27301295590955,59.92489547138154,8.65188251547199,8.65188251547199,-0.33139801344062647,50.951945604623646,51.00381532718416,2.2996558509869662,5.288417032978589,46.9010682265119,54.39233381698279,7.4912655904708885,7.4912655904708885,-7.4912655904708885,-36.951945604623646,37.02343448412159,2.2996558509869662,5.288417032978589,-40.39233381698279,-32.9010682265119,7.4912655904708885,7.4912655904708885,7.4912655904708885,WARNING_2
218,SYNTHETIC,2180000,2189000,9000,23.33568983809517,23.479676393174817,2.5963018523339194,6.74078330843254,20.541678319781152,28.743074084970537,8.201395765189385,8.201395765189385,-6.471939162778341,184208.7328327692,184232.7071013574,2972.0555243825283,8833114.040012704,180176.72192914147,189400.52921388292,9223.807284741459,9223.807284741459,1263.6013298348698,54.197126377157836,54.27894902819585,2.97922809866337,8.87580006386536,50.22358912075782,59.310831007334016,9.087241886576194,9.087241886576194,-1.8635443800401532,53.777475924148746,53.850550270979554,2.804433581830521,7.864847714898765,50.85507963604093,59.29522871558604,8.440149079545115,8.440149079545115,2.8689075833243294,51.67342966903901,51.73140632397473,2.4484824882058924,5.995066495050918,47.64094870779801,55.21761238504416,7.576663677246152,7.576663677246152,3.4496632555461915,-37.67342966903901,37.752912066793996,2.4484824882058924,5.995066495050918,-41.21761238504416,-33.64094870779801,7.576663677246152,7.576663677246152,-3.4496632555461915,WARNING_2
219,SYNTHETIC,2190000,2199000,9000,25.034745107672002,25.252703182817456,3.310672957779395,10.96055543337177,20.10445030813513,29.49095716584068,9.386506857705548,9.386506857705548,-1.3812250003037825,183492.20935034612,183508.79663350288,2467.2960108311213,6087549.605063164,180167.7040108151,186608.26164624025,6440.557635425153,6440.557635425153,-3101.570610888273,53.41726614311881,53.46407899823281,2.2368327886750996,5.003420924492023,50.947776130113525,57.60514644090339,6.657370310789865,6.657370310789865,1.0300780119747728,54.849850676503635,54.93085400416467,2.9820466783918294,8.892602392107742,50.19856767555157,59.78634961774559,9.58778194219402,9.58778194219402,1.258210013825618,52.22048962832057,52.30607484687834,2.990974567879586,8.945928865702475,46.67974871482748,55.36956501860013,8.689816303772645,8.689816303772645,5.342166953725709,-38.22048962832057,38.33734153921294,2.9909745678795874,8.945928865702484,-41.36956501860013,-32.679748714827475,8.689816303772652,8.689816303772652,-5.342166953725716,WARNING_2
220,SYNTHETIC,2200000,2209000,9000,24.985174337199545,25.046314044043864,1.7489741372056216,3.0589105326141484,22.13502821994004,27.7169354304382,5.581907210498159,5.581907210498159,-2.8996158460773103,184078.0028884999,184098.70677942832,2760.9220270327537,7622690.439354649,181183.983472301,188119.4366757163,6935.453203415294,6935.453203415294,-6068.528763768758,55.557038188326864,55.60569022642043,2.325573756606945,5.408293297418938,51.5683410889517,59.085483317442886,7.517142228491188,7.517142228491188,-6.974147679244481,55.22645549849328,55.29356866778908,2.72348106151808,7.417349092447648,50.10195829748443,59.047092565897046,8.945134268412616,8.945134268412616,0.7505189285952838,52.08698420811245,52.191771419470804,3.305613408451499,10.927080006134336,46.584870243585904,55.659838001748994,9.07496775816309,9.07496775816309,-3.125579317726668,-38.08698420811244,38.23016408642711,3.305613408451499,10.927080006134336,-41.659838001748994,-32.584870243585904,9.07496775816309,9.07496775816309,3.125579317726668,WARNING_2
221,SYNTHETIC,2210000,2219000,9000,23.774926236165445,23.9596388683799,2.969373194476068,8.817177168073009,20.100130368706456,27.069884812826253,6.969754444119797,6.969754444119797,6.822862748975318,184586.14350441593,184607.97635639922,2839.1126381362715,8060560.5720251,180798.076078095,188872.23209829576,8074.156020200753,8074.156020200753,1524.861542780418,55.45311699701475,55.53428911251665,3.001513376278628,9.009082547979528,50.64814403490208,59.856839261064366,9.208695226162284,9.208695226162284,-1.0427912456435848,55.66662438976486,55.70729903717643,2.1284019982685045,4.530095066233363,51.95721833851254,59.37048159438936,7.413263255876821,7.413263255876821,-2.0784159699868496,50.65589172451793,50.73509605810409,2.833832320192237,8.030605618966115,46.234343879996665,54.78896021974143,8.554616339744769,8.554616339744769,-7.725943169770979,-36.65589172451793,36.765268987708325,2.833832320192237,8.030605618966115,-40.78896021974143,-32.234343879996665,8.554616339744769,8.554616339744769,7.725943169770979,WARNING_2
222,SYNTHETIC,2220000,2229000,9000,25.635469891910567,25.77456826681779,2.6741452394732335,7.151052761797357,20.726388359796783,28.04871146477203,7.322323104975247,7.322323104975247,-4.373624026800584,184355.66308122952,184371.5060023457,2416.9640984468515,5841715.453181001,180767.7218523312,187471.0538092217,6703.331956890499,6703.331956890499,3755.4410864365636,55.01660404395693,55.08764255773786,2.7967198714840174,7.821642039553579,50.22837879874597,58.77041856287666,8.542039764130685,8.542039764130685,-1.106872174322561,55.17642258055919,55.20678031677304,1.8305693529603888,3.350984155997817,51.87883134375368,57.37386578363646,5.4950344398827795,5.4950344398827795,1.784350660891775,51.46841218232163,51.55797547677963,3.0376607274113083,9.227382694856999,46.24215612003331,55.73330008425586,9.491143964222552,9.491143964222552,-0.6673824876054439,-37.46841218232163,37.591346000897666,3.0376607274113083,9.227382694856999,-41.73330008425586,-32.24215612003331,9.491143964222552,9.491143964222552,0.6673824876054439,WARNING_2
223,SYNTHETIC,2230000,2239000,9000,24.742456383478054,24.844590240928675,2.2504480334667343,5.064516351334291,21.85362214222838,28.226329630463187,6.372707488234806,6.372707488234806,-1.2525589407118147,185341.3593713594,185369.79141494626,3246.5482588879077,10540075.597288106,180545.145867069,189939.1482075183,9394.002340449311,9394.002340449311,754.1574592364486,56.19557425363608,56.288058635529204,3.2253649810288403,10.402979260847172,50.83858265076109,59.70066384457327,8.86208119381218,8.86208119381218,2.624874357561559,54.47561270285828,54.526919983680415,2.364872841163642,5.592623554873397,51.19287321399983,57.514395318891445,6.3215221048916135,6.3215221048916135,-3.3898449314036654,51.0052634802753,51.10041012516549,3.1168914430583845,9.715012267810579,46.1963534574393,55.45491182447029,9.258558367030986,9.258558367030986,-9.021173613302068,-37.0052634802753,37.136296766269076,3.1168914430583845,9.715012267810579,-41.45491182447029,-32.1963534574393,9.258558367030986,9.258558367030986,9.021173613302068,WARNING_2
224,SYNTHETIC,2240000,2249000,9000,23.445893152270823,23.623603390637925,2.892184546404258,8.364731450459605,20.133233447481427,29.31341090467719,9.180177457195764,9.180177457195764,6.248257476331524,184808.58689270492,184822.59832499654,2275.755330555397,5179062.324551304,180786.49141735223,188217.0668848949,7430.575467542687,7430.575467542687,-2638.8070079557365,55.86236352331414,55.89083558125994,1.7837722838227172,3.181843560534112,52.306822107752936,58.61657622484963,6.309754117096695,6.309754117096695,-2.536514100638179,55.07363899377693,55.190188010505096,3.584848758041674,12.851140618032932,51.39925117881314,59.91869177568753,8.51944059687439,8.51944059687439,0.07603647196469865,49.63154887542462,49.69617657493148,2.533638173280766,6.419322393105498,46.142572039744906,54.2144575291462,8.071885489401296,8.071885489401296,3.890574967148602,-35.63154887542462,35.72151449273783,2.533638173280766,6.419322393105496,-40.2144575291462,-32.142572039744906,8.071885489401296,8.071885489401296,-3.890574967148602,WARNING_2
225,SYNTHETIC,2250000,2259000,9000,26.619548162085486,26.745751649368433,2.5951660710069584,6.734886936105693,23.134885466036245,29.82339983245633,6.688514366420087,6.688514366420087,1.2262071413021474,183548.53484669348,183558.81512092586,1942.669356938067,3773964.230386163,180505.9931475433,187805.2643330202,7299.271185476886,7299.271185476886,-1930.5216473396868,53.799559209226494,53.90894685809382,3.4324889281271913,11.781980241715754,50.14170594695005,59.05597142305554,8.914265476105491,8.914265476105491,6.711204546794441,54.31175634620119,54.40206133466447,3.133273057278825,9.817400051469395,50.22878079040898,58.98426180308672,8.755481012677734,8.755481012677734,1.3450513312116144,51.318948316831175,51.42777991076165,3.343963248026146,11.18209020414957,46.124368685903136,55.50538815579233,9.381019469889196,9.381019469889196,1.019707327974885,-37.31894831683118,37.46846665769053,3.343963248026146,11.18209020414957,-41.50538815579233,-32.124368685903136,9.381019469889196,9.381019469889196,-1.019707327974885,WARNING_2
226,SYNTHETIC,2260000,2269000,9000,24.670322778513984,24.832786661711854,2.8359244330602684,8.042467390028206,20.758232047187025,29.667494178306583,8.909262131119558,8.909262131119558,-6.0736118170345,183949.01455997728,183969.30538793205,2732.2824399151477,7465367.331468673,180497.6297675972,188784.26824978527,8286.638482188078,8286.638482188078,-3750.491563284246,53.306326347764546,53.34643716782764,2.068315693168115,4.2779298066055,50.56067481481384,57.24177523519278,6.681100420378947,6.681100420378947,-2.716133463747873,54.13413222448528,54.16534719916303,1.8386314225049758,3.380565507822671,51.7361317391982,57.83882524175016,6.102693502551958,6.102693502551958,4.16297090852531,51.635162923245005,51.68695059954598,2.313182260404795,5.350812169851437,46.8629402131711,54.46236612967635,7.599425916505247,7.599425916505247,-0.023366062892506534,-37.635162923245005,37.706183848661304,2.313182260404795,5.350812169851437,-40.46236612967635,-32.8629402131711,7.599425916505247,7.599425916505247,0.023366062892506534,WARNING_2
227,SYNTHETIC,2270000,2279000,9000,25.121127565132667,25.301021722185386,3.01175198893077,9.070650042828449,20.55856355655694,29.84001111873194,9.281447562175,9.281447562175,2.8444897170707186,183192.11376371072,183207.61633006667,2383.303616532389,5680136.128576364,180626.1409744416,189584.11173476544,8957.970760323835,8957.970760323835,-126.88862413479364,55.48453143384465,55.54719661396306,2.637768609444815,6.957823236972432,51.46713840338202,59.4419868825862,7.9748484792041765,7.9748484792041765,-2.1057696463673707,56.027255653361564,56.08606834650461,2.5678174626815524,6.593686521652325,52.29299221445052,59.77128746460159,7.478295250151071,7.478295250151071,2.6064440791122934,52.674418880776344,52.73083965595823,2.4386566783559886,5.947046394890265,47.82401286199472,55.95882489291253,8.134812030917814,8.134812030917814,-4.8105980320161805,-38.674418880776344,38.75122865356193,2.4386566783559886,5.947046394890265,-41.95882489291253,-33.82401286199472,8.134812030917814,8.134812030917814,4.8105980320161805,WARNING_2
228,SYNTHETIC,2280000,2289000,9000,25.743625491932725,25.922932504079768,3.04371091633012,9.26417614218714,21.34528491800439,29.558842345999444,8.213557427995056,8.213557427995056,-5.400616593586612,184978.3723699258,185005.7035885188,3179.955291499322,10112115.655934539,180771.9195898441,189613.84646868685,8841.926878842758,8841.926878842758,1368.2648026654497,55.69465387568016,55.785255365325504,3.178088394422515,10.100245842763078,50.50021129377568,59.56865314313076,9.068441849355082,9.068441849355082,2.958036246554485,56.65074591264779,56.75604608915845,3.455684478551006,11.94175521529834,50.13682230816727,59.99694430858246,9.860122000415188,9.860122000415188,6.8176903716930255,50.1898794092246,50.23403672597992,2.1058135422186317,4.434450674591381,47.09132087925551,53.47291952674609,6.381598647490577,6.381598647490577,-0.774949698477883,-36.1898794092246,36.25109408457641,2.1058135422186326,4.434450674591385,-39.47291952674609,-33.091320879255505,6.381598647490584,6.381598647490584,0.774949698477883,WARNING_2
229,SYNTHETIC,2290000,2299000,9000,25.756817075399276,25.893826349147552,2.6601911856534786,7.07661714422846,20.706213449986997,29.874977825488426,9.168764375501429,9.168764375501429,6.753334889276029,186233.3927242668,186246.4692441393,2206.975377554436,4870740.317131545,181636.34339601832,188761.5187288807,7125.175332862389,7125.175332862389,-1926.5848410723556,55.1165020699796,55.20073113887196,3.048264725374541,9.291917835962726,50.49830045732216,59.99947784879989,9.501177391477732,9.501177391477732,-5.4294256281179045,54.300752719079185,54.34890549828706,2.287309118407891,5.231783003151883,50.209222952259466,57.69656610182616,7.487343149566691,7.487343149566691,-1.082919093801955,51.286274025061765,51.3597705825969,2.746658137311802,7.544130923261138,47.037799765758,54.848664848700245,7.810865082942243,7.810865082942243,-3.192708056267662,-37.286274025061765,37.38730214384634,2.746658137311802,7.544130923261138,-40.848664848700245,-33.037799765758,7.810865082942243,7.810865082942243,3.192708056267662,WARNING_2
230,SYNTHETIC,2300000,2309000,9000,24.969218576427995,25.07703011422166,2.322835128058639,5.395563032143193,21.317848763945616,28.70438262364358,7.386533859697963,7.386533859697963,-1.1176232548630978,186022.47329295042,186050.9526736991,3255.214396096566,10596420.76455433,180109.1505326547,189875.54534167497,9766.394809020276,9766.394809020276,-2727.0991176453244,55.189850743654816,55.23420592024921,2.213115119824653,4.897878533596488,51.62889711896496,58.79751191046808,7.168614791503124,7.168614791503124,1.9449662330521562,55.86162157008978,55.95281459274744,3.1932266456440033,10.196696410450853,51.5991310868536,59.666559055183775,8.067427968330172,8.067427968330172,-3.348422759826562,52.010730292018856,52.07719839580852,2.630309344406843,6.918527247273957,48.74332032515361,55.878229806286775,7.134909481133164,7.134909481133164,-5.799252472182765,-38.01073029201886,38.10162915913011,2.6303093444068426,6.918527247273955,-41.878229806286775,-34.74332032515361,7.134909481133164,7.134909481133164,5.799252472182765,WARNING_2
231,SYNTHETIC,2310000,2319000,9000,25.935532991357046,26.0901224452288,2.8359509271604053,8.042617661261962,20.363041944305817,29.99063520760141,9.627593263295594,9.627593263295594,3.869104721907668,183357.32194180615,183369.5475060179,2117.4141991151228,4483442.890614337,180141.52282551295,186924.865749678,6783.342924165045,6783.342924165045,-1559.8940884603944,55.87109152956708,55.91469972949295,2.207889746816295,4.874777134096521,51.96391999826296,59.15018658634693,7.186266588083974,7.186266588083974,-0.5489434960361166,54.03400480977483,54.10039579749899,2.6793935252733205,7.1791496632765925,50.2315975057218,57.802420490025526,7.5708229843037245,7.5708229843037245,-5.273345871447475,51.08058259173094,51.16427003735744,2.925168464377207,8.556610544986908,46.44611654625846,55.553259796559416,9.107143250300958,9.107143250300958,4.8996712989875135,-37.08058259173094,37.19578223249467,2.925168464377208,8.556610544986913,-41.553259796559416,-32.44611654625846,9.107143250300958,9.107143250300958,-4.8996712989875135,WARNING_2
232,SYNTHETIC,2320000,2329000,9000,24.10683390858734,24.257818091420425,2.702276347864493,7.302297460227862,20.12996719976984,28.897109347711957,8.767142147942117,8.767142147942117,0.8049341421683565,185076.6091018427,185100.73914427886,2988.7112811505394,8932395.122076498,180443.2699013911,189618.28957983377,9175.01967844268,9175.01967844268,6103.596618786687,53.50327734999867,53.5278001573828,1.6200933608372432,2.624702497828914,51.12679231380161,55.91944969696036,4.792657383158755,4.792657383158755,0.9719243746639776,55.020297618722545,55.11639093104667,3.253213674377648,10.583399211157717,50.32096038840924,59.83885114981472,9.517890761405482,9.517890761405482,3.103175657140973,51.264747068238265,51.32821881900094,2.5518140921309747,6.511755160798231,47.86995037287228,55.66507069210352,7.795120319231238,7.795120319231238,-3.7973373722704906,-37.264747068238265,37.352016400999965,2.5518140921309747,6.511755160798231,-41.66507069210352,-33.86995037287228,7.795120319231238,7.795120319231238,3.7973373722704906,WARNING_2
233,SYNTHETIC,2330000,2339000,9000,25.52191902804214,25.69715123815148,2.9958689695129483,8.975230882490575,20.17538557180341,29.31965264755956,9.14426707575615,9.14426707575615,3.2542221163722687,183982.42754338024,184000.02062932434,2544.395180908184,6473946.83662879,180355.4339030627,189565.12720193615,9209.693298873462,9209.693298873462,-3900.2281465847336,54.487656902232324,54.534257970286916,2.2540048079844097,5.080537674416836,50.96513804681753,57.28955663707671,6.324418590259178,6.324418590259178,3.478327644786063,54.13465201747273,54.185207946951344,2.340130594965695,5.476211201494499,50.50895776349842,58.68058450331722,8.171626739818798,8.171626739818798,-2.1684943979224798,49.24629249032875,49.30844405955171,2.4749407126091043,6.125331530930061,46.437071772770544,54.30968037029847,7.872608597527929,7.872608597527929,1.9285033605271664,-35.24629249032875,35.33307891827055,2.4749407126091048,6.1253315309300636,-40.30968037029847,-32.437071772770544,7.872608597527929,7.872608597527929,-1.9285033605271664,WARNING_2
234,SYNTHETIC,2340000,2349000,9000,26.282484683852914,26.43897905271251,2.872387890381104,8.25061219280801,20.279947183372716,29.75942606708893,9.479478883716215,9.479478883716215,0.5588295617612893,184715.3667572274,184735.48350504774,2726.196909015768,7432149.586727129,180573.4244477469,189669.6188312352,9096.194383488299,9096.194383488299,3541.1748902955733,55.109386897160775,55.20608548331555,3.2660909678371564,10.667350210187452,51.10729760751349,59.46399962418572,8.35670201667223,8.35670201667223,-2.1241734716441982,54.34478616361233,54.44710784122012,3.3364305934191645,11.131769104703357,50.68466208082143,58.49390714444629,7.809245063624857,7.809245063624857,6.016300566629049,51.23685573099628,51.317901074233674,2.8829820439793536,8.311585465907372,46.21006533307943,55.77573329474204,9.565667961662612,9.565667961662612,2.5962264759446896,-37.23685573099628,37.348293270200955,2.882982043979353,8.31158546590737,-41.77573329474204,-32.21006533307943,9.565667961662612,9.565667961662612,-2.5962264759446896,WARNING_2
235,SYNTHETIC,2350000,2359000,9000,25.78167786958503,25.819031803291026,1.3883405519910652,1.9274894883028555,22.71373435129455,27.450958824932137,4.7372244736375855,4.7372244736375855,4.409737097944966,183028.86795205245,183047.84945019573,2636.0357606942084,6948684.531658694,180404.94179033733,189227.39409601796,8822.452305680636,8822.452305680636,535.616383063345,56.23265520033029,56.300771586391576,2.7686405226759554,7.665370343803387,52.228886920643006,59.94267599643087,7.713789075787865,7.713789075787865,1.1889304873513638,55.31267961765419,55.38662292879705,2.8610265590324437,8.185472971489025,50.93697052793368,58.9041974160459,7.967226888112222,7.967226888112222,-6.403275837627007,50.874963560748,50.99241495782734,3.4589689105015715,11.96446592381643,46.15684851313699,55.64401015396561,9.487161640828617,9.487161640828617,4.4444822841049145,-36.874963560748,37.03683846564539,3.4589689105015715,11.96446592381643,-41.64401015396561,-32.15684851313699,9.487161640828617,9.487161640828617,-4.4444822841049145,WARNING_2
236,SYNTHETIC,2360000,2369000,9000,25.293226393138227,25.44995550485558,2.8200946481607,7.952933824584622,20.863469026572403,29.875229492986943,9.01176046641454,9.01176046641454,1.6245615337697146,186442.3700141989,186458.25135561868,2433.5492770057463,5922162.08361519,181717.7862986796,189233.21222946237,7515.425930782774,7515.425930782774,-123.28584374164348,55.226806372201494,55.320167620168554,3.212600730080038,10.320803450910793,50.61388116194742,59.89647216782727,9.282591005879851,9.282591005879851,1.8109459003625972,54.155340580734105,54.218116171685054,2.608295955414072,6.803207791029405,50.33601611644811,59.70297844177998,9.366962325331876,9.366962325331876,4.605111023087019,52.55092362812745,52.6472977887516,3.1840839009366753,10.138390288204114,47.586888871073256,55.68127680990864,8.094387938835382,8.094387938835382,7.39140036125162,-38.55092362812746,38.68219361502034,3.184083900936674,10.138390288204107,-41.68127680990864,-33.586888871073256,8.094387938835382,8.094387938835382,-7.391400361251613,WARNING_2
237,SYNTHETIC,2370000,2379000,9000,23.534880798476614,23.682299326766895,2.638311430457082,6.960687204080493,20.24807980374595,27.780638116649143,7.532558312903195,7.532558312903195,-2.180127806158339,183905.8976459633,183932.40486919903,3122.5585662106764,9750371.999415675,180627.8545378784,189600.86099774565,8973.006459867262,8973.006459867262,1167.7050573579909,53.67204033321144,53.76953381832474,3.236487835616386,10.47485351009284,50.220410053968784,59.004304605018746,8.783894551049961,8.783894551049961,-6.384937781280904,55.74430283107411,55.844520684859226,3.344128047664175,11.183192399174205,50.37069478692791,59.36450247320986,8.993807686281947,8.993807686281947,8.286543790854992,50.9785433963686,51.046349009661434,2.630182579351993,6.917860400726704,47.31271562720382,55.26312000664493,7.95040437944111,7.95040437944111,-1.4642205885858104,-36.9785433963686,37.07196423333733,2.630182579351993,6.917860400726704,-41.26312000664493,-33.31271562720382,7.95040437944111,7.95040437944111,1.4642205885858104,WARNING_2
238,SYNTHETIC,2380000,2389000,9000,24.83206748487091,24.975057795691995,2.6686956223916476,7.121936324972343,20.31578573987728,28.188415172964675,7.872629433087393,7.872629433087393,-4.8365622521115625,183726.32042114815,183736.43244536236,1927.6390364389745,3715792.254803378,181402.9264700445,187061.7372187429,5658.810748698394,5658.810748698394,-3565.963212409464,55.57218698927757,55.60883808656169,2.0186397811902554,4.0749065662038415,51.95799058853235,57.854251262780906,5.896260674248559,5.896260674248559,-0.2984907292988339,54.6859599658952,54.758420618811236,2.8160985911645553,7.930411275158994,50.34066362639079,59.94711100440465,9.606447378013854,9.606447378013854,7.277084163479486,49.86519500985055,49.91726339013589,2.2793663570773153,5.195510989775911,46.58103987067296,53.10493468376179,6.52389481308883,6.52389481308883,-4.970425178816527,-35.86519500985055,35.93755311765654,2.2793663570773153,5.195510989775911,-39.10493468376179,-32.58103987067296,6.52389481308883,6.52389481308883,4.970425178816527,WARNING_2
239,SYNTHETIC,2390000,2399000,9000,26.043950242930144,26.160138321007544,2.462822104421325,6.065492718026284,20.636303230663305,29.342161298073087,8.705858067409782,8.705858067409782,1.205232575217849,186154.45303617363,186171.2363125679,2499.7689799318164,6248844.953029354,181487.16936657115,189779.29509133904,8292.125724767888,8292.125724767888,6409.544353938516,53.49101451237758,53.53729230858172,2.2255413209226935,4.953034171134328,50.63952618577365,57.66140812599235,7.021881940218705,7.021881940218705,2.3336142623248364,54.92443498138467,55.01804596347784,3.2080872206047784,10.291823615007692,50.74378710647134,59.15927984888319,8.41549274241185,8.41549274241185,-5.756448822666016,51.14440891855309,51.204756023622934,2.4852516594052303,6.176475810576451,47.40932765318621,54.94510402897773,7.535776375791521,7.535776375791521,0.3325714753525304,-37.14440891855309,37.22745747051849,2.485251659405231,6.176475810576455,-40.94510402897773,-33.40932765318621,7.535776375791521,7.535776375791521,-0.3325714753525304,WARNING_2
240,SYNTHETIC,2400000,2409000,9000,25.00039769272322,25.13114733482057,2.5602112354528557,6.554681570139039,21.613032692810865,29.281493328912948,7.668460636102083,7.668460636102083,-6.538317494881099,184477.39068258042,184489.4243060683,2107.13258508113,4440007.731110685,181653.1441764405,187866.0760714179,6212.931894977402,6212.931894977402,-5985.683649816201,56.185503026262055,56.218131530315006,1.915088103899272,3.6675624456965084,52.14781904252237,59.35578942569679,7.20797038317442,7.20797038317442,-0.7921978109931374,53.45378547353853,53.490817243693286,1.990062297295605,3.9603479471174614,50.843254335654215,56.798099103496064,5.954844767841848,5.954844767841848,-0.27376645406579314,51.91576474327549,51.98778307603409,2.7355000057849055,7.482960281649217,47.34631514067399,55.3016492246461,7.955334083972112,7.955334083972112,5.655017742424498,-37.91576474327549,38.014315413394755,2.735500005784906,7.48296028164922,-41.3016492246461,-33.34631514067399,7.955334083972112,7.955334083972112,-5.655017742424498,WARNING_2
241,SYNTHETIC,2410000,2419000,9000,23.814012152089497,24.002469762931288,3.0018960575883535,9.0113799405645,20.276639237827595,29.660130593275515,9.38349135544792,9.38349135544792,2.163035651044595,186338.2039782463,186361.13061195624,2923.1389170005177,8544741.12808296,180757.3719922212,189471.46325802672,8714.091265805531,8714.091265805531,7867.836147898837,56.688277883111446,56.77342926566832,3.1082826819614517,9.661421230981475,50.12588213445069,59.6629647539581,9.537082619507409,9.537082619507409,-4.998119832124495,54.695445307350624,54.748334654708486,2.4059114893468774,5.78841009457131,52.42677230181493,58.82122664578521,6.394454343970281,6.394454343970281,-2.6457701405493594,50.177884866029515,50.26510539628832,2.9598464270058757,8.760690871459449,46.11304198161259,54.59200727235601,8.478965290743417,8.478965290743417,-1.3845427829418355,-36.177884866029515,36.298760918950755,2.9598464270058753,8.760690871459447,-40.59200727235601,-32.11304198161259,8.478965290743417,8.478965290743417,1.3845427829418284,WARNING_2
242,SYNTHETIC,2420000,2429000,9000,24.141517717917594,24.23193414581685,2.0913523669328558,4.373754722675659,21.20336095462458,27.86893439430354,6.665573439678962,6.665573439678962,4.34934305723597,184323.77119671143,184353.62798897494,3317.758960463612,11007524.519736586,180742.41193105248,188865.34241902624,8122.930487973761,8122.930487973761,1647.6616359241598,54.3944197555068,54.48397139651428,3.122537205209523,9.750238597917699,50.207575162134326,59.97810773233613,9.770532570201802,9.770532570201802,1.5183059495036275,56.13056328147697,56.199888766122385,2.7905847108876274,7.787363028639783,51.862168913366894,59.905411621298974,8.04324270793208,8.04324270793208,5.777387486635455,50.87724215492586,50.95547369868987,2.8225043076869207,7.966530566911224,47.17559252071872,55.42637122033045,8.250778699611729,8.250778699611729,-2.2064836043916145,-36.87724215492586,36.985098614441355,2.8225043076869207,7.966530566911224,-41.42637122033045,-33.17559252071872,8.250778699611729,8.250778699611729,2.2064836043916145,WARNING_2
243,SYNTHETIC,2430000,2439000,9000,25.232371380482455,25.429095739678285,3.15695179803782,9.966344655134225,20.13902909207355,29.962981371958204,9.823952279884654,9.823952279884654,4.128877371976692,184970.8070986318,184992.56328935904,2837.074840087791,8048993.648259166,180351.82585134363,188492.9947968023,8141.168945458659,8141.168945458659,7170.033636230597,54.54771706862641,54.63581582968801,3.101440629235095,9.618933976670181,50.28013976352674,59.7449659124558,9.464826148929056,9.464826148929056,1.521723031744088,54.881230314674255,54.9366952112419,2.468003217292839,6.091039880567802,51.26852610721186,59.61273304739363,8.34420694018177,8.34420694018177,-8.34420694018177,51.50002592212288,51.57444257836066,2.7695590423913297,7.670457289291579,46.542723090132,54.78802135506803,8.245298264936032,8.245298264936032,3.652103600052712,-37.50002592212288,37.60215953172344,2.7695590423913297,7.670457289291579,-40.78802135506803,-32.542723090132,8.245298264936032,8.245298264936032,-3.652103600052712,WARNING_2
244,SYNTHETIC,2440000,2449000,9000,24.186077525311536,24.38734887832262,3.1267298016688025,9.77643925264383,20.45558702526033,29.8944569651788,9.438869939918472,9.438869939918472,-0.2885357911131088,183498.50526330402,183513.95294351125,2381.0693157598257,5669491.086452965,180257.48351877308,187884.28781706127,7626.804298288189,7626.804298288189,2219.2143301262404,55.36544592112237,55.40605328963103,2.1208816772059693,4.498139088708005,51.71364335998295,58.44237849418416,6.728735134201209,6.728735134201209,-3.8920386989856226,54.88905966438024,54.98585917453847,3.261263301587917,10.635838322284119,50.71456030749437,59.48771186565234,8.77315155815797,8.77315155815797,-7.093782012422203,50.89795585439907,50.94928294761062,2.2863776414515087,5.227522719329363,47.342589461913214,53.33235135821975,5.98976189630654,5.98976189630654,5.1154913375905835,-36.89795585439907,36.968725552181425,2.2863776414515087,5.227522719329363,-39.33235135821975,-33.342589461913214,5.98976189630654,5.98976189630654,-5.1154913375905835,WARNING_2
245,SYNTHETIC,2450000,2459000,9000,25.282336861394192,25.38971526993343,2.332613194526474,5.441084315279002,21.827470226038383,28.963360704043566,7.135890478005184,7.135890478005184,1.4864572745766687,184204.66193018502,184243.2110554721,3768.7323090736554,14203343.217455646,180053.96551993402,189603.82689684263,9549.861376908608,9549.861376908608,-8320.83331620798,55.520727507228365,55.579581413763286,2.557085684375344,6.53868719723732,51.41631292948995,58.77218828738005,7.355875357890099,7.355875357890099,-1.4423075474825922,54.77211543356982,54.80395638997859,1.8678883602553271,3.4890069263773347,51.43213129730246,57.98135352928681,6.549222231984345,6.549222231984345,0.6771867494662018,50.84430837808913,50.91247943929211,2.6337935017986664,6.936868210116883,46.89710671186943,55.12309049647106,8.225983784601631,8.225983784601631,-4.234870254760239,-36.84430837808914,36.938326005246175,2.633793501798666,6.936868210116879,-41.12309049647106,-32.89710671186943,8.225983784601631,8.225983784601631,4.234870254760239,WARNING_2
246,SYNTHETIC,2460000,2469000,9000,24.828155847035834,25.00106669382538,2.935304594825749,8.616013064405154,20.260332106090832,29.734934180607464,9.474602074516632,9.474602074516632,-7.108474234888909,185830.95735483972,185841.43652419612,1973.5293158606437,3894817.9605613807,182898.15114160397,188737.0803092941,5838.929167690134,5838.929167690134,2642.917017071886,53.91311148145991,53.989030271899956,2.862132087763566,8.19180008780583,50.88357990679877,58.44598431566197,7.562404408863195,7.562404408863195,-5.89170638749313,53.54227178043671,53.5940951075928,2.35630282254923,5.552162991553469,50.64120127874751,57.40173032150993,6.760529042762421,6.760529042762421,1.8897320355163885,51.23314991860143,51.29784627654062,2.5755352899355257,6.633382029703273,47.39343116505137,55.36681092760344,7.973379762552071,7.973379762552071,2.672473000399606,-37.23314991860143,37.3221225935872,2.5755352899355257,6.633382029703273,-41.36681092760344,-33.39343116505137,7.973379762552071,7.973379762552071,-2.672473000399606,WARNING_2
247,SYNTHETIC,2470000,2479000,9000,24.937870514308123,25.076821171135997,2.636204518002369,6.949574260736104,20.7613572596097,28.97183452132679,8.210477261717092,8.210477261717092,6.537201785198068,183593.68915119895,183623.81630755583,3326.141789512767,11063219.203943193,180245.13044799396,188571.5610349881,8326.43058699413,8326.43058699413,4465.291324251681,55.19229043587327,55.25652392119536,2.663552570505482,7.094512295846362,50.41945451173867,59.66414199352427,9.244687481785597,9.244687481785597,-2.57713968119959,55.44904588493929,55.511086256316666,2.6237392793732606,6.884007806126116,50.60974362077198,59.50048409032824,8.890740469556263,8.890740469556263,2.957016146074835,49.59143424104399,49.67157619211661,2.8204842359877906,7.955131325455632,46.29680291838666,54.40604193445215,8.109239016065487,8.109239016065487,1.4193927053512567,-35.59143424104399,35.70301559616518,2.8204842359877906,7.955131325455632,-40.40604193445215,-32.29680291838666,8.109239016065487,8.109239016065487,-1.4193927053512567,WARNING_2
248,SYNTHETIC,2480000,2489000,9000,25.239940794905422,25.470206620481935,3.417135344072706,11.676813959710891,20.612297161527508,29.93554184301738,9.323244681489872,9.323244681489872,-3.3440061061640947,185665.65590239112,185684.16728429674,2621.8692563864975,6874198.397584686,181240.1935337836,189547.2713154048,8307.077781621192,8307.077781621192,1128.3896924939472,55.39852179622052,55.466626648085146,2.747809038443102,7.5504545117496065,50.93320321280958,58.81776649630541,7.8845632834958295,7.8845632834958295,-6.382582618845703,54.26048107533147,54.3318823789172,2.784535205395878,7.753636310089066,51.566828006012734,59.92024378493539,8.353415778922653,8.353415778922653,6.356424724953861,51.20370863849613,51.27333792709708,2.671217671828581,7.135403850289305,47.02374230876538,54.54297281769063,7.519230508925254,7.519230508925254,-6.868303875315895,-37.20370863849613,37.29948176997102,2.671217671828582,7.13540385028931,-40.54297281769063,-33.02374230876538,7.519230508925254,7.519230508925254,6.868303875315895,WARNING_2
249,SYNTHETIC,2490000,2499000,9000,26.369867263116106,26.47195183311408,2.322570640550954,5.394334380349268,22.60690398287901,29.505873004748626,6.898969021869615,6.898969021869615,5.128093536257424,183319.40010574387,183345.8753917787,3115.697040445065,9707568.047838137,180160.408447228,189880.23829113704,9719.829843909043,9719.829843909043,2897.604862055916,54.48042214801944,54.54699991654092,2.694216485122743,7.258802468707147,50.10123657471822,59.19872834267604,9.09749176795782,9.09749176795782,2.157582022218911,54.786036630481604,54.836914731157755,2.36165356388161,5.57740755579471,51.04337235263771,58.2512535413856,7.207881188747891,7.207881188747891,5.135871460422123,52.824411557699435,52.88422161921656,2.514446231917483,6.322439853204029,48.51368482976461,55.99131766210272,7.4776328323381165,7.4776328323381165,1.4302042321896238,-38.82441155769943,38.905749866245074,2.514446231917482,6.322439853204025,-41.99131766210272,-34.513684829764614,7.477632832338109,7.477632832338109,-1.4302042321896238,WARNING_2
250,SYNTHETIC,2500000,2509000,9000,24.26272975303942,24.445900095948915,2.9869677654923867,8.921976432090583,20.271157409139544,27.84320339748852,7.572045988348975,7.572045988348975,4.120504671240411,184966.18081994605,184982.8279937256,2481.6537710378034,6158605.439306149,180037.4363179715,188856.3805720632,8818.944254091708,8818.944254091708,-2129.247115351027,55.36331451463951,55.4384284487075,2.8849185110791313,8.322754815567032,50.56121732977649,58.870363069447286,8.309145739670797,8.309145739670797,-0.5313926422213058,54.785325424730125,54.85210071915246,2.7057478468004,7.3210714104650005,51.361858456710834,58.30901101313011,6.947152556419276,6.947152556419276,-0.10572842240377156,52.13618870421728,52.21858003542742,2.9322224190169144,8.597928314585406,46.76464731064326,55.28967398580633,8.525026675163069,8.525026675163069,8.126490272128095,-38.13618870421728,38.24874922397143,2.9322224190169144,8.597928314585406,-41.28967398580633,-32.76464731064326,8.525026675163069,8.525026675163069,-8.126490272128095,WARNING_2
251,SYNTHETIC,2510000,2519000,9000,25.30208229575512,25.477873756614127,2.9877554546519205,8.926682656802305,20.70911634774419,29.52510200799156,8.815985660247371,8.815985660247371,3.986275309511921,184812.08733522738,184834.8286822655,2899.356618066415,8406268.798725521,181231.30941816376,189975.37415494112,8744.064736777364,8744.064736777364,2984.0422567754285,53.637941115553076,53.689536134394764,2.353202756020507,5.537563210942511,50.14402122098011,57.49973022120251,7.355709000222404,7.355709000222404,1.9619375558403789,54.53763981042167,54.5806335057968,2.1659634814132254,4.6913978028157,51.117489932300174,58.51904462572901,7.401554693428835,7.401554693428835,2.0340261689146075,51.76913340410874,51.84794553989112,2.8576709564097884,8.166283295108036,46.51984185836472,55.6863822956332,9.16654043726848,9.16654043726848,-3.333400806737494,-37.76913340410874,37.87708702358816,2.8576709564097884,8.166283295108036,-41.6863822956332,-32.51984185836472,9.16654043726848,9.16654043726848,3.333400806737494,WARNING_2
252,SYNTHETIC,2520000,2529000,9000,25.761373355746247,25.942995696288158,3.0644197694626074,9.390668523473261,20.289656654994698,29.62524262416865,9.335585969173952,9.335585969173952,-3.932243824095103,185199.83263355037,185230.21699195338,3354.8888790925866,11255279.391059112,180157.85958530576,188984.93787381903,8827.078288513265,8827.078288513265,1975.2766063013696,54.548519881180674,54.62191277833458,2.830606708186029,8.012334336427747,50.2122746837254,59.392510291587165,9.180235607861768,9.180235607861768,-2.3518679939484457,54.67156583451957,54.7285275524147,2.496320744056697,6.231617257207781,51.098321824114585,58.37251766850782,7.274195844393233,7.274195844393233,-0.12808560493559895,51.448966002817016,51.54599370953937,3.1612283601239173,9.993364744851752,47.61990642165103,55.64685218683424,8.026945765183207,8.026945765183207,-1.5908362357299737,-37.448966002817016,37.58215559843522,3.1612283601239173,9.993364744851752,-41.64685218683424,-33.61990642165103,8.026945765183207,8.026945765183207,1.5908362357299737,WARNING_2
253,SYNTHETIC,2530000,2539000,9000,25.31625902434942,25.461571304464258,2.7163656426122738,7.378642304364391,20.747152825172247,29.572889524230096,8.825736699057849,8.825736699057849,2.5862798813431347,184022.36780245515,184046.06310164926,2953.217160008224,8721491.594167039,180497.8205754535,188073.97285976712,7576.152284313634,7576.152284313634,2296.8425290060404,55.247549154850006,55.297048469515765,2.3392053826905364,5.471881822408379,51.88521201917016,59.53932379033042,7.6541117711602595,7.6541117711602595,4.790178022211968,55.85905374205871,55.937902131908196,2.969008245312814,8.815009960735475,50.83883402688567,59.10466753252907,8.2658335056434,8.2658335056434,1.1481235111762587,51.817953658470245,51.9087691037046,3.069199978878424,9.419988510347318,47.0524729002692,55.847942256447375,8.795469356178174,8.795469356178174,5.613581652827811,-37.817953658470245,37.9422931229064,3.0691999788784248,9.419988510347324,-41.847942256447375,-33.052472900269194,8.795469356178181,8.795469356178181,-5.613581652827811,WARNING_2
254,SYNTHETIC,2540000,2549000,9000,25.53348060422075,25.639631549732236,2.3306810678227294,5.4320742399072985,21.686716660102093,29.260775502110064,7.574058842007972,7.574058842007972,-3.885968694376583,185091.63526226263,185108.01136804713,2462.1999461066025,6062428.574607356,180496.63163962628,188469.32980947063,7972.6981698443415,7972.6981698443415,-1893.811791495682,54.27069794414107,54.326452373612916,2.4606446631390213,6.054772158234548,50.90720546406156,58.49423814702776,7.587032682966196,7.587032682966196,0.6710223392048391,54.36050138135558,54.46044520413628,3.2978752857510485,10.875981400367559,51.05628000690725,59.84389741421262,8.787617407305369,8.787617407305369,1.6858242456585657,50.57217771940323,50.69309439292113,3.499237037799521,12.244659846707968,46.316205347767045,55.774974302092446,9.4587689543254,9.4587689543254,-7.6214630390853415,-36.57217771940323,36.73920035855873,3.499237037799522,12.244659846707973,-41.774974302092446,-32.316205347767045,9.4587689543254,9.4587689543254,7.6214630390853415,WARNING_2
255,SYNTHETIC,2550000,2559000,9000,25.94309738141405,26.17553544829106,3.480568094896242,12.114354263209655,20.41027631045257,29.2887686802616,8.878492369809031,8.878492369809031,-0.8104931030610096,185294.59650141207,185316.58971850926,2854.9837612832052,8150932.277190799,181115.92354775328,189610.73185995573,8494.808312202455,8494.808312202455,4593.23549376466,54.69115481907503,54.73619732628403,2.2201086229888323,4.92888229786937,50.91669231219097,59.37259774318439,8.455905430993425,8.455905430993425,-2.7534405649752642,56.14558259127121,56.25315627458045,3.4772325690287493,12.091146339114276,50.70112641609031,59.92922845057893,9.228102034488622,9.228102034488622,5.547025694861979,50.24901709011404,50.32912688235377,2.8385373376955836,8.05729421749193,46.4119162023854,54.41131096653309,7.999394764147688,7.999394764147688,0.08549512830580142,-36.24901709011404,36.35998534401343,2.8385373376955836,8.05729421749193,-40.41131096653309,-32.4119162023854,7.999394764147688,7.999394764147688,-0.08549512830580142,WARNING_2
256,SYNTHETIC,2560000,2569000,9000,25.229122721779866,25.35917290281571,2.56495945470362,6.579017004273493,21.82671594731721,29.350818544984666,7.524102597667454,7.524102597667454,5.921870403898975,184834.0621249377,184845.25616311232,2034.2577027685945,4138204.4012733595,181534.75086075667,188488.82294341252,6954.072082655854,6954.072082655854,-2556.8240969589096,55.1163997370129,55.18017939837165,2.6522968284645936,7.034678466283341,52.03533159362887,59.90124664981944,7.865915056190573,7.865915056190573,1.9293100864523467,54.54730049435301,54.624471351494265,2.9025642471741047,8.424879208973376,50.32236335986493,58.72337957895419,8.401016219089257,8.401016219089257,8.401016219089257,52.58299938758156,52.65460054250861,2.7450197989712675,7.535133696744258,47.5297993367407,55.98167676689728,8.451877430156578,8.451877430156578,4.63170478878061,-38.58299938758156,38.68052449798043,2.7450197989712675,7.535133696744258,-41.98167676689728,-33.5297993367407,8.451877430156578,8.451877430156578,-4.63170478878061,WARNING_2
257,SYNTHETIC,2570000,2579000,9000,24.996504898133292,25.086867308000535,2.127358504536614,4.5256542068242585,20.959965663429003,28.19786612088733,7.237900457458327,7.237900457458327,-4.772479647787037,185697.70613238256,185722.34173337946,3024.9224951188653,9150156.10147614,180680.9988965052,189933.3536204099,9252.354723904718,9252.354723904718,-2771.91665919777,55.67369852888102,55.72209609749627,2.321914213290688,5.3912856138813146,52.56884690170656,59.79531335556701,7.2264664538604535,7.2264664538604535,-2.082447242702173,55.97852291026986,56.05765067720426,2.977443909102609,8.865172231852224,50.72022948168628,59.852646360704895,9.132416879018614,9.132416879018614,-0.5003562700222801,49.64985584005477,49.71769206959472,2.596289619595739,6.740719788820586,46.84071613240396,55.79818872914083,8.95747259673687,8.95747259673687,-6.956539407276409,-35.64985584005477,35.74427144600247,2.596289619595739,6.740719788820586,-41.79818872914083,-32.84071613240396,8.95747259673687,8.95747259673687,6.956539407276409,WARNING_2
258,SYNTHETIC,2580000,2589000,9000,25.622960338352254,25.710836529930205,2.1239158570952914,4.511018568020826,21.475148685727397,29.723332606578623,8.248183920851226,8.248183920851226,-2.011053099838147,185128.0906003865,185151.23305896317,2927.315136706979,8569173.9095938,181127.40367000632,189722.1128840908,8594.70921408449,8594.70921408449,-2856.17340233273,54.518823958471444,54.57091615609872,2.383846534732419,5.682724301155761,50.6902199083937,57.7294509188022,7.0392310104085,7.0392310104085,6.046767166380114,55.90742683594215,55.93904493239554,1.8805245364906993,3.5363725323435595,52.82985534556461,59.66181970827103,6.831964362706422,6.831964362706422,1.4566558343735778,51.48184167150207,51.51585243381051,1.8716383444814573,3.5030300925332902,48.93206730307819,53.90654522753244,4.9744779244542485,4.9744779244542485,-3.2329746165789928,-37.48184167150207,37.52854227358269,1.8716383444814573,3.5030300925332902,-39.90654522753244,-34.93206730307819,4.9744779244542485,4.9744779244542485,3.2329746165789928,WARNING_2
259,SYNTHETIC,2590000,2599000,9000,24.893646089618283,25.05307108235543,2.8218353995912735,7.962755022386442,20.72607761768291,28.988824985429936,8.262747367747025,8.262747367747025,8.262747367747025,184582.18076727373,184596.670650552,2312.8680173832,5349358.465834094,180894.32624073056,189010.51043957204,8116.184198841482,8116.184198841482,-3333.8646481334,56.4954942131189,56.52751918140797,1.9025137108295451,3.619558419894406,53.722190059728376,59.573115654810174,5.850925595081797,5.850925595081797,-2.4514946974021754,54.89486246554105,54.953480954554394,2.537546829500012,6.439143911905563,50.51674156139284,58.25719791987506,7.74045635848222,7.74045635848222,5.739581272317039,52.16812956722922,52.25170491360675,2.954136732688619,8.726923835420191,47.45139199603949,55.82272452358916,8.371332527549669,8.371332527549669,-1.827941448035375,-38.16812956722922,38.282280999128275,2.954136732688619,8.726923835420191,-41.82272452358916,-33.45139199603949,8.371332527549669,8.371332527549669,1.827941448035375,WARNING_2
260,SYNTHETIC,2600000,2609000,9000,26.76491749771098,26.88809184646171,2.570734230620804,6.608674484485538,21.27450037510195,29.495995863190657,8.221495488088706,8.221495488088706,0.3654336588144105,183651.53092528082,183680.84331357846,3281.3700169257368,10767389.18797921,180038.4205410621,189935.90536783007,9897.484826767963,9897.484826767963,-8450.060023887578,56.419268480306684,56.49027030907603,2.83139254423489,8.016783739548924,51.655166422136354,59.20033755562379,7.545171133487436,7.545171133487436,1.0909070595371162,53.907093730784524,53.97866830764866,2.778826689011976,7.72187776756526,50.212958953328965,59.69388188432352,9.480922930994552,9.480922930994552,-3.1592016028147185,53.31395597058872,53.35776558361146,2.1617693775606366,4.6732468417589015,48.372249067263056,55.76341482766144,7.391165760398387,7.391165760398387,2.520623493126209,-39.31395597058872,39.37334607191961,2.1617693775606366,4.6732468417589015,-41.76341482766144,-34.372249067263056,7.391165760398387,7.391165760398387,-2.520623493126209,WARNING_2
261,SYNTHETIC,2610000,2619000,9000,25.148557354733654,25.310363112810748,2.8573665984614074,8.164543878002913,21.504967637810136,29.599733858854187,8.09476622104405,8.09476622104405,5.674711236172222,183622.8127864251,183640.6759014904,2561.3414371606063,6560469.957715959,180792.5366022384,188575.22882208435,7782.692219845951,7782.692219845951,1600.2683808485745,55.00503164980803,55.07612414947403,2.7974889690388904,7.825944531894274,51.35229425305683,59.84007138975611,8.487777136699279,8.487777136699279,2.9706904056159047,55.555314140894566,55.65932793520759,3.4011552310209665,11.567856905501284,50.1879496360981,59.93773676491392,9.749787128815825,9.749787128815825,-2.096618498592072,49.5195243772646,49.579520991042614,2.4383615709596653,5.9456071507328865,46.21530800999739,54.19250056765316,7.977192557655769,7.977192557655769,1.3109214685558754,-35.5195243772646,35.603120918506946,2.4383615709596653,5.9456071507328865,-40.19250056765316,-32.21530800999739,7.977192557655769,7.977192557655769,-1.3109214685558754,WARNING_2
262,SYNTHETIC,2620000,2629000,9000,25.40182889932087,25.516133309256666,2.412498212514321,5.820147625384794,20.73098132699131,29.085875464391627,8.354894137400318,8.354894137400318,1.1988811652192375,185604.59949194052,185621.2538065899,2486.4657984401197,6182512.166812463,182092.99745637248,189784.55528418493,7691.557827812445,7691.557827812445,-1157.8522207613278,56.22696492699354,56.263586946680796,2.0296874649436494,4.119631205349378,52.80973337998638,59.40301853539289,6.593285155406505,6.593285155406505,0.1456962712080241,56.01614575764613,56.07764425970969,2.62556663916477,6.893600176694986,50.56416963278989,59.92548218159104,9.361312548801152,9.361312548801152,-1.525317953038197,52.564354078198015,52.61325803688706,2.267950969022224,5.1436015978888445,47.944891147048416,55.86314227967228,7.918251132623865,7.918251132623865,-1.4186800014868624,-38.564354078198015,38.630985064666895,2.267950969022224,5.1436015978888445,-41.86314227967228,-33.944891147048416,7.918251132623865,7.918251132623865,1.4186800014868624,WARNING_2
263,SYNTHETIC,2630000,2639000,9000,25.559358919876875,25.75021220440629,3.129313051911682,9.792600176864806,20.814420265766348,29.900341774636352,9.085921508870005,9.085921508870005,1.4306669707354693,185926.2304934848,185943.9465253752,2566.7224071091987,6588063.91515644,181415.4327521208,189708.63475831444,8293.202006193635,8293.202006193635,2929.9021925770794,55.08096359699806,55.15224627054913,2.8031621275757126,7.857717913474795,50.19427801378531,59.53179691226677,9.337518898481463,9.337518898481463,1.53415134545358,54.34853713908785,54.460630757009035,3.492393633665407,12.196813292466667,50.16654995492332,59.434963642203975,9.268413687280656,9.268413687280656,-0.23061639316532023,51.26035344138065,51.343594038093876,2.9224670765164813,8.540813813322789,46.552792968304736,54.82136443163936,8.268571463334624,8.268571463334624,6.618695316481478,-37.26035344138066,37.37478765678716,2.9224670765164813,8.540813813322789,-40.82136443163936,-32.552792968304736,8.268571463334624,8.268571463334624,-6.618695316481478,WARNING_2
264,SYNTHETIC,2640000,2649000,9000,26.103038109552084,26.220039995348145,2.4742471196159426,6.121898808927788,22.39094172394552,29.772768983274,7.381827259328478,7.381827259328478,-4.619805037076787,184696.01165072553,184710.0698010524,2278.851953225139,5193166.224718031,180766.0359770537,188340.23604600705,7574.20006895336,7574.20006895336,1061.4506353378529,54.140106928791454,54.17866991930018,2.043794501291349,4.177095963508753,51.44016755189965,58.95960189096411,7.5194343390644605,7.5194343390644605,-1.4088213200190225,54.44534728936562,54.5078746283698,2.6100871714269425,6.812555042447498,51.06795506598157,57.966559057357486,6.898603991375914,6.898603991375914,3.24161045852739,52.50598579837754,52.55877835697216,2.355130085133857,5.546637717902607,47.536164734851,55.233684543282,7.697519808431004,7.697519808431004,0.08695139427424436,-38.50598579837753,38.577941625010986,2.355130085133857,5.546637717902607,-41.233684543282,-33.536164734851,7.697519808431004,7.697519808431004,-0.08695139427424436,WARNING_2
265,SYNTHETIC,2650000,2659000,9000,25.173296373692434,25.264404989987714,2.1436672270572923,4.595309180359501,21.522467502973992,28.184046912378257,6.661579409404265,6.661579409404265,-2.4433715188825964,185017.72900461807,185031.99418407102,2297.569521865046,5278825.707803177,181457.8302920583,189941.1618307421,8483.331538683793,8483.331538683793,5721.252177218528,54.55812519122044,54.6333726816759,2.866423938291313,8.216386194009479,51.124327186587294,59.487932293756415,8.363605107169121,8.363605107169121,0.8736439958712623,54.35596169922184,54.41954477181945,2.6298823024596567,6.916280924790506,51.29895839662099,59.54405476102696,8.245096364405974,8.245096364405974,-6.692393486114199,49.936767682790176,50.008783082553904,2.6828378245751634,7.197618792971196,46.910505797579454,55.93546442556136,9.024958627981903,9.024958627981903,-3.43303895373964,-35.936767682790176,36.036771363148006,2.6828378245751634,7.197618792971196,-41.93546442556136,-32.910505797579454,9.024958627981903,9.024958627981903,3.43303895373964,WARNING_2
266,SYNTHETIC,2660000,2669000,9000,24.11730546226216,24.324092131760928,3.1649700273989194,10.017035274333516,20.3987478738712,29.92394457263255,9.525196698761349,9.525196698761349,-0.29143927420035354,185972.37556791195,185981.36212499236,1828.2733644170962,3342583.495037008,183014.217156792,188890.10295531995,5875.8857985279465,5875.8857985279465,-1025.1189079142932,55.30248820352155,55.36915468263107,2.7162637516424812,7.378088768486887,50.7714920585741,59.536216756357,8.764724697782903,8.764724697782903,-0.6089358832250511,56.47360785984866,56.505645576147344,1.9025239208005884,3.6195972692184433,53.11139168677501,59.32610034495302,6.2147086581780115,6.2147086581780115,1.0011235967864494,50.191383481295915,50.26947842402724,2.800979338951994,7.845485257235948,46.25261820480879,54.28518516676613,8.032566961957336,8.032566961957336,-4.247750969831763,-36.191383481295915,36.299610515093065,2.800979338951994,7.845485257235948,-40.28518516676613,-32.25261820480879,8.032566961957336,8.032566961957336,4.247750969831763,WARNING_2
267,SYNTHETIC,2670000,2679000,9000,25.372129244132765,25.509950190146537,2.6481344986197732,7.0126163227801985,21.06119238494159,29.49373929294343,8.43254690800184,8.43254690800184,2.2995673857752443,184665.82807137343,184684.0271730682,2592.6502997016883,6721835.576543254,180053.59597271404,189453.9996680049,9400.40369529085,9400.40369529085,-771.4835935422743,54.05084387639444,54.111805694644296,2.5678379591736715,6.593791784573206,51.02997800001974,59.24365311080688,8.213675110787143,8.213675110787143,2.958342982629304,55.22248634768157,55.30804154978392,3.0751360380879027,9.456461652746963,50.73751816374545,59.95561212543298,9.21809396168753,9.21809396168753,-8.034728635760196,50.80961280528861,50.874930238034324,2.5771638095998144,6.641773301511028,46.97489827691368,55.52997384808116,8.555075571167485,8.555075571167485,1.747319161129468,-36.80961280528861,36.89972043494067,2.5771638095998135,6.641773301511025,-41.52997384808116,-32.97489827691368,8.555075571167485,8.555075571167485,-1.747319161129468,WARNING_2
268,SYNTHETIC,2680000,2689000,9000,27.414214938634395,27.46466717686395,1.6639598655806105,2.768762434263043,24.856797467322256,29.85805288809884,5.001255420776584,5.001255420776584,4.819689398271439,186092.39263453317,186109.9647425385,2557.4166699369625,6540380.023671462,181990.95209444367,189623.3963209357,7632.444226492022,7632.444226492022,2518.0011529785697,53.94462288981502,54.024115075600356,2.929619596014898,8.582670977354494,50.445948349395614,59.79624535606925,9.350297006673635,9.350297006673635,-3.3526543694128748,53.183358620661906,53.21664034311137,1.8818010612536078,3.541175234135205,50.376363896203415,57.24990180014831,6.873537903944893,6.873537903944893,1.3694179628437837,53.09829758268846,53.14487857487391,2.224615148368857,4.948912558352193,48.331031999386525,55.35818983524767,7.027157835861146,7.027157835861146,0.07961691697396134,-39.09829758268846,39.161534525894346,2.224615148368857,4.948912558352193,-41.35818983524767,-34.331031999386525,7.027157835861146,7.027157835861146,-0.07961691697396134,WARNING_2
269,SYNTHETIC,2690000,2699000,9000,25.41306589045572,25.58443885679824,2.95628037652108,8.73959366460362,20.785947193936355,28.7956336008681,8.009686406931745,8.009686406931745,-0.2742721946484181,185460.6492587116,185479.14055519525,2618.999356821978,6859157.631033935,182000.43556564293,188460.06817348668,6459.632607843756,6459.632607843756,6101.6185160245805,56.214704590511744,56.250317496463424,2.0013011403675485,4.00520625443645,52.98433485377261,59.34448694076025,6.36015208698764,6.36015208698764,2.3634845336995127,52.431904267738766,52.463136120770905,1.8099907417483108,3.2760664852146,50.13943679215244,56.91445575774736,6.775018965594924,6.775018965594924,0.5665928282544357,51.477004724793076,51.553076881054494,2.7995929110403566,7.837720467547418,46.9412589298754,55.17376709782971,8.232508167954308,8.232508167954308,-3.689591194009381,-37.477004724793076,37.581426311539985,2.7995929110403566,7.837720467547418,-41.17376709782971,-32.9412589298754,8.232508167954308,8.232508167954308,3.689591194009381,WARNING_2
270,SYNTHETIC,2700000,2709000,9000,25.62478818960625,25.73795536554433,2.4109285838797025,5.812576636568188,21.508267617988743,29.80871400638711,8.300446388398367,8.300446388398367,-0.858354246521241,184140.93161918301,184153.3140874361,2135.5073882465613,4560391.80525565,180800.1036608028,187814.5914375867,7014.487776783906,7014.487776783906,2618.112632667122,54.87602064273089,54.921422727955836,2.2327187197217957,4.985032881396135,51.64174646689185,58.30257219148828,6.660825724596428,6.660825724596428,-2.7940855882233606,54.375147300317145,54.466650415824645,3.155845938645238,9.959363588463644,50.70962163807441,59.44388066814621,8.734259030071797,8.734259030071797,-7.044779842763013,50.413484262615796,50.49606936938679,2.886802082047266,8.33362626091243,46.2659514464013,55.71689716008032,9.450945713679019,9.450945713679019,-2.7881895348544035,-36.413484262615796,36.52773552254069,2.8868020820472666,8.333626260912434,-41.71689716008032,-32.2659514464013,9.450945713679019,9.450945713679019,2.7881895348544035,WARNING_2
271,SYNTHETIC,2710000,2719000,9000,24.757906656301625,24.870963432751946,2.3687296323430638,5.610880071140107,20.273942056351668,28.320844740987496,8.046902684635828,8.046902684635828,-2.6380810278022047,185417.35594687943,185443.18479287438,3094.979772530718,9578899.792374294,180544.48452502268,189834.2391653356,9289.754640312924,9289.754640312924,3692.970906122966,54.417068946287486,54.452941563039154,1.976221688665418,3.9054521627515966,51.60925567394507,57.35774250884461,5.748486834899538,5.748486834899538,-4.260463713248647,54.61884864175927,54.68428680976447,2.6744339478049506,7.1525969411715735,50.97774596002773,59.80055530879386,8.822809348766128,8.822809348766128,-1.1158039413367007,50.28577440905461,50.36976200957923,2.9075448377143696,8.45381698331948,46.43701363378242,55.17806511783618,8.741051484053756,8.741051484053756,1.527770170537579,-36.28577440905461,36.40207743313727,2.9075448377143704,8.453816983319484,-41.17806511783618,-32.43701363378242,8.741051484053756,8.741051484053756,-1.5277701705375861,WARNING_2
272,SYNTHETIC,2720000,2729000,9000,25.69094832628118,25.922485522022566,3.4569393595809026,11.950429735819622,20.44366147286128,29.985375335873183,9.541713863011903,9.541713863011903,7.158781623257269,183669.65923408748,183686.58549953715,2493.5856337734876,6217969.312961525,180470.48552166723,187002.05768224548,6531.5721605782455,6531.5721605782455,863.1730483838764,54.287043381213905,54.38535809473344,3.2686535482653905,10.684096018587926,50.34898006079331,59.73398018876885,9.385000127975538,9.385000127975538,3.5040574466573986,56.12489284914693,56.19788150811368,2.8632653861911983,8.198288671760633,50.28239479089601,59.92471415229891,9.642319361402905,9.642319361402905,3.763168314848727,51.475091165467596,51.549972292695244,2.7775227963866054,7.714632884447267,47.20905542719021,55.49877689232617,8.289721465135962,8.289721465135962,-3.821350066859708,-37.475091165467596,37.57788033863212,2.777522796386606,7.714632884447272,-41.49877689232617,-33.20905542719021,8.289721465135962,8.289721465135962,3.821350066859708,WARNING_2
273,SYNTHETIC,2730000,2739000,9000,24.873435660161384,25.00053348811837,2.517711887873569,6.338873150339891,20.449311594235244,29.847564770516986,9.398253176281742,9.398253176281742,-1.3949166311126504,186768.9478822494,186788.64809824212,2712.778156528819,7359165.326539899,181182.478184622,189643.7146518222,8461.236467200186,8461.236467200186,-1446.1457138138649,56.268538398490115,56.35730260568314,3.16182597341843,9.997143486183402,51.08383538321349,59.94314154341619,8.8593061602027,8.8593061602027,-2.1769271602146745,56.36891796686867,56.39952947371125,1.8579591223851128,3.452012100454059,53.77435171192352,59.4608396780138,5.686487966090276,5.686487966090276,0.18271815449215012,51.224208045558704,51.27906116546918,2.3712073121616353,5.622624117248806,47.458113773103086,53.89022899304864,6.432115219945551,6.432115219945551,0.4139287284989024,-37.22420804555871,37.29965534339809,2.3712073121616357,5.622624117248808,-39.89022899304864,-33.458113773103086,6.432115219945551,6.432115219945551,-0.4139287284989024,WARNING_2
274,SYNTHETIC,2740000,2749000,9000,25.825052754134965,25.985976715652313,2.8874965129970476,8.33763611257011,20.373705548368186,29.416732842041394,9.043027293673209,9.043027293673209,-7.738055643437743,185114.88657936142,185134.7635261743,2712.8274185147034,7359432.602645149,181527.6587401433,189931.12384884077,8403.465108697477,8403.465108697477,1799.4711457937956,54.75595584316452,54.82901936024928,2.829604867823091,8.006663708008132,50.88160039869891,58.839155181453705,7.957554782754798,7.957554782754798,-5.374530334146897,56.00100941196115,56.033705959508175,1.9139353171047735,3.6631483980609496,51.76850751004281,58.76601800912904,6.997510499086232,6.997510499086232,0.32672281729120556,52.90547877274232,52.94429128222136,2.0268929926396195,4.1082952036115925,49.64605697012795,55.57759738008434,5.931540409956391,5.931540409956391,2.7563743077919156,-38.90547877274232,38.958241409744296,2.0268929926396195,4.1082952036115925,-41.57759738008434,-35.64605697012795,5.931540409956391,5.931540409956391,-2.7563743077919156,WARNING_2
275,SYNTHETIC,2750000,2759000,9000,25.74666867733281,25.871860011518788,2.542084277767831,6.462192475274394,21.87084616540437,29.30505895223689,7.434212786832521,7.434212786832521,5.816945920861894,185690.57261272255,185706.42759252054,2426.6215063937616,5888491.935292729,181145.335431236,189594.715235195,8449.379803959018,8449.379803959018,-2786.00861008052,54.861616149408164,54.936467364843345,2.8667961217175946,8.21852000349504,51.394863833170106,59.29308683793893,7.898223004768823,7.898223004768823,-5.010016070191291,55.30664500978055,55.37792398787053,2.8088223454826085,7.889482968482421,51.02090054454122,59.40019179891984,8.379291254378622,8.379291254378622,-1.9840592536503507,51.10739459480622,51.20386265746217,3.1416188144044233,9.869768775019853,46.425523146812914,55.28143138776312,8.855908240950207,8.855908240950207,2.2930176382364422,-37.10739459480622,37.240146379809985,3.1416188144044233,9.869768775019853,-41.28143138776312,-32.425523146812914,8.855908240950207,8.855908240950207,-2.2930176382364422,WARNING_2
276,SYNTHETIC,2760000,2769000,9000,25.16366160255933,25.285123291969196,2.4753978754867214,6.1275946419641745,21.93434703312983,28.25071263168153,6.316365598551702,6.316365598551702,6.047652896360741,183704.3202192862,183729.1058405157,3017.791531132046,9107065.7253723,180119.62342087983,189353.81399099203,9234.190570112201,9234.190570112201,-2066.4964427414234,54.34366718324278,54.39554548754875,2.3751223052568045,5.641205964928396,51.16414292426833,58.19169430045734,7.02755137618901,7.02755137618901,-6.756765156739817,54.62180629198478,54.639637916452116,1.3958184129328322,1.9483090418823301,52.81609549381122,56.65481489964181,3.838719405830595,3.838719405830595,-1.03581494726685,49.84985472980993,49.89260597913465,2.064973318478861,4.264114806029598,46.85434829861445,54.055309258742334,7.200960960127887,7.200960960127887,-0.5748079313865304,-35.84985472980993,35.90927733823816,2.06497331847886,4.264114806029594,-40.055309258742334,-32.854348298614454,7.20096096012788,7.20096096012788,0.5748079313865233,WARNING_2
277,SYNTHETIC,2770000,2779000,9000,24.47577298666676,24.594713418601778,2.415877655905591,5.836464848303892,20.430424632993866,28.867410503622796,8.43698587062893,8.43698587062893,4.4688825813199,183784.33609240482,183803.57175395015,2659.0969488700034,7070796.583489761,180016.7089371317,189486.09256974809,9469.383632616373,9469.383632616373,5714.749333285057,53.710436010789714,53.77155921179008,2.563131599803138,6.569643597909395,50.2541939284401,57.69345709793232,7.4392631694922144,7.4392631694922144,2.1471288080279862,55.795397417116455,55.84578803294578,2.3718490859969785,5.625668086744702,51.69348037889607,59.51664720634771,7.823166827451644,7.823166827451644,-3.5331311823822418,50.65071115416613,50.742911726749895,3.0575398747952285,9.34855008596282,46.15503494515853,55.188390304005146,9.033355358846613,9.033355358846613,-2.6901798046443446,-36.65071115416613,36.77802575169146,3.0575398747952285,9.34855008596282,-41.188390304005146,-32.15503494515853,9.033355358846613,9.033355358846613,2.6901798046443446,WARNING_2
278,SYNTHETIC,2780000,2789000,9000,24.589607655796925,24.78905282556295,3.1382057489150914,9.84833532252373,20.39922464072919,29.89460316342693,9.495378522697738,9.495378522697738,-2.8667437148133708,184414.8467244585,184433.8552773457,2647.882183816636,7011280.059373556,180082.3867977457,187728.91674451667,7646.529946770956,7646.529946770956,1435.7031514810515,55.44333958750091,55.487190546448254,2.205540777884284,4.864410122910414,51.09217837368485,57.81869183501564,6.726513461330789,6.726513461330789,1.6754735413126696,55.282748314461436,55.36232773033966,2.967333907979762,8.805070521446446,50.20450700178067,59.85933643335976,9.654829431579088,9.654829431579088,2.262064416624682,51.94866984409439,51.99442963784545,2.1809206299497577,4.756414794140447,47.21042368002973,54.89847935643701,7.688055676407281,7.688055676407281,0.012905209456334887,-37.94866984409439,38.01128724116324,2.180920629949756,4.75641479414044,-40.89847935643701,-33.210423680029734,7.688055676407274,7.688055676407274,-0.012905209456334887,WARNING_2
279,SYNTHETIC,2790000,2799000,9000,26.28717740675436,26.463932781036483,3.0535294701444915,9.3240422250409,21.55116281873278,29.69092785454693,8.13976503581415,8.13976503581415,-0.6875792347924801,184862.89704835127,184875.1864982945,2131.6373213714114,4543877.669863486,181666.3819380325,187370.0471080105,5703.66516997802,5703.66516997802,-4262.025023537542,54.30164919900037,54.37512131599484,2.8257233406436533,7.9847123978583285,50.126029674589226,58.75617890151098,8.630149226921752,8.630149226921752,-0.16960669688973695,54.362233073710044,54.41424280833114,2.378536449929632,5.657435643643857,50.57861195793557,58.63004109108819,8.051429133152617,8.051429133152617,1.6433378617561303,52.400632593332816,52.44927478687919,2.2583466270939088,5.100129488106434,47.267818517559306,54.89200486510802,7.624186347548715,7.624186347548715,-1.6052346168149967,-38.40063259333282,38.46698211526662,2.2583466270939088,5.100129488106434,-40.89200486510802,-33.267818517559306,7.624186347548715,7.624186347548715,1.6052346168149967,WARNING_2
280,SYNTHETIC,2800000,2809000,9000,23.951718484364726,24.08615487007032,2.5412670207503276,6.458038070753245,20.70739259467416,29.363196064940823,8.655803470266662,8.655803470266662,8.255388087198018,186133.97919937377,186142.8403081055,1816.2558674193945,3298785.3759353766,181978.96905201583,188428.1910658316,6449.222013815772,6449.222013815772,789.6712696688191,55.82150370342448,55.92119204311308,3.337580532556668,11.139443811301252,51.12002375446031,59.491693015556415,8.371669261096102,8.371669261096102,-6.330439896368468,54.347873564831914,54.431115441421895,3.0091472510400057,9.054967178441622,50.31883058722865,59.63003695210584,9.311206364877187,9.311206364877187,6.394429225646292,49.597137059629766,49.67643103571495,2.8056721003073894,7.871795934443279,46.15591790834392,53.34886567587951,7.1929477675355855,7.1929477675355855,-0.5088216720307273,-35.597137059629766,35.707533697757825,2.8056721003073894,7.871795934443279,-39.34886567587951,-32.15591790834392,7.1929477675355855,7.1929477675355855,0.5088216720307273,WARNING_2
281,SYNTHETIC,2810000,2819000,9000,24.300036750753307,24.415179245469854,2.3683731759290936,5.6091915004604616,20.809251276637173,27.468409229760677,6.659157953123504,6.659157953123504,-0.3348618369464589,185954.43732393882,185978.86897113864,3014.455725544149,9086943.321265902,180471.84734809943,189979.9473826951,9508.10003459567,9508.10003459567,-5108.577704270079,54.9320112871485,55.004562130252516,2.82417971974144,7.975991089398841,50.45247743524394,59.53523179379773,9.082754358553785,9.082754358553785,-1.8504919309238304,56.087531148229104,56.1440865604414,2.5193859177918503,6.3473054027678835,50.99875674888776,59.671576911040425,8.672820162152668,8.672820162152668,7.083697394250109,51.251146986873025,51.35203845668463,3.2174191810754507,10.351786186752225,46.21988195730702,55.4313608349563,9.211478877649284,9.211478877649284,-5.652381117542163,-37.25114698687303,37.389834688379835,3.2174191810754507,10.351786186752225,-41.4313608349563,-32.21988195730702,9.211478877649284,9.211478877649284,5.652381117542163,WARNING_2
282,SYNTHETIC,2820000,2829000,9000,24.918816706567707,25.03510172831451,2.410164411723418,5.80889249153809,21.13286992045361,29.57687896319494,8.444009042741328,8.444009042741328,-5.186012726193528,184521.5919530717,184538.21983629494,2477.233023520064,6136683.452818356,180899.41058088103,187872.26276896533,6972.852188084304,6972.852188084304,-6972.852188084304,54.636271130218134,54.71887484850175,3.0055185361746317,9.0331416712893,50.74353216524736,58.72836295292981,7.984830787682448,7.984830787682448,-0.5698290387173586,55.299404838152455,55.393333616509786,3.22447417357832,10.39723369607359,50.18942818327069,59.96580276599544,9.776374582724749,9.776374582724749,-9.776374582724749,51.48955935200585,51.57405342697941,2.950976893368386,8.708264625194133,46.5410899451801,55.100421498282905,8.559331553102808,8.559331553102808,8.406712621841791,-37.48955935200585,37.60552253370193,2.950976893368386,8.708264625194133,-41.100421498282905,-32.5410899451801,8.559331553102808,8.559331553102808,-8.406712621841791,WARNING_2
283,SYNTHETIC,2830000,2839000,9000,24.170000828184342,24.318817565042487,2.6862516128216956,7.21594772738716,20.51677512867807,27.627833811879142,7.1110586832010725,7.1110586832010725,-0.35398330618376406,184586.33532037286,184608.89036757706,2885.691553676009,8327215.742957058,180158.86017769063,189231.17162688432,9072.311449193687,9072.311449193687,-1109.7471118651447,54.272122351276934,54.357487658937096,3.0451929461899354,9.273200079524939,50.58975214946205,59.96568895546429,9.375936806002237,9.375936806002237,6.165910339180755,55.30891398529965,55.366184586329744,2.517623763444941,6.338429414262667,50.51962370529733,58.41670573860901,7.897082033311683,7.897082033311683,2.744028698770748,50.93555091218785,50.99590899200702,2.4804006113894164,6.15238719298099,46.587929449922775,54.95635846195229,8.368429012029516,8.368429012029516,-3.7141780034421714,-36.93555091218785,37.01874266341041,2.4804006113894164,6.15238719298099,-40.95635846195229,-32.587929449922775,8.368429012029516,8.368429012029516,3.7141780034421714,WARNING_2
284,SYNTHETIC,2840000,2849000,9000,25.69115924924107,25.840970675278626,2.778507129871199,7.720101870745088,20.64172727380589,29.06762742649637,8.425900152690478,8.425900152690478,-2.6633195423769145,185393.10996844678,185411.39588213176,2603.9391674883072,6780499.187979698,180582.7174941628,189134.84343446596,8552.125940303173,8552.125940303173,-8552.125940303173,54.78202422991659,54.843511777784265,2.5962675888266746,6.740605392791875,50.51589940891324,59.304944818650426,8.789045409737184,8.789045409737184,0.5057231600517582,55.04867599865629,55.11863344764501,2.7761527210898076,7.707023930814344,51.22076431766712,58.780585546111375,7.559821228444257,7.559821228444257,1.3040556746057632,48.74417755432293,48.77449683443022,1.719504581117385,2.9566960044836734,46.475310653733686,52.19633892172357,5.721028267989887,5.721028267989887,0.7167868346327779,-34.74417755432293,34.786701049838015,1.719504581117385,2.9566960044836734,-38.19633892172357,-32.475310653733686,5.721028267989887,5.721028267989887,-0.7167868346327779,WARNING_2
285,SYNTHETIC,2850000,2859000,9000,25.89962468928706,25.953964922204324,1.678611371665441,2.817736137084533,22.80215364817753,28.97016849567315,6.16801484749562,6.16801484749562,0.3994823395521969,184115.02245197602,184128.29240686694,2210.559245316596,4886572.177054678,181262.7365765888,188924.2677057399,7661.531129151117,7661.531129151117,4059.006614850892,55.15492266886108,55.25593947326849,3.3396635257860696,11.153352465465842,50.476685424081566,59.72197593215727,9.245290508075705,9.245290508075705,-1.417725979970463,55.01544390255738,55.06100202700924,2.239391976157189,5.014876422877201,51.93740781584836,59.138977450801455,7.2015696349530955,7.2015696349530955,3.6618934593602646,51.36050269603388,51.402887892327925,2.0870185629096594,4.355646481929499,48.207199671992925,54.55900388003295,6.351804208040022,6.351804208040022,-1.2159522178088906,-37.36050269603388,37.41874942034119,2.0870185629096585,4.3556464819294956,-40.55900388003295,-34.207199671992925,6.351804208040022,6.351804208040022,1.2159522178088906,WARNING_2
286,SYNTHETIC,2860000,2869000,9000,24.285590965041354,24.46317669855739,2.9422925863250238,8.657085663543198,20.42900831136894,29.73414387532152,9.305135563952582,9.305135563952582,5.763020648104881,186060.4881955671,186083.5776253703,2931.312723751074,8592594.28442494,181719.1395597793,189953.7847985236,8234.645238744299,8234.645238744299,-7351.114184286038,54.667733090460295,54.73865301510919,2.7855147924062478,7.759092658714023,51.60855241539692,58.835988666773446,7.227436251376524,7.227436251376524,-3.895717179318275,54.98757257586227,55.058541855907706,2.794618670412794,7.809893513019771,51.33729036182348,59.10993006645918,7.772639704635701,7.772639704635701,4.530189501698999,49.019189628836145,49.05861638704356,1.9664409330822497,3.866889943301389,46.13009635984147,52.91196959120523,6.781873231363761,6.781873231363761,0.5987707296017604,-35.019189628836145,35.07435718874526,1.9664409330822497,3.866889943301389,-38.91196959120523,-32.13009635984147,6.781873231363761,6.781873231363761,-0.5987707296017604,WARNING_2
287,SYNTHETIC,2870000,2879000,9000,25.132813320499004,25.27094310289913,2.6386094646447655,6.962259906912936,21.555905143288868,29.956701969878416,8.400796826589549,8.400796826589549,3.21535764990864,183727.8681829833,183751.71515369773,2960.282902354131,8763274.861970197,180034.61950002756,187924.01543740585,7889.395937378285,7889.395937378285,5814.568763527903,54.576361967655544,54.6540142167581,2.912384655404641,8.48198438103641,50.34102081288643,59.0249495728411,8.683928759954675,8.683928759954675,-5.82101911734852,54.97599591768013,55.034560925174105,2.5382610358112294,6.442769085917495,51.80220077614794,58.97333485818192,7.17113408203398,7.17113408203398,-0.3394610965417968,52.36461803328517,52.42210608068262,2.4543806066883955,6.023984162488096,47.08314646844465,55.36071159307167,8.277565124627017,8.277565124627017,2.114732757691378,-38.36461803328517,38.44304749889579,2.4543806066883955,6.023984162488096,-41.36071159307167,-33.08314646844465,8.277565124627017,8.277565124627017,-2.114732757691378,WARNING_2
288,SYNTHETIC,2880000,2889000,9000,25.569764301834738,25.764036734881355,3.157964918255726,9.972742424933895,20.69803501027676,28.960438085812484,8.262403075535723,8.262403075535723,-0.44954225922299074,185569.7881871851,185598.05164302382,3238.9019512491477,10490485.849805538,180116.67557788975,189776.76899036267,9660.093412472925,9660.093412472925,-5800.121329053276,55.69330413709338,55.76995274812664,2.9229272692793,8.543503821496545,51.13225776040376,59.19845293729582,8.066195176892059,8.066195176892059,3.45191737997321,55.57902600911721,55.63971077773686,2.5979382802678233,6.749283308080935,51.62206035825115,59.91025614988101,8.28819579162986,8.28819579162986,-5.354098105975645,51.177955990390316,51.27191823547328,3.102647287515957,9.626420190730125,46.2037436235544,54.52854825636326,8.324804632808856,8.324804632808856,4.425627707442835,-37.177955990390316,37.30719544289183,3.102647287515956,9.62642019073012,-40.52854825636326,-32.2037436235544,8.324804632808856,8.324804632808856,-4.425627707442835,WARNING_2
289,SYNTHETIC,2890000,2899000,9000,24.753390782692406,24.946565285921835,3.098510016778893,9.600764324079135,20.32536480303534,29.624979581946697,9.299614778911355,9.299614778911355,-1.856429994147188,184167.84309980908,184189.09463535805,2797.8832279053186,7828150.556993885,180331.38998120453,189518.7311298747,9187.34114867018,9187.34114867018,4653.085149090621,55.19056302916672,55.237885947116304,2.2860000940952907,5.225796430203678,51.27906453655442,58.28892559396528,7.009861057410859,7.009861057410859,-3.541514538017495,55.82752693875011,55.88395517127977,2.5107133426054435,6.303681488737,51.78999643950446,59.19838270775826,7.4083862682538,7.4083862682538,-3.5635841888467183,50.53117549629824,50.64545593333865,3.400369047332285,11.562509658055474,46.49869934611723,55.96335700183992,9.46465765572269,9.46465765572269,-3.90344849484606,-36.53117549629824,36.68908956078628,3.4003690473322865,11.562509658055482,-41.96335700183992,-32.49869934611723,9.46465765572269,9.46465765572269,3.90344849484606,WARNING_2
290,SYNTHETIC,2900000,2909000,9000,24.164586672975233,24.340553282033955,2.921521007934323,8.535284999801581,20.33424739998922,29.298632768996896,8.964385369007676,8.964385369007676,7.596168377964442,184698.17072677246,184709.89519750758,2081.132878568934,4331114.058260617,181012.96006827496,188128.5073653118,7115.547297036828,7115.547297036828,5054.543490494805,55.59110985527692,55.681416236623214,3.1699557054665903,10.048619174620189,50.31971021676273,59.54746543490231,9.227755218139578,9.227755218139578,-2.179235200600438,54.904224196124844,54.949148690306274,2.2215101195011933,4.935107211046207,50.6343349936864,59.37177255547461,8.737437561788205,8.737437561788205,0.31194036219366694,50.56299320982974,50.61433857007586,2.2792513132561916,5.194986548980075,46.99788495174314,54.335455393053344,7.337570441310206,7.337570441310206,-1.874561577547567,-36.56299320982974,36.633965919772265,2.2792513132561916,5.194986548980075,-40.335455393053344,-32.99788495174314,7.337570441310206,7.337570441310206,1.874561577547567,WARNING_2
291,SYNTHETIC,2910000,2919000,9000,26.395624872673075,26.521242493184257,2.5782340784740843,6.647290963405109,20.11027775600416,29.646628124820275,9.536350368816116,9.536350368816116,-7.022374489226227,187623.1814414756,187636.71190119835,2253.317303982988,5077438.872429161,182690.48125025973,189854.22642413664,7163.745173876901,7163.745173876901,-4519.797101448436,55.40350421036692,55.46962871537778,2.7076615434202904,7.331431033717149,51.61439203132677,59.34890055794648,7.734508526619706,7.734508526619706,1.2510646826563985,55.25323097628274,55.364158962694695,3.5029365292675396,12.270564328076915,50.23778518865611,59.99716538353769,9.75938019488158,9.75938019488158,2.7567075938314147,50.30273647697964,50.35830428194671,2.365060904220767,5.593513080673551,46.40552361849912,54.19534331603968,7.789819697540565,7.789819697540565,2.059661503466714,-36.30273647697964,36.37969473205763,2.365060904220765,5.593513080673542,-40.19534331603968,-32.405523618499124,7.789819697540558,7.789819697540558,-2.059661503466714,WARNING_2
292,SYNTHETIC,2920000,2929000,9000,25.521969790523872,25.630059786662414,2.351387394598529,5.529022679476858,21.90321140902229,29.201103979296,7.29789257027371,7.29789257027371,-1.6537948977332313,186153.96430698526,186165.54663886258,2076.614586335125,4312328.140179801,181908.36815532105,188333.82868615197,6425.460530830926,6425.460530830926,918.1771778326656,54.33812857569491,54.435834231839934,3.2600354917709367,10.627831407606172,50.699584720831005,59.49474755459009,8.795162833759086,8.795162833759086,0.40154743706521856,55.92642490285137,55.9577048800613,1.8707573412289287,3.4997330297619307,53.31337028866156,59.95910177131641,6.645731482654853,6.645731482654853,-1.6590963497709907,50.84604862961763,50.888718810873776,2.0835164906325176,4.341040966737642,47.139820529502586,54.11312811893126,6.973307589428671,6.973307589428671,-0.5752935746161327,-36.84604862961763,36.904909437402566,2.0835164906325176,4.341040966737642,-40.11312811893126,-33.139820529502586,6.973307589428671,6.973307589428671,0.5752935746161327,WARNING_2
293,SYNTHETIC,2930000,2939000,9000,25.53318896711591,25.649680864619192,2.4418004886481333,5.962389626362262,21.325599247077232,29.19600096306132,7.870401715984087,7.870401715984087,6.54323507767311,186667.6950679324,186683.97704047264,2465.5428759462843,6078901.673129475,181400.34491638796,189990.53112835085,8590.186211962893,8590.186211962893,-652.2294059613487,55.412487547503375,55.456813390038434,2.2168390052797275,4.914375175329611,52.83023433926452,59.9226665100125,7.092432170747976,7.092432170747976,-2.0131893642002723,56.43959060856385,56.47048204585983,1.8676066045849227,3.487954429489224,53.33774313543252,58.94041190108656,5.602668765654045,5.602668765654045,0.44338203157762734,49.98540319305185,50.08635099359226,3.178368053162365,10.102023481363123,46.36640059724977,55.031064461181295,8.664663863931523,8.664663863931523,-0.8648200441546834,-35.98540319305185,36.1254933038688,3.1783680531623646,10.102023481363121,-41.031064461181295,-32.36640059724977,8.664663863931523,8.664663863931523,0.8648200441546763,WARNING_2
294,SYNTHETIC,2940000,2949000,9000,26.898669300815556,27.019674465393148,2.5542901286230593,6.524398061181205,22.181963013263683,29.611596456900976,7.429633443637293,7.429633443637293,-4.448796780213758,183832.79196665887,183839.67701408002,1591.0507171018257,2531442.384390234,181421.3889133344,186315.20358148293,4893.814668148523,4893.814668148523,-1017.1398299599532,55.48316281490729,55.51536962457774,1.890742871989127,3.5749086079776924,52.69788150180508,58.45134503660779,5.753463534802712,5.753463534802712,1.651648067539547,55.14819566241397,55.23970441255619,3.17827921471432,10.101458766685074,50.327016295264414,59.48317063731274,9.156154342048325,9.156154342048325,-3.199422964230436,51.33758408180937,51.40686329955061,2.6679683172475808,7.118054941836888,46.230449709593294,55.172816415650345,8.94236670605705,8.94236670605705,-1.3460529594889366,-37.33758408180937,37.43278295836447,2.6679683172475808,7.118054941836888,-41.172816415650345,-32.230449709593294,8.94236670605705,8.94236670605705,1.3460529594889366,WARNING_2
295,SYNTHETIC,2950000,2959000,9000,27.3444823473216,27.450829048250107,2.4139802387901783,5.827300593269486,23.69918752129497,29.877641036803062,6.178453515508092,6.178453515508092,5.981576312152562,185736.76200668563,185763.5659894669,3155.580516300139,9957688.394853052,180829.2380975501,189922.0032121853,9092.7651146352,9092.7651146352,-6471.15853704646,55.04335696155606,55.11755847636997,2.85903948884617,8.174106798781768,51.37816555516604,59.68076933509225,8.302603779926208,8.302603779926208,4.517920911237724,56.59068028297556,56.65868614119945,2.775179337806614,7.701620356988755,51.65399586015031,59.74255415890956,8.088558298759253,8.088558298759253,-7.408198399460041,51.040877872700705,51.09274239426957,2.3015454267170443,5.297111351242142,47.78386235661365,54.78070800998768,6.996845653374024,6.996845653374024,-4.7028854895918,-37.040877872700705,37.1123125785981,2.3015454267170443,5.297111351242142,-40.78070800998768,-33.78386235661365,6.996845653374024,6.996845653374024,4.7028854895918,WARNING_2
296,SYNTHETIC,2960000,2969000,9000,25.239507519432625,25.39004199564514,2.7607051123088033,7.621492717127962,21.407292949128927,29.63550474768377,8.228211798554842,8.228211798554842,1.8458492368063588,183896.69358156965,183908.74499056963,2105.367847347987,4432573.772646698,181093.11427105364,187538.0958583576,6444.981587303977,6444.981587303977,-1567.1689894971205,54.80701199870541,54.865169204813604,2.5255153229761604,6.378227646587381,50.65493104230144,57.93945561310594,7.2845245708045,7.2845245708045,2.1763341168588894,56.47559118083923,56.53992341040487,2.696393893548174,7.270540029163882,52.132261244926426,59.58712740503001,7.454866160103585,7.454866160103585,-1.277660533054764,51.59682916151047,51.69664305598092,3.210938139454554,10.310123735403874,46.64626066122047,55.76925430657635,9.122993645355884,9.122993645355884,7.192584724795587,-37.59682916151047,37.73369431602487,3.210938139454553,10.310123735403867,-41.76925430657635,-32.64626066122047,9.122993645355884,9.122993645355884,-7.192584724795587,WARNING_2
297,SYNTHETIC,2970000,2979000,9000,25.463947571558545,25.55290775984918,2.1303682912300106,4.5384690562782755,22.276838104153114,29.137201745239743,6.860363641086629,6.860363641086629,0.26865762164538864,184287.064520269,184312.66716973184,3071.9911657679636,9437129.722556412,180740.33534974267,189408.40416596388,8668.068816221203,8668.068816221203,1113.336511440808,54.41490385031134,54.508124618735714,3.186516658201446,10.15388841299531,50.43733182126618,58.45851206919546,8.02118024792928,8.02118024792928,7.361547096267074,55.68805889841362,55.79250176896417,3.412235303534333,11.643349766686041,50.33899354845983,59.720908714661206,9.381915166201374,9.381915166201374,0.8802117203948043,52.031605556807065,52.08303283275504,2.313943006792363,5.354332238683283,46.97949001372116,54.94034132198057,7.960851308259407,7.960851308259407,-1.353748673831987,-38.03160555680706,38.101933723463965,2.313943006792364,5.354332238683287,-40.94034132198057,-32.97949001372116,7.960851308259407,7.960851308259407,1.353748673831987,WARNING_2
298,SYNTHETIC,2980000,2989000,9000,24.165372587511076,24.3636189421493,3.1017246275297676,9.620695665024677,21.26797250895495,29.98882972866646,8.720857219711508,8.720857219711508,5.52629463504385,183779.5681318232,183796.7070366018,2509.9511507139696,6299854.77897038,181083.90634622468,189380.5306830812,8296.624336856505,8296.624336856505,1496.5904707586742,54.585548765409726,54.66095433466791,2.8701558765556525,8.237794755726945,50.438406183389816,59.12266881804291,8.684262634653095,8.684262634653095,0.016544229660460985,55.888752044965294,55.97681331157758,3.138633998349651,9.851023375596316,50.68180319176043,59.98402465550557,9.302221463745141,9.302221463745141,-3.7434354151354867,52.56819309423575,52.6386921167142,2.723413770504578,7.416982565373961,46.35325715058842,55.29734261141603,8.944085460827608,8.944085460827608,8.142274549205922,-38.56819309423575,38.66422766743995,2.723413770504578,7.416982565373961,-41.29734261141603,-32.35325715058842,8.944085460827608,8.944085460827608,-8.142274549205922,WARNING_2
299,SYNTHETIC,2990000,2999000,9000,26.343569764466707,26.43316139285508,2.1744777040475047,4.728353285399708,21.890030831093693,29.09958649154464,7.209555660450945,7.209555660450945,2.968645549400655,185247.61567942315,185272.30223740728,3024.3778596466846,9146861.43792106,180597.44166849565,189211.1055319092,8613.66386341356,8613.66386341356,-3038.873462369578,55.33380269448257,55.37813265864729,2.2153681695847975,4.907856126809496,51.98452539244988,58.88324298327115,6.898717590821271,6.898717590821271,0.6962528586747112,53.779747878605086,53.8120318939784,1.8637313841377354,3.4734946722199593,50.1068327331413,57.283715872406574,7.176883139265271,7.176883139265271,-2.5659603983991417,51.13430898659109,51.22555506138661,3.056130856325027,9.339935810981943,47.22135493639298,55.11294589182141,7.891590955428434,7.891590955428434,-0.5284181276928592,-37.13430898659109,37.25985560523016,3.056130856325026,9.339935810981938,-41.11294589182141,-33.221354936392984,7.891590955428427,7.891590955428427,0.5284181276928592,WARNING_2
300,SYNTHETIC,3000000,3009000,9000,34.420320146064654,34.50998084989375,2.486028821725393,6.1803393024493465,31.11779170658502,39.5404546687687,8.422662962183683,8.422662962183683,0.9310383377071716,194675.66761306502,194697.3867186744,2908.0637008967697,8456834.488473417,190837.0799774158,199594.3437573164,8757.263779900619,8757.263779900619,534.6576251356746,64.82508637423393,64.87739616512896,2.60474753866814,6.784709740197734,61.34728745675723,69.5713945129915,8.224107056234274,8.224107056234274,-2.9447153706711546,65.51328014262525,65.59846346143765,3.3419355851769503,11.168533455472007,61.10288489775586,69.8830406560381,8.780155758282248,8.780155758282248,-0.18178787850916933,61.79537705491666,61.88915133579488,3.4056464445975543,11.598427705599963,56.21320589371337,65.82606284321953,9.61285694950616,9.61285694950616,6.625505786905357,-47.79537705491666,47.91655763436324,3.4056464445975543,11.598427705599963,-51.82606284321953,-42.21320589371337,9.61285694950616,9.61285694950616,-6.625505786905357,WARNING_3
301,SYNTHETIC,3010000,3019000,9000,35.06093396867314,35.18489442102505,2.9508820144190113,8.707704663021602,30.41249895078856,38.94715739535553,8.534658444566972,8.534658444566972,1.9221908130364227,194871.63650707778,194892.2149094211,2832.087102004556,8020717.353340564,190031.77293255425,199957.2312632706,9925.458330716356,9925.458330716356,6431.20478114771,64.99654584317895,65.07213554012974,3.1355784487960032,9.831852208553949,60.31304362344581,69.73306534114525,9.420021717699441,9.420021717699441,2.972979326636491,65.36606713134333,65.42557848335741,2.789908181764606,7.78358766267709,60.68975180344775,69.1943810671282,8.504629263680457,8.504629263680457,-2.1897874498625782,60.05779659696643,60.09454789633056,2.1013697394261963,4.41575478177612,57.02147288210049,62.74465995802224,5.72318707592175,5.72318707592175,1.2830664328738735,-46.05779659696643,46.10570878046783,2.1013697394261963,4.41575478177612,-48.74465995802224,-43.02147288210049,5.72318707592175,5.72318707592175,-1.2830664328738735,WARNING_3
302,SYNTHETIC,3020000,3029000,9000,36.707949639404596,36.75317500600945,1.8227194774002602,3.3223062932942775,32.61678744920527,39.02296465859585,6.406177209390584,6.406177209390584,-2.6459306369251507,197394.7760872271,197410.53850036117,2494.6110871346395,6223084.476055069,191810.9734285036,199992.85980115007,8181.886372646462,8181.886372646462,3160.0864419405116,64.29626380259371,64.38705635730491,3.4181116696264353,11.683487386036418,60.23844095240276,69.13331924740287,8.894878295000105,8.894878295000105,2.1586766228241743,66.40301236233529,66.45077323928719,2.5189706839722943,6.345213306711847,61.84152122808912,69.30946887994413,7.467947651855013,7.467947651855013,-2.216994444657743,61.027471811695854,61.09734710747864,2.921216843097576,8.533507844396969,56.23132761020301,64.59436502418681,8.363037413983804,8.363037413983804,-0.2622746218955143,-47.027471811695854,47.118113426199955,2.921216843097576,8.533507844396969,-50.594365024186814,-42.23132761020301,8.363037413983804,8.363037413983804,0.2622746218955143,WARNING_3
303,SYNTHETIC,3030000,3039000,9000,34.775613895973585,34.93353007096973,3.317860964162875,11.008201377515801,30.18633744680881,38.8624663105183,8.67612886370949,8.67612886370949,-0.8407216588065722,194410.09091035844,194433.56874427534,3021.457737752015,9129206.861021524,190762.11874765088,199176.44490744785,8414.326159796969,8414.326159796969,-8414.326159796969,65.04017619325727,65.10637022404647,2.93511916293964,8.61492450065549,60.56161542602824,69.64365601395764,9.082040587929399,9.082040587929399,-0.11059349364914794,65.43947171228842,65.5078772606771,2.992912497307484,8.957525216539322,60.10548623184575,69.73271467304433,9.627228441198575,9.627228441198575,2.653934351806946,62.353410381308514,62.403245214467034,2.4934368083089855,6.217227117030101,57.10376141787746,65.8709980808608,8.767236662983343,8.767236662983343,1.0640938569339653,-48.35341038130851,48.4176571368366,2.4934368083089855,6.217227117030101,-51.8709980808608,-43.10376141787746,8.767236662983343,8.767236662983343,-1.0640938569339653,WARNING_3
304,SYNTHETIC,3040000,3049000,9000,35.432781033368244,35.552059286714425,2.909802015161232,8.466947767436366,31.026851922758016,39.80130781041477,8.774455887656753,8.774455887656753,5.665915579873015,195815.53189186452,195832.5332105313,2580.413447498261,6658533.5600298615,191905.1468065684,199612.33519673653,7707.1883901681285,7707.1883901681285,-1886.4623583550274,64.53958669807218,64.63296679539434,3.473059978832844,12.062145616570394,60.26621649840176,69.9476394242457,9.681422925843933,9.681422925843933,-4.332505962244397,64.69947697781159,64.76553544476485,2.9244247715954237,8.552260244720946,61.03188088331204,69.27545423713215,8.24357335382011,8.24357335382011,4.126614873863545,60.97153620781398,60.99900885847414,1.8305338498472756,3.3508541754366883,58.90613517907427,64.42673643144167,5.520601252367399,5.520601252367399,0.09992467171646524,-46.971536207813976,47.00719166146193,1.8305338498472752,3.3508541754366865,-50.42673643144167,-44.90613517907427,5.520601252367399,5.520601252367399,-0.09992467171646524,WARNING_3
305,SYNTHETIC,3050000,3059000,9000,37.147527204769425,37.219779671805284,2.3180210069464944,5.37322138864524,31.226441117810108,38.808335604108734,7.581894486298626,7.581894486298626,-7.271474689372685,197066.1269862637,197076.49195259466,2021.2063167560789,4085274.974894675,194236.8236251416,199811.62034744737,5574.796722305764,5574.796722305764,-2944.5508920219145,65.1075429040694,65.14679711439123,2.261201286576578,5.11303125841557,62.08559598830748,69.26177147249427,7.176175484186793,7.176175484186793,-0.6053034279919558,64.7624373620347,64.86560377752686,3.6569468620202548,13.37326035163979,60.29155841101528,69.90332725117301,9.61176884015773,9.61176884015773,-1.071503930299798,60.04576033344222,60.0792872630524,2.0068442927111625,4.027424015187366,56.101077083206,62.92218965391723,6.821112570711229,6.821112570711229,-1.0421206454600522,-46.04576033344222,46.08947242809347,2.0068442927111625,4.027424015187366,-48.92218965391723,-42.101077083206,6.821112570711229,6.821112570711229,1.0421206454600522,WARNING_3
306,SYNTHETIC,3060000,3069000,9000,35.329177950337,35.43999968387099,2.800493339788113,7.842762946197579,30.587490783990926,39.76352398614071,9.176033202149785,9.176033202149785,1.5927675396676335,194265.33190473597,194285.46730280796,2797.0743667682436,7823625.013231972,190287.52763457125,199482.33378317952,9194.806148608273,9194.806148608273,-4786.470051226846,64.53753851046649,64.61620175706464,3.187420982509012,10.159652519738716,60.26464771499726,69.82856836479417,9.563920649796906,9.563920649796906,-8.046628663921389,65.40152254671781,65.4675433566188,2.9394015924886823,8.640081721925,60.17335307916103,69.26919149356614,9.095838414405108,9.095838414405108,-4.768911437060801,62.54159914847342,62.57255289025735,1.9679306785863668,3.872751155721398,59.823970880191645,65.9371221961425,6.1131513159508515,6.1131513159508515,0.6569167254440842,-48.54159914847342,48.58147382538736,1.9679306785863668,3.872751155721398,-51.9371221961425,-45.823970880191645,6.1131513159508515,6.1131513159508515,-0.6569167254440842,WARNING_3
307,SYNTHETIC,3070000,3079000,9000,34.95007857676025,35.05598094651964,2.722830806538127,7.413807601033068,30.30363365625138,38.89274562429589,8.58911196804451,8.58911196804451,0.6903387867796837,192986.2391262812,192997.31011471077,2067.1766754801138,4273219.407649015,190405.5903352085,196688.12727603808,6282.536940829596,6282.536940829596,224.50368800002616,64.45186859200274,64.52938011791584,3.1618876326782126,9.997533401683432,60.29717926783033,69.94640774708627,9.649228479255939,9.649228479255939,-7.736118016256427,65.86094733216687,65.90841798566416,2.50103536211702,6.255177882559812,62.30094314872574,69.88461614698669,7.583672998260944,7.583672998260944,2.7058404517714933,61.19355721507428,61.293598171383024,3.5005331251682184,12.253732160399974,56.13533036398925,65.97026762297295,9.834937258983707,9.834937258983707,-1.1966880123520767,-47.19355721507428,47.32320334437315,3.5005331251682192,12.25373216039998,-51.97026762297296,-42.13533036398925,9.834937258983715,9.834937258983715,1.1966880123520767,WARNING_3
308,SYNTHETIC,3080000,3089000,9000,34.825347808228194,34.90302720767526,2.3273285749234343,5.416458295655143,31.55266383771669,38.30397332560009,6.7513094878834,6.7513094878834,1.5963485611067512,195013.96074461043,195032.07122629072,2657.803889773305,7063921.51649411,190059.10914018235,198614.0298819085,8554.92074172615,8554.92074172615,813.9842196114187,65.80075153809297,65.8376303784294,2.203331765496261,4.854670868844871,62.93658550152663,69.37024371770876,6.433658216182131,6.433658216182131,-1.1534518254603512,66.20085497302776,66.26360087535589,2.882984878318041,8.31160180861049,61.699205080722336,69.6095447074532,7.91033962673086,7.91033962673086,-5.159844853686565,60.87373317524593,60.90661582627722,2.001114868938409,4.004460718686387,58.20421950800655,64.42265295061681,6.218433442610255,6.218433442610255,-1.4096397444846431,-46.87373317524593,46.916429132051775,2.001114868938409,4.004460718686387,-50.42265295061681,-44.20421950800655,6.218433442610255,6.218433442610255,1.4096397444846431,WARNING_3
309,SYNTHETIC,3090000,3099000,9000,35.90622436822853,35.98854700262413,2.4328105101956066,5.918566978518207,32.206130057431814,39.57700422551748,7.370874168085663,7.370874168085663,-0.9983338715012451,194538.18538787708,194570.3043123773,3535.215156545838,12497746.203071415,190325.3149637541,199748.2805822013,9422.965618447197,9422.965618447197,7220.489769217325,66.14258728518593,66.21742414642901,3.147285784551727,9.905407809641378,61.01741020302875,69.68444366859376,8.667033465565005,8.667033465565005,8.667033465565005,64.6829752586427,64.71412285997359,2.007587912289221,4.030409225569794,61.35068014788354,67.84008880755715,6.4894086596736145,6.4894086596736145,-3.319342012352422,60.148981423101056,60.202407565922854,2.5357268182769457,6.429910496928922,56.40703866262734,64.47513360973271,8.068094947105365,8.068094947105365,-5.678487269638602,-46.14898142310106,46.218593627312536,2.5357268182769457,6.429910496928923,-50.47513360973271,-42.40703866262734,8.068094947105365,8.068094947105365,5.678487269638602,WARNING_3
310,SYNTHETIC,3100000,3109000,9000,34.9346901527139,35.009780294380654,2.2917548286583025,5.252140194678646,30.34224715396353,38.51247080234631,8.170223648382777,8.170223648382777,2.148320439788179,195326.6906431821,195342.3721913631,2475.135497634637,6126295.731651062,191520.3233074265,199015.4875452997,7495.164237873192,7495.164237873192,2074.984386636759,65.30012115908747,65.37618073927064,3.152647246724161,9.939184662277434,60.13126543056533,69.88285180354515,9.751586372979823,9.751586372979823,3.0009011489027984,64.47748294696359,64.51670918320112,2.249434740944121,5.059956653766345,61.21240374766917,68.35338688449458,7.140983136825412,7.140983136825412,4.458194168593586,60.21423085321275,60.274123510718205,2.6863297901253356,7.216367741314829,56.60228117991706,64.35077888146289,7.74849770154583,7.74849770154583,1.5286262755049265,-46.21423085321275,46.292240182295735,2.6863297901253356,7.216367741314829,-50.35077888146289,-42.60228117991706,7.74849770154583,7.74849770154583,-1.5286262755049265,WARNING_3
311,SYNTHETIC,3110000,3119000,9000,34.94185640768399,35.09718235821936,3.2983147622531375,10.87888027089697,30.436286587053893,39.90432166285126,9.468035075797367,9.468035075797367,2.094820067635709,196455.66641617386,196481.51744960246,3187.1354341255324,10157832.275458546,190234.60253348167,199967.6910854598,9733.088551978144,9733.088551978144,-392.2865754394443,65.47022757981043,65.54268582026579,3.0810655919505017,9.492965181901296,60.52489405884967,69.64275618014668,9.117862121297009,9.117862121297009,2.51518392121028,64.52631766883414,64.58566077284608,2.7680147336771768,7.661905565853933,60.66016579622252,69.43434489803724,8.774179101814717,8.774179101814717,-0.21753405801763392,59.77720190417855,59.8186174799212,2.2255627863994807,4.95312971620622,56.8057916803716,62.80916690887268,6.003375228501085,6.003375228501085,1.728268695452698,-45.77720190417855,45.8312703717902,2.2255627863994807,4.95312971620622,-48.80916690887268,-42.8057916803716,6.003375228501085,6.003375228501085,-1.728268695452698,WARNING_3
312,SYNTHETIC,3120000,3129000,9000,34.520676937275866,34.602157812950026,2.373223357488621,5.632189104529561,31.53548735763459,38.42396700177975,6.888479644145161,6.888479644145161,1.4637708462023014,194905.43365696544,194927.6061002932,2939.991663475001,8643550.981302503,190293.4751501814,199521.0705431868,9227.59539300541,9227.59539300541,1589.3170206790091,64.98447302798388,65.04647218611399,2.8393325155987603,8.061809134136384,60.94201701768562,69.87421656795672,8.9321995502711,8.9321995502711,-2.6013617019096387,64.87778514300855,64.9137314140748,2.1599817212794816,4.665521036261472,62.24603854103781,69.79778719341866,7.551748652380844,7.551748652380844,-1.533614079832489,59.92790230635188,60.00834091806972,3.1060432868240913,9.647504899625005,56.259095871926256,65.83879791907833,9.579702047152075,9.579702047152075,3.7836945671019464,-45.92790230635188,46.03281128892117,3.1060432868240913,9.647504899625005,-51.83879791907833,-42.259095871926256,9.579702047152075,9.579702047152075,-3.7836945671019464,WARNING_3
313,SYNTHETIC,3130000,3139000,9000,34.79285120073142,34.89096365615303,2.6147371146549485,6.836850178754085,30.65605715068143,37.97218501859759,7.316127867916162,7.316127867916162,-3.7012152048826366,194751.1432973558,194777.88817589445,3227.678211042427,10417906.634038042,190270.71121152063,199437.8858952356,9167.174683714984,9167.174683714984,9167.174683714984,65.00693046198602,65.09144228393816,3.3158483852203284,10.99485051376826,61.12273757669566,69.45244553317623,8.329707956480568,8.329707956480568,-7.48240176001957,64.39909387447341,64.47207115628589,3.066703006153909,9.40466732795342,60.17716149464381,69.9025542384713,9.725392743827484,9.725392743827484,-2.412321675460184,62.06350619215844,62.12008876701129,2.650778669989762,7.026627557272692,56.611966299353874,64.67330648553562,8.061340186181745,8.061340186181745,2.838899297674594,-48.063506192158435,48.136548017498356,2.6507786699897626,7.026627557272695,-50.67330648553562,-42.611966299353874,8.061340186181745,8.061340186181745,-2.838899297674594,WARNING_3
314,SYNTHETIC,3140000,3149000,9000,35.68312480069206,35.84678827867826,3.421525150370827,11.70683435462011,30.55809050634188,39.61844993851058,9.060359432168699,9.060359432168699,3.823376321528521,193698.3021854561,193718.60439306244,2804.5353389758257,7865418.467564249,190913.5031888267,199952.48297416215,9038.979785335454,9038.979785335454,-4397.63389164969,64.76197737699238,64.84460790153602,3.2725311497181493,10.70946012587559,60.59330321265138,69.3643926284173,8.771089415765928,8.771089415765928,-7.458804295306237,66.64513539338131,66.69997000187878,2.7040574419570325,7.311926649403209,60.92363097512125,69.57874600725043,8.655115032129181,8.655115032129181,2.300134106175861,62.364348926799195,62.41754819027489,2.5764908347842828,6.638305021727409,57.660481765247816,65.4364478449721,7.775966079724277,7.775966079724277,-5.408510733944745,-48.364348926799195,48.43292838694467,2.5764908347842828,6.638305021727409,-51.43644784497209,-43.660481765247816,7.775966079724277,7.775966079724277,5.408510733944745,WARNING_3
315,SYNTHETIC,3150000,3159000,9000,34.96416297387912,35.09498545343741,3.027426549563853,9.165311513004095,30.44821870657043,39.8108703043284,9.362651597757967,9.362651597757967,1.1080123976706098,195504.31443090682,195527.54106149072,3013.694154032364,9082352.454048846,191168.6802696244,199598.03732032445,8429.357050700055,8429.357050700055,7300.753264557803,66.51063066337278,66.56822660407876,2.768537876279703,7.664801972395327,60.902980377569385,69.95820535187255,9.055224974303165,9.055224974303165,-2.8708765102511364,64.93915787090054,64.9979979253768,2.765051414628972,7.645509325541681,60.61383567563789,69.72205256102608,9.108216885388188,9.108216885388188,-3.1437887212084377,61.95059674634954,62.01745538155555,2.8789468168793713,8.288334774419864,57.25311689524965,65.87680494632784,8.62368805107819,8.62368805107819,1.341269105889694,-47.95059674634954,48.036944772804254,2.8789468168793713,8.288334774419864,-51.87680494632784,-43.25311689524965,8.62368805107819,8.62368805107819,-1.341269105889694,WARNING_3
316,SYNTHETIC,3160000,3169000,9000,33.8614619782917,33.938191189678015,2.280836232578809,5.202213919844295,31.17291499349769,37.43847147893561,6.265556485437919,6.265556485437919,5.441338163190576,193954.62875709587,193977.95105514978,3007.9027994921626,9047479.25119279,190737.89842310245,199335.4053373708,8597.506914268335,8597.506914268335,7524.753981755814,64.61665981076453,64.67517004562663,2.750435480182822,7.564895330648509,60.6674220370195,67.98220253994927,7.314780502929771,7.314780502929771,-6.400053961763334,66.90944305741445,66.97036391051243,2.8558837604283736,8.156072053078507,60.25119675136457,69.88862022069871,9.637423469334145,9.637423469334145,0.07441328682799053,61.61656147826011,61.658467092433625,2.27286510477716,5.165915784513692,57.154204335773095,64.47808071396446,7.323876378191365,7.323876378191365,-0.23836647240027276,-47.61656147826011,47.67077556320474,2.27286510477716,5.165915784513692,-50.47808071396446,-43.154204335773095,7.323876378191365,7.323876378191365,0.23836647240027276,WARNING_3
317,SYNTHETIC,3170000,3179000,9000,34.403104247654944,34.52043576912434,2.843748198280816,8.086903815225387,30.521167878658268,38.94364338694055,8.422475508282282,8.422475508282282,-1.745841457481319,195591.1197762703,195615.59556042735,3094.364413794836,9575091.12535986,190681.08064547656,199335.4580128519,8654.377367375331,8654.377367375331,1415.89486936928,65.04533411824812,65.0922225563692,2.470211888354541,6.101946773368107,60.39692361162093,68.63135108501861,8.23442747339768,8.23442747339768,-6.543333229263162,65.9498149691951,66.02967766754281,3.2465733333056956,10.540238408531655,60.40651908396519,69.3016360292613,8.89511694529611,8.89511694529611,1.1073163525612841,61.07989415231144,61.14067392690086,2.725534549046213,7.428538578044543,57.53668930677332,65.00203567294037,7.465346366167047,7.465346366167047,-5.538145736411515,-47.07989415231144,47.158721059533555,2.725534549046213,7.428538578044543,-51.002035672940366,-43.53668930677332,7.465346366167047,7.465346366167047,5.538145736411515,WARNING_3
318,SYNTHETIC,3180000,3189000,9000,35.3979047401066,35.522579872511656,2.9735535659054544,8.842020809309044,30.489945064512654,39.78093189571071,9.290986831198055,9.290986831198055,-2.80134671045224,194862.96275606548,194893.70027283864,3461.235612799626,11980151.967312401,190284.0851900202,199484.70913697596,9200.623946955748,9200.623946955748,-7473.398374863522,64.6491322593666,64.71785844283617,2.981761147024447,8.890899537904545,60.84959790143601,69.70603531379831,8.856437412362297,8.856437412362297,-5.8425278059610335,65.15692406042764,65.18994574981028,2.0746743953866713,4.304273846873049,61.4840775552294,68.34217774801238,6.8581001927829774,6.8581001927829774,4.219819944701939,62.43290126712833,62.466683206420534,2.0541056886894453,4.21935018030634,58.11479110503181,65.92727855108174,7.8124874460499285,7.8124874460499285,-0.30554675509939244,-48.43290126712833,48.47644041523374,2.0541056886894453,4.21935018030634,-51.92727855108174,-44.11479110503181,7.8124874460499285,7.8124874460499285,0.30554675509939244,WARNING_3
319,SYNTHETIC,3190000,3199000,9000,34.202180447922125,34.312184461971775,2.7453333422646877,7.536855160150202,30.793098227468267,39.38389051460866,8.590792287140392,8.590792287140392,5.146342626724948,194455.32599667943,194474.55573337062,2734.779555470017,7479019.217016784,190541.9487702571,199890.48262164192,9348.533851384826,9348.533851384826,214.45691042390536,64.91787901220216,64.96410608897881,2.450319264336092,6.004064497176567,61.65453075621731,69.07618203761834,7.421651281401026,7.421651281401026,2.598012015554417,63.46755003927533,63.537008069367026,2.9700987220787285,8.821486418893695,60.5031401632908,69.3285004620225,8.825360298731702,8.825360298731702,-8.212940799314822,62.02109043683254,62.070754840304566,2.482528443227229,6.16294747143221,57.45866138376476,65.40841974731148,7.949758363546721,7.949758363546721,-5.581546372168354,-48.021090436832544,48.085216794914025,2.48252844322723,6.162947471432213,-51.40841974731149,-43.45866138376476,7.949758363546728,7.949758363546728,5.581546372168354,WARNING_3
320,SYNTHETIC,3200000,3209000,9000,35.375618073940224,35.46104252255379,2.45991517599337,6.051182673082494,31.07154237938488,38.61019964995731,7.538657270572429,7.538657270572429,6.454367083008073,194851.57142247126,194868.58876436116,2575.267210852029,6632001.20728959,190001.50621964727,199512.98637712537,9511.480157478101,9511.480157478101,-2470.7821247644315,65.46422514314717,65.55403537326852,3.430274060053849,11.766780127078315,60.78415624202076,68.96238414301199,8.178227900991232,8.178227900991232,-1.5676413272174017,63.819346337585216,63.90702839503967,3.346537214458502,11.199311327755671,60.23130747668664,69.20755909892681,8.97625162224017,8.97625162224017,-7.852353777072494,61.51831020727798,61.58102615659267,2.778541297168327,7.7202917400698485,56.1304922763769,65.60030297845181,9.46981070207491,9.46981070207491,2.096302288561951,-47.51831020727797,47.599475802735135,2.778541297168327,7.7202917400698485,-51.60030297845181,-42.1304922763769,9.46981070207491,9.46981070207491,-2.096302288561951,WARNING_3
321,SYNTHETIC,3210000,3219000,9000,34.77750042381608,34.8550211008784,2.3233510742353984,5.397960214150779,30.106843433546064,37.757744726873256,7.650901293327191,7.650901293327191,-2.4846352045495337,195132.98856285616,195146.12975313023,2264.6704293991884,5128732.153795104,190016.1040537297,197369.4995491254,7353.3954953957,7353.3954953957,-1655.7229828549025,65.430510795492,65.48676438029106,2.7137733952494827,7.364566040763906,60.918737050074895,69.4743856655832,8.555648615508304,8.555648615508304,-3.3861155757900576,64.63054185258017,64.69468753123708,2.8802178053554766,8.295654606286718,61.67212613929031,68.90053270912377,7.228406569833453,7.228406569833453,0.7660301816848261,62.86529603177166,62.9173083966067,2.5577823815624416,6.542250711431237,58.486298819181314,65.79011167144166,7.30381285226035,7.30381285226035,-4.259916124565777,-48.86529603177166,48.93219192907784,2.5577823815624434,6.542250711431246,-51.790111671441664,-44.486298819181314,7.30381285226035,7.30381285226035,4.259916124565777,WARNING_3
322,SYNTHETIC,3220000,3229000,9000,34.88312590233976,34.95205381079991,2.1939901719390376,4.813592874565088,31.40414053752057,37.7378828154636,6.333742277943031,6.333742277943031,5.812908761181866,195997.30096614952,196015.3479682353,2659.8220040003694,7074653.09296454,192389.7115510681,199844.06030827688,7454.348757208791,7454.348757208791,6713.309102523897,65.31994930123108,65.36568642094834,2.4448281261371014,5.977184566351052,62.480715214277446,69.41352478157225,6.932809567294804,6.932809567294804,0.2066120460518306,64.94623060304828,65.02053218233273,3.1075288782955846,9.656735729441014,60.24633138220352,68.98976274577949,8.743431363575965,8.743431363575965,0.461727580965956,59.41687568338781,59.461626027644805,2.3064808423929124,5.319853876325519,56.38964154232734,63.50524857415888,7.115607031831537,7.115607031831537,-1.2672962696885648,-45.4168756833878,45.47540489887504,2.3064808423929124,5.319853876325519,-49.50524857415888,-42.38964154232734,7.115607031831537,7.115607031831537,1.2672962696885648,WARNING_3
323,SYNTHETIC,3230000,3239000,9000,35.616866539710465,35.71659522863685,2.667206894625311,7.113992618736795,30.4859961641394,39.13381509304237,8.647818928902971,8.647818928902971,-3.669774815941352,195079.75159695846,195111.249187727,3505.720534253936,12290076.464289702,190971.39231658576,199839.2323910521,8867.840074466338,8867.840074466338,8144.432702866878,64.84669272600425,64.91673492241095,3.0147828256375195,9.088915485758948,60.19838620018091,68.8425339020909,8.644147701909993,8.644147701909993,-1.7359022756368603,65.00355890969453,65.05552174855828,2.5996613339074037,6.758239051013222,60.37884047036087,67.83931193832419,7.460471467963316,7.460471467963316,-0.5077241349278623,61.9111354066499,61.96980146639945,2.695849855690354,7.267606444425702,56.44330708124175,65.55017877103394,9.106871689792193,9.106871689792193,-0.9076634141435846,-47.91113540664989,47.986920117869275,2.6958498556903536,7.2676064444257005,-51.55017877103394,-42.44330708124175,9.106871689792193,9.106871689792193,0.9076634141435846,WARNING_3
324,SYNTHETIC,3240000,3249000,9000,36.152044874494315,36.288974529419754,3.1494957992390975,9.919323789424721,30.99391500257024,39.63388645567152,8.639971453101282,8.639971453101282,-4.788608680486973,194726.2387043778,194749.06848873635,2981.8848529373704,8891637.276177324,190147.33119482404,198806.52957822144,8659.198383397394,8659.198383397394,2653.802148083225,64.19398897207188,64.25056448708472,2.6957033892005513,7.2668167625473385,60.91165684060415,68.21475367933792,7.303096838733765,7.303096838733765,5.7656141926225715,64.91145902066744,64.96173824626553,2.5553715550830485,6.529923784527557,60.550050550744416,69.2664949432047,8.71644439246029,8.71644439246029,-1.5309234923951323,61.175729401539726,61.24491162437941,2.91021168776982,8.469332067632065,56.31216011736441,64.41789020443863,8.105730087074228,8.105730087074228,-5.973726150652773,-47.175729401539726,47.26540782258133,2.910211687769821,8.46933206763207,-50.41789020443864,-42.31216011736441,8.105730087074235,8.105730087074235,5.973726150652773,WARNING_3
325,SYNTHETIC,3250000,3259000,9000,33.576322508180645,33.694036769680395,2.814015043175143,7.918680663216001,30.80195320054063,38.6815569557499,7.879603755209267,7.879603755209267,-5.786254265252456,194061.24900663894,194083.4251202727,2933.8610055308086,8607540.399774248,190707.98048384595,198230.64476099412,7522.664277148171,7522.664277148171,6334.046691280382,65.74136793306832,65.78331775068082,2.348922428684163,5.517436575975506,62.10540540870168,69.94482841504814,7.839423006346458,7.839423006346458,0.41583196398163125,64.49062851705395,64.52731117159672,2.1754816734277407,4.732720511419963,61.91601457396865,68.70206622617602,6.786051652207362,6.786051652207362,4.71623525608647,59.90486868430939,59.95168334354831,2.368764158952018,5.61104364073566,56.1434878660205,65.29916992173425,9.155682055713747,9.155682055713747,-1.9980173365939464,-45.90486868430939,45.96594405170446,2.368764158952018,5.61104364073566,-51.29916992173425,-42.1434878660205,9.155682055713747,9.155682055713747,1.9980173365939464,WARNING_3
326,SYNTHETIC,3260000,3269000,9000,32.86095573437494,32.96407133867257,2.605299876126546,6.787587444544997,30.28712405508384,39.4179931978711,9.130869142787258,9.130869142787258,-2.007872623673343,195700.05677176666,195733.2449371992,3604.296487932503,12990953.172922578,190435.63751371423,199591.6490959363,9156.011582222069,9156.011582222069,7617.751593051973,64.7938281543726,64.8454925823701,2.587999488378398,6.697741351846851,60.13614166722075,67.80793546238662,7.6717937951658755,7.6717937951658755,1.205278351999155,65.38861463255418,65.41258922930953,1.770848982184201,3.135906117702821,61.72034408029814,67.63202917939032,5.911685099092175,5.911685099092175,-0.12318055113252058,61.12719187423992,61.19375111522008,2.853347003320259,8.141589121356702,56.38736129346524,65.53227874565059,9.144917452185346,9.144917452185346,-4.783963859574733,-47.12719187423992,47.213491748363424,2.853347003320259,8.141589121356702,-51.532278745650586,-42.38736129346524,9.144917452185346,9.144917452185346,4.783963859574733,WARNING_3
327,SYNTHETIC,3270000,3279000,9000,36.17581036797594,36.296583376465186,2.9584977649025777,8.752709024933548,30.76316388656841,39.7671929033522,9.004029016783793,9.004029016783793,6.513829891067381,194923.17071986414,194959.50734221787,3763.910152355176,14167019.635002363,190505.55904873944,199925.34208824617,9419.783039506729,9419.783039506729,-9277.876661820279,64.06098880605818,64.12127429540043,2.779843602807002,7.727530456067013,60.20306150016078,69.4744883995944,9.271426899433628,9.271426899433628,0.17684629212081404,63.667947472517895,63.723138365193925,2.6515708073427193,7.030827746352121,60.86155501742445,69.90607039271677,9.04451537529232,9.04451537529232,1.8506247501510131,58.90334817938824,58.955848777609,2.487504441415466,6.187678346061668,56.18251979429217,63.41358851700432,7.231068722712152,7.231068722712152,5.265251052462176,-44.90334817938823,44.97219536630862,2.487504441415466,6.187678346061668,-49.41358851700432,-42.18251979429217,7.231068722712152,7.231068722712152,-5.265251052462176,WARNING_3
328,SYNTHETIC,3280000,3289000,9000,35.392972256755186,35.54681388170928,3.303557472398138,10.913491973437575,31.32530518810992,39.47657720061797,8.151272012508048,8.151272012508048,-3.9925720271844014,195494.4587024111,195510.68501684628,2518.8434663076514,6344572.407760744,190433.0335964839,199842.3165513828,9409.282954898896,9409.282954898896,-4835.484739757812,65.22057424225689,65.30863041693885,3.390265837153435,11.493902446569681,60.15585283432221,69.75746828073302,9.601615446410811,9.601615446410811,4.668771024871319,65.20675228179196,65.27712734120813,3.0303152940444757,9.182810781319859,60.36551259038037,69.41829325926916,9.052780668888794,9.052780668888794,7.560436048496456,60.68404024433109,60.725316966595194,2.238611247595429,5.011380317860764,57.452160013828326,64.55780946151512,7.105649447686794,7.105649447686794,-3.181160679862735,-46.68404024433108,46.73768280362414,2.238611247595429,5.011380317860764,-50.55780946151512,-43.452160013828326,7.105649447686794,7.105649447686794,3.181160679862735,WARNING_3
329,SYNTHETIC,3290000,3299000,9000,34.56064834389205,34.72381725203565,3.362301384855466,11.305070602600987,30.877896135768864,39.80349035453126,8.925594218762399,8.925594218762399,2.5378182261529503,194150.59841077813,194163.46554285553,2235.282610412264,4996488.348411465,191592.71072652345,199618.67381886792,8025.963092344464,8025.963092344464,658.5572864526475,64.16244585988525,64.24557862281296,3.267248667814497,10.674913857335605,60.202350800397525,69.94314055369826,9.740789753300731,9.740789753300731,-5.956931587504968,65.65725348066594,65.72170037232192,2.909805011480757,8.466965204838528,62.03653981442079,69.77920381535334,7.74266400093255,7.74266400093255,-2.8670238564210564,60.11967325928735,60.18848386959719,2.87723438692251,8.278477717289352,56.470469847824766,64.83394438219347,8.363474534368699,8.363474534368699,8.363474534368699,-46.11967325928735,46.20933606167389,2.87723438692251,8.278477717289352,-50.833944382193465,-42.470469847824766,8.363474534368699,8.363474534368699,-8.363474534368699,WARNING_3
330,SYNTHETIC,3300000,3309000,9000,34.49112448924889,34.5838456534715,2.5307531784578945,6.404711650274736,31.316280596521665,38.37124362262309,7.054963026101426,7.054963026101426,1.6370451026146569,196282.90180364333,196298.52759333292,2476.7710535701785,6134394.851803131,191902.8574370332,199599.0540765728,7696.196639539587,7696.196639539587,7661.807747714483,66.53053171312614,66.58346363610545,2.6544264445063246,7.045979749294487,62.7192251144635,69.59959047936705,6.880365364903554,6.880365364903554,6.564359569230518,64.649199979706,64.68820753129441,2.246137928934684,5.045135595798991,61.37859635538438,67.48422909548259,6.1056327400982084,6.1056327400982084,-4.808799245124874,62.42602777571882,62.492268986730195,2.8765846511136686,8.274739255022746,57.735008385935856,65.80211335785877,8.067104971922916,8.067104971922916,-0.38059562407106995,-48.42602777571882,48.51138943990074,2.8765846511136686,8.274739255022746,-51.80211335785877,-43.735008385935856,8.067104971922916,8.067104971922916,0.38059562407106995,WARNING_3
331,SYNTHETIC,3310000,3319000,9000,34.919949040893904,35.00951033148048,2.502593181364306,6.262972631411118,30.699220975967457,38.67797005332414,7.978749077356682,7.978749077356682,-4.97682662030806,196453.6128195217,196473.4404740447,2791.204375434766,7790821.865446182,190823.665387942,199973.39098587332,9149.725597931334,9149.725597931334,-3683.4413612642675,65.73472366648156,65.79892454923291,2.905955320880482,8.444576326953584,62.03275514731197,69.68146962872284,7.64871448141087,7.64871448141087,2.588793893083647,63.55625465416468,63.62646231172251,2.988176808693864,8.929200640015845,60.16515558595991,69.71076969680477,9.545614110844866,9.545614110844866,-2.6773169219439836,60.54453016126995,60.595578664257694,2.4867692308127105,6.18402120731684,56.9695911926854,64.22860880765307,7.259017614967675,7.259017614967675,2.1990596375129883,-46.54453016126995,46.610914056052195,2.4867692308127114,6.184021207316845,-50.22860880765308,-42.9695911926854,7.259017614967682,7.259017614967682,-2.1990596375129883,WARNING_3
332,SYNTHETIC,3320000,3329000,9000,34.25425540302926,34.35328598920346,2.6065772653122146,6.794245040042502,30.85518698258907,39.26544437409618,8.410257391507105,8.410257391507105,-4.547585681916544,194367.86809572397,194383.85319767255,2492.836917562978,6214235.89756489,190956.88968797904,198042.29787503125,7085.408187052206,7085.408187052206,-7085.408187052206,64.23142484696257,64.31527651355233,3.2831166814012978,10.77885514369547,60.2938693382907,69.78991900104454,9.49604966275384,9.49604966275384,1.0652554626877233,65.36566737965727,65.39470240131105,1.9484943335937501,3.7966301680469527,62.850446493335966,68.85739458300375,6.006948089667787,6.006948089667787,-5.464205056369082,60.78531733883443,60.889205045883315,3.555346275233579,12.640487136817287,56.10677208987811,65.96387712606017,9.857105036182055,9.857105036182055,7.415545129252578,-46.78531733883443,46.92021318826523,3.555346275233579,12.640487136817287,-51.96387712606017,-42.10677208987811,9.857105036182055,9.857105036182055,-7.415545129252578,WARNING_3
333,SYNTHETIC,3330000,3339000,9000,34.69331216171839,34.82887295919059,3.069932060648998,9.424482857000601,30.138757567513128,39.00639451853697,8.867636951023844,8.867636951023844,-2.667776178458574,195257.97260001273,195280.51340518484,2966.993752144833,8803051.925266473,191006.0079511963,199316.89645689525,8310.888505698938,8310.888505698938,-1581.8150003912742,64.99126988474146,65.05960515254232,2.9811174705818337,8.887061373408232,60.36612866911248,69.22463371909305,8.858505049980572,8.858505049980572,-2.2465639928861236,65.26488786780254,65.31941640896001,2.668439920679841,7.120571610277837,60.91368855589504,69.75249153976813,8.838802983873087,8.838802983873087,4.007717676231941,62.80905917615705,62.846619389604285,2.1724764918838795,4.719654107788088,57.63319352589097,65.40131413111983,7.768120605228866,7.768120605228866,0.11449921813806441,-48.80905917615705,48.85738339053155,2.1724764918838795,4.719654107788088,-51.40131413111983,-43.63319352589097,7.768120605228866,7.768120605228866,-0.11449921813806441,WARNING_3
334,SYNTHETIC,3340000,3349000,9000,35.01792749732665,35.11583147934523,2.6203767434754863,6.866374277747195,31.73817450405112,39.79336165290369,8.055187148852571,8.055187148852571,0.7020925702010814,194828.46668502231,194851.66749726815,3006.8082128871806,9040895.6290858,190093.48006790463,199988.4774757925,9894.997407887859,9894.997407887859,-1646.493495513976,63.35860083522751,63.39789110797438,2.2316579354562016,4.980297140884636,60.11178562391723,66.59481604045553,6.483030416538298,6.483030416538298,-5.613296301962656,64.79036649012818,64.83124227255018,2.3018220341666376,5.298384676975037,61.26242463189232,67.47303805873207,6.21061342683975,6.21061342683975,-0.4258987233637157,62.018637911939514,62.06388217709957,2.369392842193066,5.614022440635735,56.635627164979645,64.66997054951241,8.034343384532768,8.034343384532768,1.5773161098695425,-48.01863791193952,48.077059075598534,2.369392842193067,5.61402244063574,-50.66997054951241,-42.635627164979645,8.034343384532768,8.034343384532768,-1.5773161098695496,WARNING_3
335,SYNTHETIC,3350000,3359000,9000,34.19911953281549,34.31140844703652,2.7736208824508095,7.692972799567206,30.152429211064472,38.95258194750376,8.800152736439287,8.800152736439287,1.2716616374288527,195346.1552543655,195365.33913846212,2737.7662470803893,7495364.02365264,190202.24913807548,199227.9300127119,9025.680874636426,9025.680874636426,9025.680874636426,65.75542123456064,65.79793523289118,2.364922657769887,5.592859177233385,61.397611803782006,69.98935134442824,8.591739540646238,8.591739540646238,6.031392604288584,63.088916312637004,63.13299253363753,2.3586828420573904,5.563384749415929,60.14020753552635,67.78197823089299,7.641770695366638,7.641770695366638,-2.838522563973484,59.88000852501004,59.97317243144371,3.341555107491879,11.165990536405063,56.190906207902366,65.96061572813855,9.769709520236184,9.769709520236184,3.466644180630574,-45.88000852501004,46.001534461269856,3.341555107491879,11.165990536405063,-51.96061572813855,-42.190906207902366,9.769709520236184,9.769709520236184,-3.466644180630574,WARNING_3
336,SYNTHETIC,3360000,3369000,9000,36.45740136230391,36.51957175633734,2.130025158103151,4.537007174152353,33.042607690173,38.98352942242618,5.94092173225318,5.94092173225318,-5.369917552993726,193819.838867807,193831.38530167792,2115.6533801295177,4475989.224853453,190373.9494031692,198856.04853185703,8482.099128687842,8482.099128687842,772.942373367754,63.98775048393918,64.08437805598624,3.517854293132568,12.375298827711237,60.303498112541,69.46539351248678,9.161895399945784,9.161895399945784,-6.63718919208214,64.32084725454197,64.38210917891965,2.807951350043104,7.884590784208889,60.43846133228722,69.89787021070907,9.459408878421854,9.459408878421854,-2.5253060816336514,62.29398949612467,62.36796743557911,3.0368132478250165,9.222234702165524,57.01722946389634,65.62987236966198,8.61264290576564,8.61264290576564,-2.1841906905289648,-48.29398949612467,48.38937544703347,3.0368132478250165,9.222234702165526,-51.62987236966198,-43.01722946389634,8.61264290576564,8.61264290576564,2.184190690528972,WARNING_3
337,SYNTHETIC,3370000,3379000,9000,35.52239644216022,35.688208146575604,3.436211826897226,11.807551719308371,30.461092898551588,39.53768375340829,9.0765908548567,9.0765908548567,-0.07791342402800439,194882.5487959423,194900.74938528158,2663.5100415634665,7094285.741509418,190506.85923876573,198912.9059199101,8406.046681144362,8406.046681144362,-194.90427442954388,66.29111466513831,66.31270877012315,1.6921763751611123,2.8634608846534015,64.27008621825286,69.26548850111807,4.995402282865214,4.995402282865214,0.16986970632645182,65.85108449573757,65.9157763771602,2.919631164894767,8.524246139024775,60.30876433675284,69.6480474458899,9.339283109137064,9.339283109137064,2.287236685425526,62.70090744663727,62.72815628277116,1.848728212580363,3.417796003990584,59.95031887348352,65.51318203841619,5.562863164932672,5.562863164932672,1.746040894771319,-48.70090744663726,48.73598446866462,1.848728212580363,3.417796003990584,-51.51318203841619,-45.95031887348352,5.562863164932672,5.562863164932672,-1.746040894771319,WARNING_3
338,SYNTHETIC,3380000,3389000,9000,34.20133715329744,34.311559169284166,2.748022844476443,7.551629553764402,31.14713483343425,38.9976429790793,7.850508145645051,7.850508145645051,-1.4868847122224125,194801.05736915508,194819.71204800665,2695.9692741883173,7268250.327367483,190858.6913615904,199988.2389988828,9129.547637292388,9129.547637292388,-5084.64855806675,66.35879259264495,66.4266840194493,3.0024982041778427,9.014995466091172,60.56522251000079,69.76476887217173,9.199546362170942,9.199546362170942,0.7526324691865511,64.95812819247031,65.02287568365111,2.9010246297025697,8.415943902140931,60.89148685671013,69.51589541309231,8.624408556382178,8.624408556382178,6.860899063576241,60.76314931122603,60.83258025734846,2.9055991720116663,8.442506548394881,56.46827737731725,64.94934451453105,8.481067137213799,8.481067137213799,2.7108616329250594,-46.76314931122602,46.853331152143426,2.9055991720116663,8.44250654839488,-50.94934451453105,-42.46827737731725,8.481067137213799,8.481067137213799,-2.7108616329250594,WARNING_3
339,SYNTHETIC,3390000,3399000,9000,35.63664480481445,35.75231888801104,2.873648016984976,8.257852925521684,32.22957742948999,39.61440398726071,7.384826557770715,7.384826557770715,-2.000196830223203,195675.01159620698,195693.48479458006,2688.8339239912025,7229827.8708059285,190721.1356146023,199817.28141519704,9096.145800594735,9096.145800594735,-2763.2963169964787,64.7787804537801,64.85618283323358,3.167657591782806,10.034054618779248,60.1428676783296,69.03405902990613,8.89119135157653,8.89119135157653,-4.34906918796117,64.98363715607942,65.04344801541838,2.7887329921394026,7.777031701446785,61.07450668738069,69.20454803607052,8.13004134868983,8.13004134868983,3.3904172438441407,60.31020253480106,60.34889444454267,2.1606783402049574,4.6685308898308495,56.98113679665285,64.53539026090552,7.5542534642526675,7.5542534642526675,1.2048571326415853,-46.31020253480105,46.3605801269152,2.1606783402049587,4.668530889830856,-50.53539026090552,-42.98113679665285,7.554253464252675,7.554253464252675,-1.2048571326415853,WARNING_3
340,SYNTHETIC,3400000,3409000,9000,33.959085173018835,34.040076138821576,2.346767510517797,5.507317748421899,31.54647596673008,38.95517856736405,7.408702600633973,7.408702600633973,-1.4506909415349867,195271.83903610596,195283.71764815235,2153.8936697073495,4639257.940405393,192776.3743543411,198962.6109753637,6186.236621022603,6186.236621022603,-4194.7588323285745,65.52404983665221,65.5705820275294,2.4698421878491064,6.10012043287926,62.52761799015776,69.31530046838805,6.787682478230288,6.787682478230288,-1.1632685784931027,63.869299728463545,63.91592547123462,2.440918073206434,5.958081040105812,60.62563846552474,67.47403398058617,6.8483955150614335,6.8483955150614335,-1.20596174268438,62.81264653203461,62.8475023169582,2.092840921270811,4.379983121745656,57.868662048061495,65.30597391143384,7.437311863372344,7.437311863372344,2.083257041076905,-48.812646532034606,48.857491181835115,2.0928409212708114,4.379983121745659,-51.30597391143384,-43.868662048061495,7.437311863372344,7.437311863372344,-2.083257041076905,WARNING_3
341,SYNTHETIC,3410000,3419000,9000,35.237941393548574,35.37254513457829,3.0829264737605975,9.504435642613952,30.194673128060312,39.46689517884944,9.272222050789129,9.272222050789129,-9.272222050789129,195444.69146238003,195459.76075007938,2427.066470730915,5890651.65334622,191379.4269308795,199492.4384452433,8113.011514363781,8113.011514363781,-159.75608799772453,64.57826313126156,64.65526106306312,3.154475246754704,9.95071408238815,60.15736079605095,69.56377057900463,9.406409782953673,9.406409782953673,-1.9030070815221762,64.84539361582712,64.93149527110825,3.3427540966097213,11.174004950401073,60.25513128978016,69.84767941007053,9.592548120290367,9.592548120290367,-6.9400217860276285,60.83866112830348,60.8804528793713,2.255405709136075,5.0868549128036005,57.3346885614917,64.58101671456579,7.246328153074089,7.246328153074089,0.5282731871760689,-46.838661128303485,46.892931569745684,2.2554057091360744,5.0868549128036,-50.58101671456579,-43.3346885614917,7.246328153074089,7.246328153074089,-0.5282731871760689,WARNING_3
342,SYNTHETIC,3420000,3429000,9000,34.80059292810164,34.920196433547815,2.8877068428300405,8.338850810127441,30.247312495253627,38.816078671128736,8.568766175875108,8.568766175875108,1.2816707757218282,194234.05948043132,194258.83907837656,3102.6920296536473,9626697.830876268,190214.45410122717,199866.845679755,9652.391578527837,9652.391578527837,-9652.391578527837,64.80771835760501,64.87448348049446,2.9424901261165317,8.658248142293282,60.30433949946713,69.29912746880171,8.994787969334581,8.994787969334581,-2.4406913508079953,65.73182822277951,65.80405364477078,3.08224505431937,9.500234574876215,60.3962370842804,69.38034256441618,8.984105480135781,8.984105480135781,-4.036761319942798,62.95360724841637,63.01186830815077,2.7090371160016553,7.338882095874565,57.05736586126171,65.75777821097648,8.700412349714775,8.700412349714775,1.0824001366823524,-48.95360724841636,49.02850746992078,2.7090371160016553,7.338882095874565,-51.75777821097648,-43.05736586126171,8.700412349714775,8.700412349714775,-1.0824001366823524,WARNING_3
343,SYNTHETIC,3430000,3439000,9000,36.24965709499182,36.32740792996704,2.3754846675450487,5.64292740574161,32.267096779559346,39.54176483995659,7.2746680603972464,7.2746680603972464,-1.7387279506856999,195840.04837789445,195857.6255451426,2623.916066733388,6884935.525261614,191686.49203045928,199189.6926129031,7503.200582443824,7503.200582443824,-3769.8182674590207,63.98403360964031,64.03450587446747,2.5419255747619998,6.461385627629122,61.54375221543324,68.77131885189952,7.227566636466285,7.227566636466285,6.8647116412459255,65.35509870924012,65.40176060510925,2.470093713505731,6.101362953500532,61.735100778431146,69.14772919975417,7.412628421323021,7.412628421323021,-4.649500280924528,61.236604115050305,61.30095165247286,2.8080224278696297,7.884989955418851,56.46275564235126,65.08557638879441,8.622820746443146,8.622820746443146,-1.2295708276924913,-47.23660411505031,47.31999321932968,2.8080224278696297,7.884989955418851,-51.08557638879441,-42.46275564235126,8.622820746443146,8.622820746443146,1.2295708276924913,WARNING_3
344,SYNTHETIC,3440000,3449000,9000,35.699700186549705,35.79652028583566,2.6310209358169554,6.922271164707128,32.730067258069745,39.421025610015846,6.690958351946101,6.690958351946101,-0.4680294301895316,194053.37614693883,194072.90823785175,2753.346667654318,7580917.8722831365,191046.98214149175,199036.31078084133,7989.32863934958,7989.32863934958,-130.5466351757641,64.43779205417533,64.47413087526095,2.1643722653775637,4.684507303135606,60.64273983735851,68.03145009070955,7.388710253351043,7.388710253351043,2.9087527525805754,64.15085954572959,64.22157299567756,3.0129151304372264,9.077657583217569,60.70143212664669,69.97087250773222,9.269440381085538,9.269440381085538,-6.465667232906007,60.26440211938632,60.34614745245088,3.1399601185125534,9.85934954584937,56.38880704112825,65.92421098400082,9.53540394287257,9.53540394287257,9.53540394287257,-46.26440211938631,46.370834077145155,3.1399601185125534,9.85934954584937,-51.92421098400082,-42.38880704112825,9.53540394287257,9.53540394287257,-9.53540394287257,WARNING_3
345,SYNTHETIC,3450000,3459000,9000,35.15238607305598,35.25773738418657,2.723563625672594,7.417798823086846,31.23735249762165,39.48554137659387,8.248188878972222,8.248188878972222,1.3486485256202272,195900.70966067573,195919.9746222482,2747.4370649776424,7548410.426012963,190970.77263980728,198935.22648837024,7964.45384856296,7964.45384856296,-4287.165018702828,64.67137295271223,64.75635186846473,3.3164179054537324,10.998627723614122,60.267219449010426,69.48832827666192,9.221108827651491,9.221108827651491,-2.2872384598450637,66.81853802326779,66.86923349733473,2.6033372724619874,6.777364954189821,61.45758123951726,69.31710813195915,7.859526892441885,7.859526892441885,3.79222958415523,61.598701867013574,61.66720856350739,2.905949124450979,8.444540313897411,56.63848060926068,65.2955326821656,8.657052072904918,8.657052072904918,-5.053225154108276,-47.59870186701357,47.68732493796165,2.9059491244509794,8.444540313897415,-51.2955326821656,-42.63848060926068,8.657052072904918,8.657052072904918,5.053225154108283,WARNING_3
346,SYNTHETIC,3460000,3469000,9000,34.232719960450254,34.39445025122733,3.331530007900642,11.09909219354245,30.52821890994024,38.82164185771552,8.29342294777528,8.29342294777528,-4.886789766562895,194748.1784684617,194773.27684118037,3126.7162754666388,9776354.66726797,190594.38137285455,199870.56573498956,9276.184362135013,9276.184362135013,213.1135006871773,64.96777325901945,65.02529891359681,2.7345816073492695,7.477936567252914,61.51672063028983,69.56651838100082,8.049797750710987,8.049797750710987,-5.900986769595534,64.37624968794387,64.41402769666844,2.205774290963506,4.8654402226755575,60.96529043932241,68.57198526258303,7.606694823260618,7.606694823260618,1.4425753810007862,60.755325443878704,60.84970222769686,3.3877265839735027,11.476691407760777,56.81966553278368,65.67291768076525,8.853252147981571,8.853252147981571,2.0351816391973685,-46.755325443878704,46.8778961640854,3.3877265839735027,11.476691407760777,-51.67291768076525,-42.81966553278368,8.853252147981571,8.853252147981571,-2.0351816391973685,WARNING_3
347,SYNTHETIC,3470000,3479000,9000,34.813851068275255,34.89469168022615,2.3738747342676754,5.635281253994426,31.19381365837016,38.936773480887,7.742959822516838,7.742959822516838,0.7727187453335276,196030.74574562878,196044.3855133068,2312.5340435755916,5347813.702696076,192143.78521126023,199477.5320944803,7333.746883220068,7333.746883220068,-135.11933980931644,66.19767759845017,66.21731526126865,1.6125510788464783,2.600320981888941,63.025288022611306,69.63228741693534,6.606999394324035,6.606999394324035,-3.526676077014983,65.81709874014707,65.8626377419842,2.448788223095628,5.996563761571844,61.230709238090455,69.35717266110366,8.126463423013206,8.126463423013206,-3.244323961118255,60.73158403227294,60.77769645116168,2.3670840374861712,5.603086840521835,56.84003269887644,64.61741523267253,7.777382533796086,7.777382533796086,0.8995411343805273,-46.73158403227294,46.79149530636854,2.3670840374861712,5.603086840521835,-50.61741523267253,-42.84003269887644,7.777382533796086,7.777382533796086,-0.8995411343805273,WARNING_3
348,SYNTHETIC,3480000,3489000,9000,33.98573012226706,34.112104760976095,2.933571079799688,8.605839280237106,31.06011599601752,38.97403450558484,7.913918509567321,7.913918509567321,7.913918509567321,196818.6880832433,196834.93457395482,2528.9305890169576,6395489.924065655,192182.2600109145,199838.82612680944,7656.566115894937,7656.566115894937,-4354.000949832378,64.35664344559387,64.41820512283356,2.815598633356299,7.927595664157858,60.3548314308547,69.27902153493268,8.92419010407798,8.92419010407798,3.4422442295842473,65.13927759991081,65.17877173730245,2.2686557573008708,5.146798945134387,61.59752825531392,68.74504483712285,7.1475165818089295,7.1475165818089295,-4.8079891730274795,62.344067096087315,62.42164982254498,3.1112159177710264,9.679664486991811,56.9072776517075,65.9482014054787,9.040923753771196,9.040923753771196,1.1587512709834726,-48.34406709608732,48.44407588011133,3.111215917771027,9.679664486991813,-51.9482014054787,-42.9072776517075,9.040923753771196,9.040923753771196,-1.1587512709834726,WARNING_3
349,SYNTHETIC,3490000,3499000,9000,34.63080281254571,34.726888723168884,2.5815299630123354,6.664296949930469,30.6883592919793,38.965134294042215,8.276775002062916,8.276775002062916,-5.457073320285126,194841.2628168923,194863.82820620429,2965.442141705282,8793847.09580161,190460.0242748369,199858.68462639512,9398.66035155821,9398.66035155821,-2072.5860194592387,65.18678845983419,65.25432469205025,2.968080407998663,8.80950130834551,60.81884579952748,69.22057855392389,8.401732754396406,8.401732754396406,-4.8728493310801895,65.38034282601659,65.45720617389614,3.171216177508027,10.056612044488624,60.21441208314205,69.16455076758993,8.950138684447879,8.950138684447879,2.6329263147554087,61.37078697892783,61.44270366414045,2.9719251582837063,8.832339146439633,56.69291806249172,65.65042288182093,8.957504819329209,8.957504819329209,4.2412783632877336,-47.37078697892783,47.4639210153291,2.9719251582837063,8.832339146439633,-51.65042288182093,-42.69291806249172,8.957504819329209,8.957504819329209,-4.2412783632877336,WARNING_3
350,SYNTHETIC,3500000,3509000,9000,36.02785029929264,36.15912138047616,3.078321266496879,9.476061819766949,31.182330264177573,39.9624411977849,8.780110933607325,8.780110933607325,-2.6423318886101157,194273.86084525182,194292.62596205398,2700.2769321571163,7291495.510339847,191153.98943623464,198414.55327717416,7260.563840939518,7260.563840939518,-7260.563840939518,64.90127464652025,64.95831572920558,2.7216413489119793,7.407331632107419,61.0034984662146,69.63279535588362,8.629296889669014,8.629296889669014,-3.6031820632170266,65.78855837173816,65.83428684876756,2.453347153219643,6.018912254210927,61.265156353127175,69.60437675970454,8.339220406577361,8.339220406577361,5.919373926698121,62.18882499349352,62.25211119972579,2.8063133737452994,7.875394751661726,56.82038353105623,65.81708864521077,8.996705114154544,8.996705114154544,-2.6080788041773033,-48.18882499349351,48.27046974087994,2.806313373745299,7.875394751661721,-51.81708864521077,-42.82038353105623,8.996705114154537,8.996705114154537,2.6080788041773033,WARNING_3
351,SYNTHETIC,3510000,3519000,9000,34.666070003967164,34.77102531045484,2.699591009826943,7.287791620338456,30.94809155045519,39.98167321067342,9.033581660218232,9.033581660218232,6.583885380869283,194534.69497392647,194545.83720165215,2082.1200477233483,4335223.893131479,191208.3026297413,197655.22155980964,6446.91893006835,6446.91893006835,3850.72879057753,64.67597621681298,64.72417098882272,2.497280639536458,6.236410592603621,60.18116277611429,68.28125485271568,8.100092076601385,8.100092076601385,0.08168002895108373,66.14235236972196,66.18633277450898,2.4124404941006916,5.819869137576789,62.37262055577095,69.86981195280077,7.497191397029823,7.497191397029823,-2.57758328053815,60.06723854826993,60.1334309180804,2.8207033103080112,7.956367164782572,56.17266514470487,65.78892494530888,9.616259800604006,9.616259800604006,0.9972147438560626,-46.06723854826993,46.153513784196214,2.8207033103080112,7.956367164782572,-51.78892494530888,-42.17266514470487,9.616259800604006,9.616259800604006,-0.9972147438560626,WARNING_3
352,SYNTHETIC,3520000,3529000,9000,34.65840041629776,34.72904481027126,2.214008585665436,4.9018340174002635,30.971321685784268,38.00012891270761,7.028807226923341,7.028807226923341,1.9576473899913012,193283.1198839169,193306.11386005685,2981.4801050280025,8889223.616677789,190373.30261644785,198518.2547439021,8144.952127454249,8144.952127454249,-8144.952127454249,65.93588628829418,65.96907531105248,2.0923185160138202,4.377796772454275,63.721428658526506,69.43126909900818,5.7098404404816705,5.7098404404816705,-0.9623365478780244,63.643099510561115,63.69853850339733,2.6570081214795294,7.059692157608177,60.40938976199757,69.24483055738858,8.835440795391008,8.835440795391008,-3.627364711843711,61.4896885630414,61.558713188044,2.91433865362932,8.493369788037956,56.36846689356573,65.66024992649373,9.291783032928002,9.291783032928002,4.753104085967372,-47.489688563041405,47.57902783372841,2.9143386536293185,8.493369788037949,-51.66024992649373,-42.36846689356573,9.291783032927995,9.291783032927995,-4.753104085967372,WARNING_3
353,SYNTHETIC,3530000,3539000,9000,35.93881787230309,36.11939771405086,3.607251192696508,13.01226116721038,30.44601796976823,39.54065265158776,9.094634681819532,9.094634681819532,-0.20209499709271483,194693.46795785008,194715.08684746752,2901.479030152368,8418580.562413927,191084.2546238402,198989.6282576129,7905.373633772688,7905.373633772688,-4652.10202432549,65.02065220990156,65.07105162835681,2.5605753687995643,6.5565462193030255,61.54789991482008,67.66596965611366,6.118069741293581,6.118069741293581,0.8673522690019979,65.29107212247902,65.3759888769774,3.3310392882577715,11.09582273991684,60.768294040405166,69.6632963801778,8.895002339772631,8.895002339772631,-7.20155633354095,61.89836994546765,61.960089987569575,2.7648778204010007,7.644549361745389,56.635422815315366,65.401777747875,8.766354932559636,8.766354932559636,3.0545425088806297,-47.89836994546766,47.97810326382886,2.7648778204010007,7.644549361745388,-51.401777747875,-42.635422815315366,8.766354932559636,8.766354932559636,-3.0545425088806297,WARNING_3
354,SYNTHETIC,3540000,3549000,9000,35.07100304717055,35.125759502302714,1.9605422410556574,3.8437258789635393,32.23105691197858,38.0454892205593,5.81443230858072,5.81443230858072,3.3049063522702795,195631.85090645813,195649.08416091054,2596.737167368467,6743043.916392811,192193.6002297507,199846.6962595323,7653.096029781591,7653.096029781591,-5063.793518240913,64.27376366483553,64.33020070500788,2.694072586895825,7.258027103463563,61.45054661706897,69.47558376115938,8.025037144090412,8.025037144090412,-7.787760069027648,66.17392869793987,66.20756823926394,2.110273166384367,4.453252836761902,61.34145217646949,68.20756195599496,6.866109779525473,6.866109779525473,-0.14000340789218058,60.90506512416215,60.9661624208384,2.728736437550482,7.446002545615697,56.441679226871976,64.76964220222693,8.327962975354957,8.327962975354957,0.4789029325829759,-46.90506512416215,46.9843711977452,2.728736437550482,7.446002545615697,-50.76964220222693,-42.441679226871976,8.327962975354957,8.327962975354957,-0.4789029325829759,WARNING_3
355,SYNTHETIC,3550000,3559000,9000,35.759771760508826,35.85324128143582,2.587205832779642,6.693634021169002,30.652487214677627,39.62878419335062,8.976296978672991,8.976296978672991,2.6107665978211756,194525.3746065945,194551.60921842785,3194.8839797301266,10207283.643936211,190144.6377056259,199694.30845496728,9549.67074934137,9549.67074934137,-2150.4439200294437,63.93208509884306,64.00523082721219,3.0590959708714474,9.358068159001922,60.12553086460524,68.88771608743816,8.762185222832926,8.762185222832926,2.50243634931752,65.52489349938084,65.5706625180083,2.4495132057899154,6.000114945339188,61.70066821903796,68.50533119548616,6.804662976448206,6.804662976448206,0.7870101509909517,59.794165460020466,59.88127295964794,3.2287192828672646,10.424628207558904,56.24162582103574,64.9292044280254,8.68757860698966,8.68757860698966,-7.0205910100176965,-45.794165460020466,45.90784484581355,3.2287192828672646,10.424628207558904,-50.9292044280254,-42.24162582103574,8.68757860698966,8.68757860698966,7.0205910100176965,WARNING_3
356,SYNTHETIC,3560000,3569000,9000,35.53832974459449,35.667939856144535,3.0379355730519806,9.229052546014666,30.12830430481459,39.19552981461453,9.06722550979994,9.06722550979994,-0.5729595887617087,194972.7773395735,194998.66499033137,3177.3329231568764,10095444.50457662,190543.38242585392,199772.1099227708,9228.727496916865,9228.727496916865,-7004.772282306367,64.98992391286747,65.04076364837356,2.571133167163571,6.610725763288576,61.0274221746359,68.80766768232215,7.780245507686246,7.780245507686246,5.727604284487143,64.90922607360955,64.94906425173312,2.2744928447462542,5.173317700801908,60.16255064071365,68.12960240808474,7.967051767371089,7.967051767371089,0.7584678003220375,61.05704775336022,61.16779893615993,3.6792045795765516,13.536546338377068,56.167352546940045,65.98357013705564,9.816217590115592,9.816217590115592,8.004075313771132,-47.05704775336022,47.200659842849674,3.6792045795765516,13.536546338377068,-51.98357013705564,-42.167352546940045,9.816217590115592,9.816217590115592,-8.004075313771132,WARNING_3
357,SYNTHETIC,3570000,3579000,9000,35.17737490651028,35.29832264248585,2.9195677864797185,8.523876059850084,30.565046337495463,39.911825144727565,9.346778807232102,9.346778807232102,2.085068120259308,194076.0129725366,194100.01822044852,3052.5828182464747,9318261.862253591,190400.7800387884,199072.8780386209,8672.097999832506,8672.097999832506,-5978.514075660205,65.08435699788748,65.12880715048557,2.405825225712771,5.7879950166759055,60.20647831150822,68.49240303349502,8.285924721986802,8.285924721986802,-0.5979076506330046,65.57936306031863,65.61572021451336,2.1840054652433127,4.769879872212659,60.9507958660326,69.11158478461874,8.160788918586142,8.160788918586142,-4.230328042734612,61.945204109531936,62.02106357513214,3.066596618241816,9.404014819012142,56.69248017910486,65.85996418462344,9.167484005518574,9.167484005518574,-6.873219508271788,-47.94520410953193,48.04317445718683,3.0665966182418174,9.40401481901215,-51.85996418462344,-42.69248017910486,9.167484005518581,9.167484005518581,6.873219508271795,WARNING_3
358,SYNTHETIC,3580000,3589000,9000,33.90331339799163,34.025848900865476,2.8850882243164446,8.323734062089414,30.85761145605041,38.03014859444215,7.172537138391743,7.172537138391743,7.138641369971484,196507.2235576141,196536.67876464812,3402.5269310237945,11577189.5163422,190134.718377038,199990.9416938976,9856.2233168596,9856.2233168596,-2741.6809518164664,64.77099215409632,64.85794272143804,3.357277085873363,11.27130943133034,60.79272694488202,69.97788291733029,9.185155972448271,9.185155972448271,-0.45703288404381226,63.213194017508485,63.28925896713239,3.1019997926462253,9.622402713577225,60.14982500523991,69.9581192696905,9.808294264450588,9.808294264450588,-2.1746353342716773,59.201172288650255,59.21528106618068,1.2925600165274336,1.6707113963253994,57.43525022469436,62.03812786173285,4.602877637038496,4.602877637038496,2.306315265245182,-45.201172288650255,45.219649353622465,1.2925600165274336,1.6707113963253994,-48.03812786173285,-43.43525022469436,4.602877637038496,4.602877637038496,-2.306315265245182,WARNING_3
359,SYNTHETIC,3590000,3599000,9000,34.039514363217506,34.137968999004755,2.590827916577698,6.712389293318336,30.12801637349421,36.91652715199872,6.788510778504513,6.788510778504513,1.3226248278839847,195053.24978208527,195069.1513001851,2490.6903504790803,6203538.421969603,191780.0702424521,198848.3448977592,7068.274655307119,7068.274655307119,-1797.9049058110977,64.78470667860933,64.85406982116359,2.9986918706186745,8.992152934914525,60.60297558614359,69.45755040151998,8.854574815376388,8.854574815376388,-2.383221199903957,62.521845424986864,62.53295713887521,1.178801589095164,1.3895731864532839,60.72113746364679,64.35790827984204,3.636770816195245,3.636770816195245,0.376475657664038,60.84052227286306,60.90018531952313,2.69507356439756,7.263421517514568,56.47707746501683,65.99219337552033,9.515115910503496,9.515115910503496,4.404053780237888,-46.840522272863055,46.91799173357801,2.69507356439756,7.263421517514568,-51.99219337552033,-42.47707746501683,9.515115910503496,9.515115910503496,-4.404053780237888,WARNING_3
360,SYNTHETIC,3600000,3609000,9000,33.789062344461655,33.84504505167872,1.9458521095513304,3.7863404322453627,30.368416087724647,36.86294341407252,6.494527326347871,6.494527326347871,2.83197446075598,193665.0506505138,193690.54631649438,3142.5927060291465,9875888.915987592,190259.02280095773,199602.1660271457,9343.143226187967,9343.143226187967,5239.5585335902,63.79509845397901,63.84526580311627,2.530489817741363,6.403378717692715,60.79255729530434,68.43600569065973,7.643448395355385,7.643448395355385,-1.3073579385043672,66.01415018028946,66.09068283082095,3.1796749862778744,10.110333018361201,60.567814756511645,69.77525378122938,9.207439024717736,9.207439024717736,0.15925601538096146,61.92472280493829,62.01691186371952,3.3802459442930886,11.426062643909873,56.77323887801093,65.95990761823879,9.186668740227859,9.186668740227859,-2.3062579154209075,-47.9247228049383,48.04378334992033,3.3802459442930886,11.426062643909875,-51.95990761823879,-42.77323887801093,9.186668740227859,9.186668740227859,2.3062579154209075,WARNING_3
361,SYNTHETIC,3610000,3619000,9000,34.18924722486344,34.299427891656734,2.7470216402728664,7.54612789212743,30.41384017763389,39.56512827182929,9.151288094195397,9.151288094195397,1.5429841812246892,195584.19551855925,195598.45654762638,2361.9202297430156,5578667.171669301,191187.087497552,198799.24361358708,7612.156116035068,7612.156116035068,4116.496647860535,64.80391717658632,64.86857181603472,2.8955013421155344,8.383928022192862,60.448719965808806,69.40442064297821,8.955700677169403,8.955700677169403,1.6739377506694808,65.42605751377549,65.46840620852176,2.3544021933712536,5.54320968815137,60.19396576990487,68.89582514663756,8.701859376732692,8.701859376732692,2.2535259539548065,60.70061360791105,60.74762562746049,2.3894616542601375,5.709526997179592,57.60733296461454,64.83793576373265,7.2306027991181026,7.2306027991181026,5.525674615431711,-46.70061360791105,46.76170268876643,2.3894616542601383,5.709526997179596,-50.837935763732645,-43.60733296461454,7.2306027991181026,7.2306027991181026,-5.525674615431711,WARNING_3
362,SYNTHETIC,3620000,3629000,9000,35.107951378387206,35.188319101083025,2.376878451340047,5.649551172444662,30.476102758018666,38.91856397082336,8.442461212804691,8.442461212804691,-5.601178953925171,194155.6859813752,194175.0134666336,2739.6087072735604,7505455.868969108,190068.02949564133,196986.68074933975,6918.651253698423,6918.651253698423,-6734.494316540513,66.52646219685182,66.59341019501024,2.985315556476375,8.91210897173985,60.799879334011294,69.71125811728817,8.911378783276874,8.911378783276874,7.137504383493749,64.03900783721214,64.08864612968907,2.521911569027205,6.360037961993259,60.25130774153008,68.17247255168868,7.921164810158608,7.921164810158608,6.119212351178646,61.129352728290314,61.21874550548624,3.3071190310838774,10.937036285757165,56.11968854035644,65.35151574847217,9.231827208115725,9.231827208115725,1.442822134076188,-47.129352728290314,47.245242351726404,3.3071190310838774,10.937036285757165,-51.35151574847217,-42.11968854035644,9.231827208115725,9.231827208115725,-1.442822134076188,WARNING_3
363,SYNTHETIC,3630000,3639000,9000,35.67893711184039,35.76570164249399,2.489751101864504,6.198860549235511,31.42628132286374,39.22437592886739,7.798094606003648,7.798094606003648,-2.470532729725896,193638.69441047756,193664.60265498926,3167.703982469159,10034348.520550972,190152.18196804693,199807.50047778396,9655.31850973703,9655.31850973703,4016.295177170163,66.33461625333932,66.41206292491435,3.2063668637564735,10.280788464995524,61.52992295573369,69.9956339266167,8.465710970883016,8.465710970883016,3.1156610317789273,66.59550009073519,66.65518034568409,2.820006131298176,7.952434580559306,60.430664115499326,69.93447058218885,9.503806466689525,9.503806466689525,7.579663409905443,62.594540321677826,62.63756175831904,2.321134409093914,5.387664945079754,57.744122376140254,65.7828096349306,8.038687258790347,8.038687258790347,-0.3848081256866962,-48.594540321677826,48.649943617852756,2.321134409093914,5.387664945079754,-51.7828096349306,-43.744122376140254,8.038687258790347,8.038687258790347,0.3848081256866962,WARNING_3
364,SYNTHETIC,3640000,3649000,9000,33.907860358961514,34.02456696854461,2.8156994289418615,7.928163274143524,30.13884548338871,38.48652026500379,8.34767478161508,8.34767478161508,1.321939998229901,195751.33659956214,195762.85565355542,2123.6461851507192,4509873.119705202,192895.56450123567,199643.756060597,6748.191559361323,6748.191559361323,5333.479065760359,65.55504578142711,65.60913512939743,2.6635662226660743,7.09458502252762,61.71192110848496,69.49628061079257,7.784359502307609,7.784359502307609,0.4902295338840901,63.86925621902295,63.919753680158834,2.540279622596397,6.4530205609784925,60.81612571632258,68.94316138348924,8.127035667166659,8.127035667166659,0.09735178777032871,59.50279531756557,59.5580741386987,2.565452105697466,6.581544506627563,56.13511478819548,64.76520357394642,8.630088785750942,8.630088785750942,-2.576986739518837,-45.50279531756557,45.57505815924863,2.565452105697466,6.581544506627563,-50.76520357394642,-42.13511478819548,8.630088785750942,8.630088785750942,2.576986739518837,WARNING_3
365,SYNTHETIC,3650000,3659000,9000,35.69431977059399,35.78847207778351,2.594276349364811,6.730269776873612,30.435821865306597,38.562168709827375,8.126346844520778,8.126346844520778,1.5342597172070782,194937.18777119616,194952.23397289414,2422.0559199747,5866354.8794844905,190878.3853692188,198134.44461277343,7256.059243554628,7256.059243554628,1421.872310867504,64.00982424934996,64.07437660941939,2.8754369151559214,8.268137453041401,60.62873396232837,68.49026039777615,7.861526435447786,7.861526435447786,0.04011326870908505,65.82117913998704,65.87325646494119,2.618834457854997,6.858293917648678,60.77836720801188,68.8329228410656,8.054555633053717,8.054555633053717,-1.4154709969561736,60.72944813826405,60.776587037414025,2.3932531705314823,5.727660738258992,57.22014095752346,65.09432011022551,7.874179152702048,7.874179152702048,-2.9671212905378823,-46.729448138264054,46.790693348624025,2.3932531705314823,5.727660738258993,-51.09432011022551,-43.22014095752346,7.874179152702048,7.874179152702048,2.9671212905378823,WARNING_3
366,SYNTHETIC,3660000,3669000,9000,36.364258621563295,36.46970401344588,2.77128232636261,7.680005732409759,31.899269027366973,39.78160379898167,7.882334771614698,7.882334771614698,-6.280616271970949,195019.53153893154,195038.1304308015,2693.4439437344317,7254640.278039688,190876.63691435315,199836.762616038,8960.125701684854,8960.125701684854,4407.134672342014,63.906932390757696,63.93611862775234,1.931646340597846,3.7312575851450496,61.445533789124624,67.41113141363243,5.965597624507808,5.965597624507808,3.0805440130813224,65.10549424283109,65.13613391847515,1.997638916876229,3.9905612422184333,61.08080838532969,68.71795269153266,7.63714430620297,7.63714430620297,-0.2542630508192616,60.84980575657344,60.91136828941472,2.7378689296601,7.495926275998142,56.51720248265331,65.3723357680956,8.855133285442285,8.855133285442285,-3.9461888948537265,-46.849805756573446,46.92973711523068,2.7378689296601015,7.4959262759981495,-51.3723357680956,-42.51720248265331,8.855133285442292,8.855133285442292,3.9461888948537265,WARNING_3
367,SYNTHETIC,3670000,3679000,9000,34.74522995284248,34.882031107062375,3.0862744009833496,9.525089678165134,30.25290703883298,38.232761163363485,7.979854124530505,7.979854124530505,-0.8793556160190619,196250.96469393483,196272.38141738405,2899.4075172409957,8406563.951033596,191120.721255389,199547.99547937585,8427.274223986838,8427.274223986838,-5765.7956808502495,65.38249610055757,65.40408057488476,1.6801665115668787,2.822959506590814,62.73128349809942,68.51085579590637,5.7795722978069435,5.7795722978069435,-0.7893449879059204,65.79905102152222,65.86826309976776,3.0187693597460497,9.112968447341576,60.333226733680256,69.62007222086689,9.286845487186632,9.286845487186632,-3.006361672740894,60.61704148760206,60.668539270949275,2.49918758020403,6.245938561046077,57.37030820493553,65.02406652746623,7.653758322530699,7.653758322530699,1.5638293595235169,-46.617041487602044,46.68398542988652,2.49918758020403,6.245938561046077,-51.02406652746623,-43.37030820493553,7.653758322530699,7.653758322530699,-1.5638293595235169,WARNING_3
368,SYNTHETIC,3680000,3689000,9000,34.82521390493085,34.97266109798145,3.2080368997372974,10.291500750076091,30.38037476688965,39.7363684982462,9.355993731356552,9.355993731356552,3.204536732196523,195524.35837248727,195536.57887044628,2186.0831149389455,4778959.3854211625,192703.82147953543,199543.15542276576,6839.333943230333,6839.333943230333,4531.941755483276,65.35916330839143,65.4052220331535,2.4541476795679076,6.022840833128545,62.52594000601398,69.29270504005527,6.766765034041285,6.766765034041285,-6.425990871580439,64.67676926952701,64.76008436236272,3.2839067399516897,10.784043476700136,60.27046704226069,69.3761959803987,9.105728938138014,9.105728938138014,-8.805002892591155,59.848993246126234,59.89347268249691,2.307829585160171,5.326077394140567,56.764205779959546,64.87620891645678,8.11200313649723,8.11200313649723,2.794466448476612,-45.848993246126234,45.90703931944937,2.307829585160171,5.326077394140567,-50.876208916456775,-42.764205779959546,8.11200313649723,8.11200313649723,-2.794466448476612,WARNING_3
369,SYNTHETIC,3690000,3699000,9000,34.893067007194105,35.061943820998465,3.4371178825166018,11.81377933831541,30.26677681180889,39.764132812868255,9.497356001059366,9.497356001059366,0.3010985979137253,195075.79931510196,195099.9593671366,3070.287711667955,9426666.632419249,191498.2554985969,199357.2258896892,7858.970391092298,7858.970391092298,7771.1934567129065,65.36277152421107,65.4400364338787,3.1790670236967107,10.106467141155862,60.15680313400332,69.78618585480599,9.629382720802674,9.629382720802674,4.6664520409828825,64.82906842941466,64.85172002491518,1.7139068715232957,2.937476764254771,62.85632927516448,68.08537662598631,5.229047350821837,5.229047350821837,1.3707026695610836,61.24234729406186,61.30901014080791,2.858255124932266,8.169622359201563,56.1501154513049,65.29205540286091,9.141939951556012,9.141939951556012,-0.1511403609961448,-47.24234729406186,47.32873334679426,2.858255124932266,8.169622359201563,-51.29205540286091,-42.1501154513049,9.141939951556012,9.141939951556012,0.1511403609961448,WARNING_3
370,SYNTHETIC,3700000,3709000,9000,35.639278773715645,35.79953706274832,3.383587208344514,11.448662396472622,30.111293683845425,39.76296468964092,9.651671005795492,9.651671005795492,-9.001297448142786,193997.13770133193,194006.07714493954,1862.399758025892,3468532.858694901,190789.20192499703,196545.13061342933,5755.928688432294,5755.928688432294,1628.7295272647461,65.55829409582546,65.62895655961147,3.0446698258803946,9.270014348626553,60.27334320356012,69.6612060371671,9.387862833606988,9.387862833606988,-0.5289139190211927,65.50773162468212,65.563935389158,2.7141704261721666,7.366721102307601,61.12707767445655,69.4574330829038,8.330355408447254,8.330355408447254,2.405151566817082,61.331083547741,61.38244797851806,2.5105996685032688,6.303110695488722,56.730300819138456,64.38348881832236,7.653187999183906,7.653187999183906,6.377248031881564,-47.331083547741,47.39762209751379,2.5105996685032688,6.303110695488722,-50.38348881832236,-42.730300819138456,7.653187999183906,7.653187999183906,-6.377248031881564,WARNING_3
371,SYNTHETIC,3710000,3719000,9000,35.56864500916707,35.65184300470003,2.434214831035343,5.925401843632424,31.08978099869408,39.77023760431148,8.680456605617401,8.680456605617401,-3.0127420972089425,193734.16647540353,193742.21355238763,1765.800741761775,3118052.259606435,191107.5896403728,196290.6878554248,5183.098215051985,5183.098215051985,2084.891075318301,65.8913121036798,65.92891753201796,2.2264672014397315,4.957156199086869,62.31073994054475,69.7679936263322,7.45725368578745,7.45725368578745,-5.850935343612711,64.06706614579635,64.11403100464584,2.4535702832492974,6.020007134844038,60.50333844137567,68.92715463637926,8.423816195003589,8.423816195003589,-3.304585299695759,60.656076197714924,60.74147354656234,3.21978708996944,10.367028904733877,56.16916972788003,65.62079657631539,9.451626848435353,9.451626848435353,-0.5090982237533908,-46.65607619771493,46.76704475452469,3.21978708996944,10.367028904733877,-51.620796576315385,-42.16916972788003,9.451626848435353,9.451626848435353,0.5090982237533908,WARNING_3
372,SYNTHETIC,3720000,3729000,9000,36.606461765267326,36.74811557195038,3.2235004447716102,10.39095511744277,30.275451554923706,39.927426678348965,9.65197512342526,9.65197512342526,1.3084301471694246,195470.40184601542,195491.28444362298,2857.323148467337,8164295.574767294,191576.96709262676,199150.78832688672,7573.821234259958,7573.821234259958,5951.157055113319,65.38254427741616,65.45349541600285,3.0467960194967945,9.28296598442151,60.48599070417755,69.9077224337594,9.42173172958185,9.42173172958185,-2.4145390886838243,66.31441844662723,66.36501709399802,2.591022958654885,6.713399972276713,61.04678296164026,69.39149525315005,8.344712291509794,8.344712291509794,-2.7334295003770563,60.5638971084101,60.606791498445745,2.2798120049662915,5.1975427779884225,56.33988211346449,64.04500841780101,7.705126304336524,7.705126304336524,2.7717931412911128,-46.56389710841011,46.61967456665256,2.2798120049662907,5.197542777988417,-50.04500841780101,-42.33988211346449,7.705126304336517,7.705126304336517,-2.7717931412911128,WARNING_3
373,SYNTHETIC,3730000,3739000,9000,35.42613772810932,35.52639039475124,2.667054583112668,7.113180149302288,31.29143121167651,39.636313755568,8.344882543891487,8.344882543891487,0.7646004086537417,196449.27496055272,196466.02936505727,2565.747833420996,6583061.944704534,191040.0543250582,199658.73290576733,8618.678580709122,8618.678580709122,7131.442525705119,65.20601665416572,65.27983120157991,3.1035066945996355,9.631753803424754,60.88247081834746,69.90686811565658,9.024397297309122,9.024397297309122,1.3833024318454363,65.09542305789009,65.20112010702506,3.7110591648503686,13.771960125019916,60.14786543184127,69.24373736475806,9.095871932916793,9.095871932916793,-8.278906139428003,61.592469473013125,61.64270000412644,2.4880048260957173,6.190168014675581,58.26808797745348,65.5754245337698,7.307336556316322,7.307336556316322,-3.3232450010902,-47.59246947301313,47.65745816296083,2.4880048260957177,6.1901680146755815,-51.575424533769805,-44.26808797745348,7.307336556316322,7.307336556316322,3.3232450010902,WARNING_3
374,SYNTHETIC,3740000,3749000,9000,34.863938433268416,34.923006101693964,2.0303083756472615,4.122152100223422,30.86358138961233,37.60311871882155,6.739537329209217,6.739537329209217,-1.9709845328511406,195784.7083686833,195803.72144234218,2728.6076412650855,7445299.659970214,190753.808720851,199493.0614001541,8739.252679303114,8739.252679303114,-1699.6900828595972,65.69063606331682,65.73808917588202,2.4973390024338027,6.236702093077062,61.74946593755469,69.22573195977846,7.4762660222237685,7.4762660222237685,2.208719385066921,64.81083171142502,64.87643462840428,2.9168241234189423,8.507862966958681,60.38306270540436,69.48100329847934,9.097940593074973,9.097940593074973,-4.008026598068504,60.47026754562253,60.5144133545974,2.3110531391350837,5.340966611906124,57.29749285646077,64.02939603136456,6.731903174903785,6.731903174903785,3.741303565397871,-46.470267545622534,46.527698550150156,2.311053139135085,5.34096661190613,-50.02939603136456,-43.29749285646077,6.731903174903792,6.731903174903792,-3.741303565397871,WARNING_3
375,SYNTHETIC,3750000,3759000,9000,33.987382043580624,34.06820568699227,2.3453145961482758,5.500500554906149,30.60623216128406,37.8802209034176,7.273988742133543,7.273988742133543,2.1853092827378084,194927.17647005158,194936.0018058743,1854.9052464165313,3440673.473183573,191979.01350619816,198512.80750874575,6533.794002547598,6533.794002547598,6533.794002547598,64.76863220808126,64.83047346874842,2.8310019562678446,8.014572076392364,60.4103139329231,69.46721986999881,9.056905937075712,9.056905937075712,-4.264823774814573,64.19174027611805,64.25532013595357,2.857734434352457,8.166646097283756,60.31710784895797,69.20716022473826,8.890052375780293,8.890052375780293,-1.11188781498155,60.61967000857777,60.68255247018549,2.7618440122412387,7.627782347952784,56.41409301280331,65.03749286378353,8.623399850980213,8.623399850980213,5.134425945485532,-46.61967000857778,46.701406981552914,2.7618440122412387,7.627782347952784,-51.03749286378353,-42.41409301280331,8.623399850980213,8.623399850980213,-5.134425945485532,WARNING_3
376,SYNTHETIC,3760000,3769000,9000,34.96982634681306,35.07794519508832,2.7519964359277944,7.5734843833592835,30.15792230864298,39.93565119792812,9.777728889285136,9.777728889285136,4.17115665979788,195315.43640304875,195345.74758615284,3441.133923513466,11841402.67955518,190381.8570146711,199920.13050433504,9538.27348966393,9538.27348966393,-7457.423548300489,64.81209132396727,64.84518494896545,2.0714316979481384,4.290829279264307,61.44234355378613,69.33727499091914,7.89493143713301,7.89493143713301,-0.7765341415728386,65.23170329971609,65.28681534164501,2.682003369099989,7.193142071863692,60.27305137122288,68.84865620949465,8.575604838271772,8.575604838271772,3.4139701808341414,61.61725183468947,61.67302633731602,2.622299361959348,6.876453943732406,56.21430935501365,64.96094272460928,8.746633369595635,8.746633369595635,-7.513416716535474,-47.61725183468947,47.689402661723186,2.622299361959348,6.876453943732406,-50.96094272460928,-42.21430935501365,8.746633369595635,8.746633369595635,7.513416716535474,WARNING_3
377,SYNTHETIC,3770000,3779000,9000,35.145885560914756,35.3121984294151,3.423169008020199,11.718086057469993,30.128030265542,39.89717350029848,9.769143234756477,9.769143234756477,-5.580266003852913,196110.9790203679,196138.43053201973,3281.43859256334,10767839.236764073,190386.97744540585,199981.0150083447,9594.037562938844,9594.037562938844,-9594.037562938844,64.60485375243822,64.65477267668706,2.54017745446032,6.452501500148512,60.767283265612285,69.08965406910303,8.322370803490749,8.322370803490749,-5.824992937548828,63.52030966084078,63.543335245463275,1.7104720717486896,2.9257147082322548,60.24108994422193,65.97231937584728,5.731229431625344,5.731229431625344,-1.54748719071857,58.498494101985195,58.52765242614545,1.8472374822129667,3.4122863156925005,56.20272186403882,62.31790291315311,6.115181049114291,6.115181049114291,0.00648782849614804,-44.49849410198519,44.53681919109293,1.8472374822129665,3.412286315692499,-48.31790291315311,-42.20272186403882,6.115181049114291,6.115181049114291,-0.00648782849614804,WARNING_3
378,SYNTHETIC,3780000,3789000,9000,34.472206278807356,34.597367469450475,2.940209191119685,8.64483008754467,30.226613713827568,39.99482837888506,9.768214665057492,9.768214665057492,7.576152236878521,194071.35040893726,194091.8318588567,2819.6001096251316,7950144.778198054,190028.93347178627,198597.29545148596,8568.361979699694,8568.361979699694,-3685.551993632922,64.64125699485248,64.7128950725509,3.0441226644825923,9.266682796416596,61.28769576613411,69.74678949951233,8.459093733378225,8.459093733378225,-0.9114077749082554,64.81313489321039,64.91205914305314,3.582313150150649,12.832967505742266,60.15691672881399,69.8105842135015,9.65366748468751,9.65366748468751,2.721586216517622,61.11015294301151,61.165477240067005,2.600925467386151,6.764813286897867,56.89397210131818,65.0513983982357,8.157426296917528,8.157426296917528,-3.642190067571306,-47.1101529430115,47.18189614249127,2.600925467386151,6.764813286897867,-51.051398398235705,-42.89397210131818,8.157426296917528,8.157426296917528,3.642190067571306,WARNING_3
379,SYNTHETIC,3790000,3799000,9000,35.53509889931315,35.69762336664253,3.4025079342591904,11.577060242696742,30.148346056012358,39.419124794978856,9.270778738966499,9.270778738966499,1.9929703134737409,195407.19770325694,195409.1528151119,874.1222340242394,764089.6800155273,194300.9151901987,196950.69240096264,2649.7772107639466,2649.7772107639466,-1535.9595573970291,64.71781066706497,64.79568626827516,3.175837124078542,10.085941438675466,60.503416025654886,69.39946177119393,8.896045745539041,8.896045745539041,-1.1075000141727713,66.18669957670453,66.2556478763848,3.021866089447559,9.131674662553083,61.88444819200851,69.96937081191338,8.084922619904866,8.084922619904866,-1.18927023753443,60.6110077811681,60.6877169275788,3.0503641804077994,9.304721633114946,56.872644034872806,65.36652189643338,8.493877861560577,8.493877861560577,1.0173964228475043,-46.61100778116809,46.71071363198412,3.050364180407799,9.304721633114942,-51.36652189643338,-42.872644034872806,8.493877861560577,8.493877861560577,-1.0173964228475043,WARNING_3
380,SYNTHETIC,3800000,3809000,9000,35.391261264750234,35.537369087347464,3.2191967539354005,10.36322774054822,30.31656183954924,39.88144520860947,9.56488336906023,9.56488336906023,-5.1460641938127125,194562.77700813318,194580.4171724257,2620.0286026383365,6864549.878642993,190489.95789055363,199087.19551626057,8597.23762570694,8597.23762570694,-905.5459428515751,65.78283928836221,65.8466079386427,2.897211104982668,8.393832186834892,61.79355049087974,69.99531289283523,8.201762401955492,8.201762401955492,2.009772615692654,64.04273107169385,64.10272118916575,2.7726270457131084,7.6874607346198,60.232807013202006,68.4270496991827,8.194242685980697,8.194242685980697,3.637388362937095,60.70416786944126,60.74988658673643,2.3564217746478233,5.552723580034398,56.783392796310935,63.06353529799558,6.280142501684644,6.280142501684644,-0.6166051808550321,-46.70416786944125,46.76357578240765,2.3564217746478233,5.552723580034397,-49.06353529799558,-42.783392796310935,6.280142501684644,6.280142501684644,0.6166051808550321,WARNING_3
381,SYNTHETIC,3810000,3819000,9000,35.14922951134074,35.26320419052703,2.832884491449658,8.025234541895987,30.353093432629496,39.73268775542715,9.379594322797654,9.379594322797654,0.7185622507782412,197449.81180213834,197463.55910793765,2330.020359165152,5428994.874124105,191601.37193951212,199360.81878941055,7759.446849898435,7759.446849898435,-2681.4733240019996,65.771368401802,65.8046629675062,2.0930281463768026,4.380766821525515,62.43706449996535,68.7787449714767,6.341680471511346,6.341680471511346,-4.868854936710797,66.25801921520534,66.3169374935347,2.794832409799833,7.811088198867543,61.024464067460045,69.09939233110873,8.074928263648687,8.074928263648687,0.42968822407277685,61.39952395954467,61.46919159421756,2.9257431172142385,8.55997278792649,56.97323854118802,65.67672893076835,8.703490389580331,8.703490389580331,5.517393876765382,-47.39952395954467,47.489734094637505,2.9257431172142385,8.55997278792649,-51.67672893076835,-42.97323854118802,8.703490389580331,8.703490389580331,-5.517393876765382,WARNING_3
382,SYNTHETIC,3820000,3829000,9000,35.384991621404126,35.4520005521235,2.1786948159219217,4.746711100925056,31.193949833121327,38.79289156940448,7.598941736283155,7.598941736283155,-6.544647723471723,195595.02887836922,195622.46531335573,3276.219367652678,10733613.344982514,190056.8496242492,199978.13745828185,9921.287834032642,9921.287834032642,3481.3945260191977,65.1808709613943,65.21786942434754,2.196486504696343,4.824552965313158,62.04518447219005,68.97083537551563,6.925650903325582,6.925650903325582,-2.621066102640299,65.16811664872996,65.19316376157639,1.8069791645843258,3.265173701241868,62.02245328836972,68.42008099180202,6.397627703432306,6.397627703432306,1.5688639729886802,61.30988884077605,61.39876299602288,3.3023669955765884,10.905627773473544,56.69809342620634,65.78841190583948,9.09031847963314,9.09031847963314,-0.5616886839484891,-47.309888840776054,47.42500616657904,3.3023669955765884,10.905627773473544,-51.78841190583948,-42.69809342620634,9.09031847963314,9.09031847963314,0.5616886839484891,WARNING_3
383,SYNTHETIC,3830000,3839000,9000,36.12868142316954,36.26322673931676,3.1208960524539404,9.739992170222589,30.37302181034389,39.488470044818285,9.115448234474396,9.115448234474396,-1.03303857323111,195398.5338707473,195414.36376626944,2487.2730727221788,6186527.33828883,191309.87948893048,198729.1098902556,7419.230401325127,7419.230401325127,5980.788113982242,64.69431557943669,64.74595303154379,2.5853366649486884,6.683965671128007,60.29797076226629,68.31945651941723,8.021485757150941,8.021485757150941,0.3540304182255056,65.13765739433344,65.20154435787909,2.885649984130319,8.32697583091131,60.62449290666702,68.7863103677793,8.161817461112271,8.161817461112271,-3.4549653629448756,62.360407023481415,62.39769373837308,2.1568077646217745,4.6518197335327764,59.10534268360409,65.38177476685364,6.276432083249546,6.276432083249546,-3.228958722492024,-48.360407023481415,48.408478464111255,2.1568077646217745,4.6518197335327764,-51.38177476685364,-45.10534268360409,6.276432083249546,6.276432083249546,3.228958722492024,WARNING_3
384,SYNTHETIC,3840000,3849000,9000,35.39110351692622,35.5237569872004,3.0670999885692485,9.407102339881485,30.927469541944443,39.92484166346118,8.997372121516737,8.997372121516737,4.055947439587044,193569.4653266206,193581.33712334442,2143.8693122849513,4596175.628157151,191041.9729775789,198142.3690927847,7100.396115205804,7100.396115205804,1019.9824782330834,64.58401266787939,64.64878431506608,2.8932025734691575,8.370621131128555,60.83972732655285,69.20886805066996,8.369140724117116,8.369140724117116,4.492283132046708,65.25426333237998,65.32065323751628,2.944292160138928,8.668856324255554,61.092610601554135,69.54044300987509,8.447832408320956,8.447832408320956,-5.798018872822034,63.03352508441384,63.0794124192767,2.4056156371645976,5.786986593770832,58.76070751161468,65.96562540949887,7.204917897884187,7.204917897884187,4.449501519187322,-49.033525084413846,49.09250012779562,2.405615637164598,5.786986593770836,-51.96562540949887,-44.76070751161468,7.204917897884187,7.204917897884187,-4.449501519187322,WARNING_3
385,SYNTHETIC,3850000,3859000,9000,36.282728067503925,36.40650735164131,2.999570223328003,8.997421524676005,30.99025047213223,39.873818429922665,8.883567957790433,8.883567957790433,6.314437968370463,195033.5735079784,195055.42152230785,2919.361223480893,8522669.953163855,190240.0384833703,198156.09465313287,7916.056169762567,7916.056169762567,397.10763233117177,64.82002902315591,64.8622137698642,2.338934065934575,5.470612564789244,60.92493881795882,67.51618472092007,6.591245902961248,6.591245902961248,2.379027327934182,65.98703412983272,66.02204376940138,2.1497884168083075,4.6215902370431685,62.47627996991799,69.60964982161029,7.133369851692301,7.133369851692301,5.024734422991337,61.7996186320846,61.85759785759076,2.6776014715259375,7.169549640317865,57.91581012281343,65.03278064118892,7.1169705183754886,7.1169705183754886,-3.5753428774952027,-47.799618632084616,47.87455577875421,2.677601471525938,7.169549640317868,-51.03278064118892,-43.91581012281343,7.1169705183754886,7.1169705183754886,3.5753428774952027,WARNING_3
386,SYNTHETIC,3860000,3869000,9000,35.27141415400344,35.40459325861503,3.067990773247996,9.412567384734835,30.59231465863741,39.71610760702288,9.123792948385468,9.123792948385468,5.366677943457411,194905.9402953659,194929.96138316696,3060.1115048668803,9364282.422218643,190586.77211849423,198879.97132101137,8293.199202517135,8293.199202517135,-1605.2735730696004,65.74089374200852,65.805269516074,2.9100491550973757,8.468386085082951,60.18773247230877,69.14203839655687,8.954305924248104,8.954305924248104,-1.0717882549412252,64.6376536812842,64.72476765589965,3.3569740375165766,11.269274688560346,61.16197315027308,69.27226775790923,8.110294607636156,8.110294607636156,-5.925174041700785,62.360264023748414,62.43165399324353,2.9847765779820175,8.908891220470043,56.65508757862578,65.71751195110384,9.062424372478063,9.062424372478063,5.056687435452886,-48.36026402374842,48.452286093301375,2.984776577982018,8.908891220470045,-51.717511951103845,-42.65508757862578,9.062424372478063,9.062424372478063,-5.056687435452886,WARNING_3
387,SYNTHETIC,3870000,3879000,9000,36.912670551831404,37.02517014385702,2.8840903095291592,8.317976913520003,31.089238141887893,39.9112016989934,8.821963557105509,8.821963557105509,5.4456103628115216,195444.80732087375,195468.5431212637,3046.0862193730636,9278641.255854484,190570.54739666492,199608.84900512628,9038.301608461363,9038.301608461363,-3293.6673321936105,64.64490350350239,64.7331702134534,3.379316041271722,11.41977690679638,60.807538811325415,69.27872803627034,8.471189224944922,8.471189224944922,-4.259559807644848,63.4651862882504,63.51243935797572,2.4495066030154518,6.000082598216299,60.15324109887866,67.24268568787835,7.08944458899969,7.08944458899969,0.9854834572592068,61.25349477609491,61.3132698907849,2.7067401824231485,7.326442415144099,57.10861004741049,65.52944276669594,8.42083271928545,8.42083271928545,2.514815658184048,-47.25349477609491,47.33095404668675,2.7067401824231485,7.326442415144099,-51.52944276669594,-43.10861004741049,8.42083271928545,8.42083271928545,-2.514815658184048,WARNING_3
388,SYNTHETIC,3880000,3889000,9000,34.98938325737603,35.14856435747447,3.3413523699212035,11.164635659978044,30.4166534184194,39.543028594924266,9.126375176504865,9.126375176504865,0.6809171825558877,194407.29902805662,194428.41164903718,2865.1947548535127,8209340.983240081,190382.8536567584,198957.11821020587,8574.264553447458,8574.264553447458,5706.455990009621,64.9393044081171,64.98210643778313,2.3581560765307006,5.560900081278667,60.12762981568853,68.51264185977777,8.385012044089244,8.385012044089244,-0.5620638823399275,65.25727784137496,65.28449903373117,1.8850736905590948,3.553502818838086,61.68443111373806,67.86096563308124,6.176534519343178,6.176534519343178,4.404917381438523,58.819414510988835,58.84619492905528,1.7751434344431478,3.1511342128466144,56.41281724186977,62.510944182220015,6.098126940350248,6.098126940350248,0.2617562099992625,-44.81941451098885,44.85455441001152,1.7751434344431478,3.1511342128466144,-48.510944182220015,-42.41281724186977,6.098126940350248,6.098126940350248,-0.2617562099992625,WARNING_3
389,SYNTHETIC,3890000,3899000,9000,34.564716262837955,34.65858299131969,2.549071328091775,6.497764635699566,30.617908876496205,38.30220771641926,7.684298839923056,7.684298839923056,1.4239594910406552,195053.10318945517,195079.56112905339,3212.803521511449,10322106.467836369,190753.26817428952,199968.33607048987,9215.067896200344,9215.067896200344,2785.1951352764445,65.18542919218473,65.27101008569556,3.3413438370877104,11.164578637644023,61.494964725194144,69.63429037585757,8.13932565066343,8.13932565066343,2.8594860662449904,66.14674210280705,66.21648272896972,3.03827157783462,9.23109418067767,60.75215327276522,69.8974077936158,9.145254520850578,9.145254520850578,5.1287048611445485,61.737849774174535,61.78162284042782,2.325258277768627,5.406826058331522,56.69339973469494,64.34994470959661,7.656544974901671,7.656544974901671,-2.5221545952565236,-47.737849774174535,47.79444661380637,2.325258277768627,5.406826058331522,-50.34994470959661,-42.69339973469494,7.656544974901671,7.656544974901671,2.5221545952565236,WARNING_3
390,SYNTHETIC,3900000,3909000,9000,34.66023544471118,34.79506003170855,3.060111358658254,9.364281527389263,30.10641899330831,39.49172353290507,9.38530453959676,9.38530453959676,2.8748147204619983,194510.43900095212,194531.91914445563,2890.793261705565,8356685.6819223,190107.98938018724,198935.4344767214,8827.445096534153,8827.445096534153,5892.659589667979,65.92479472693552,65.9876055974577,2.8784601260130773,8.28553269704722,60.156173672760126,69.68687845507161,9.530704782311481,9.530704782311481,4.2940918033319235,64.34064426424499,64.39579398233647,2.6645409130657822,7.099778277401432,60.600908463930686,68.52261732633569,7.921708862405005,7.921708862405005,-1.7543439421269085,61.57624079345894,61.646532054657385,2.943039943980081,8.66148411186228,58.16786588929315,65.91305925627279,7.745193366979642,7.745193366979642,0.1631273649200935,-47.57624079345895,47.667181290160734,2.943039943980081,8.66148411186228,-51.91305925627279,-44.16786588929315,7.745193366979642,7.745193366979642,-0.1631273649200935,WARNING_3
391,SYNTHETIC,3910000,3919000,9000,35.627183937473895,35.779868677841115,3.30193387107584,10.90276728895788,30.68567532851166,39.52346822778384,8.837792899272177,8.837792899272177,-0.43633100747201325,193752.958421876,193768.1602053667,2427.1407341657687,5891012.143446746,190014.69557405796,197684.23692620112,7669.541352143162,7669.541352143162,-3492.337002386921,65.50308480603019,65.5368400906865,2.1031618972946338,4.423289966231964,62.61249641157765,69.92911312079765,7.31661670922,7.31661670922,-4.001684107119068,64.65530496847842,64.73049774260984,3.1191148486497338,9.728877439067253,60.31408984870963,69.8638265875209,9.549736738811276,9.549736738811276,3.4991148398530356,60.57937727295898,60.687469589335926,3.620499188934264,13.108014377073662,56.45809306369462,65.39154445547122,8.9334513917766,8.9334513917766,8.817624430444774,-46.57937727295898,46.71987159136594,3.6204991889342626,13.108014377073655,-51.39154445547122,-42.45809306369462,8.9334513917766,8.9334513917766,-8.817624430444774,WARNING_3
392,SYNTHETIC,3920000,3929000,9000,35.03669047065724,35.16244343313698,2.971152815308238,8.827749051914067,30.118309624279185,38.641482889965474,8.523173265686289,8.523173265686289,1.6291072714917618,195657.28621800337,195684.63203171545,3271.324379235193,10701563.194178522,191451.862394734,199943.21182662647,8491.349431892479,8491.349431892479,-113.55891553487163,66.70290154923651,66.75055501273687,2.5218087598528873,6.359519421270757,62.4754540045515,69.62525870504861,7.149804700497107,7.149804700497107,5.173467958417639,65.19696685584015,65.27818338679903,3.255263288744045,10.596739079044696,60.91516408830612,69.3194352148018,8.40427112649568,8.40427112649568,-5.565603613067218,61.84579814982861,61.9137628517308,2.9002209693430374,8.411281671017068,56.45626223225024,65.6842632921284,9.228001059878167,9.228001059878167,8.854719661396594,-47.8457981498286,47.933617454404164,2.9002209693430374,8.411281671017068,-51.684263292128406,-42.45626223225024,9.228001059878167,9.228001059878167,-8.854719661396594,WARNING_3
393,SYNTHETIC,3930000,3939000,9000,34.89871340741521,35.042531772372676,3.1715667303158654,10.058835524846469,30.121193573423824,39.56006271564164,9.438869142217818,9.438869142217818,-4.781865189458607,195371.86796604324,195390.60409550567,2705.804180942579,7321376.265606341,190847.21761049776,198956.1711004421,8108.953489944339,8108.953489944339,-8108.953489944339,64.56699912229308,64.62098976179448,2.6410115743308125,6.974942135749316,60.9247066782932,69.67076445767636,8.746057779383158,8.746057779383158,3.5136886210312213,66.5405242523269,66.59088231582842,2.5892546854268694,6.704239826004996,61.27720834259917,69.9623221675949,8.685113824995739,8.685113824995739,1.2171379014611006,60.76907362818868,60.85125807167842,3.161534323361329,9.995299277791776,57.00882618046343,65.95552175180397,8.946695571340541,8.946695571340541,-6.043920008310799,-46.76907362818868,46.87580983104959,3.161534323361329,9.995299277791776,-51.95552175180397,-43.00882618046343,8.946695571340541,8.946695571340541,6.043920008310799,WARNING_3
394,SYNTHETIC,3940000,3949000,9000,33.812003070811485,33.89192033178962,2.3260937461353035,5.41071211580977,30.215084037577792,37.66712991113545,7.452045873557655,7.452045873557655,3.5615337382776318,196139.93709994998,196164.98756603524,3134.871801272673,9827421.210414574,191829.85571273067,199777.45414379,7947.598431059334,7947.598431059334,-6759.939857417223,64.48730817704785,64.54996288586638,2.8433769790840175,8.084792645184953,60.20633103508997,68.8163880851076,8.610057050017637,8.610057050017637,3.4854394056767433,64.888923108226,64.9276845171391,2.2431840343317213,5.0318746118807365,61.28797324622938,68.30394872079529,7.015975474565913,7.015975474565913,3.9800382774534384,60.86025168266004,60.948158830896446,3.272282078222358,10.707829999455234,56.580731253739366,65.96629380546412,9.385562551724753,9.385562551724753,-0.928193972787696,-46.86025168266004,46.97436553868183,3.272282078222358,10.707829999455234,-51.96629380546412,-42.580731253739366,9.385562551724753,9.385562551724753,0.928193972787696,WARNING_3
395,SYNTHETIC,3950000,3959000,9000,34.68492477219742,34.768314596672155,2.4065937422365273,5.791693440172014,31.33335848247613,38.89325981102351,7.559901328547383,7.559901328547383,-4.406769588586286,195884.25906872647,195908.70108542318,3094.5452127492217,9576210.073749125,191423.67522696464,199809.40289496604,8385.727668001404,8385.727668001404,-7004.145298753312,66.4905902606665,66.55418974341931,2.9088793703454026,8.461579191221066,60.97997853385913,69.90600624932478,8.926027715465644,8.926027715465644,-3.5278352034245444,65.21929343789562,65.29228181417737,3.086394006542911,9.525827963624002,60.20864731159638,69.25220072949925,9.04355341790287,9.04355341790287,-5.431828139244281,61.77873866764546,61.87204275131443,3.3966340478844765,11.537122855248086,56.40799925387432,65.92923392946322,9.5212346755889,9.5212346755889,0.40690568768228275,-47.77873866764546,47.899321409873934,3.3966340478844765,11.537122855248086,-51.92923392946322,-42.40799925387432,9.5212346755889,9.5212346755889,-0.40690568768228275,WARNING_3
396,SYNTHETIC,3960000,3969000,9000,35.57558834501522,35.66935391432619,2.5846319992357882,6.680322571473589,30.62359448666726,39.7536218618536,9.130027375186344,9.130027375186344,-1.3556871138786448,195459.1322422231,195476.95659372082,2639.731475082984,6968182.260543788,190127.16308724423,199155.2595617806,9028.096474536374,9028.096474536374,-3775.777236253285,65.78887978471109,65.84725508779157,2.772056866214492,7.684299269526912,60.60476852462088,69.29526218713663,8.690493662515749,8.690493662515749,-4.511612548445186,64.77436222970665,64.8351175794312,2.8061484767238594,7.874469273419637,61.60294825145589,69.70685466059993,8.103906409144038,8.103906409144038,0.1535934198556177,61.30316095942101,61.38725549685895,3.2121011534444732,10.317593819959315,56.139765874712346,65.74448701367706,9.604721138964713,9.604721138964713,-4.681623339293431,-47.303160959421014,47.41209371640163,3.212101153444473,10.317593819959313,-51.74448701367706,-42.139765874712346,9.604721138964713,9.604721138964713,4.681623339293431,WARNING_3
397,SYNTHETIC,3970000,3979000,9000,35.75681482763982,35.84459270915083,2.506994189619486,6.2850198667858646,30.85175229497264,39.80019977836458,8.948447483391938,8.948447483391938,6.7538000282266,196484.90509169904,196520.1442495481,3721.4468918961006,13849166.969203148,190412.10186962245,199805.22068344773,9393.118813825276,9393.118813825276,1889.6720158130338,66.96699795444538,67.02516681208783,2.7918042835249057,7.794171157508012,61.13217800896203,69.768157910976,8.635979902013972,8.635979902013972,-6.97949562973524,63.49404796101927,63.552393464003835,2.7226069358871503,7.4125885273408185,60.92746294078733,68.68459652476017,7.757133583972838,7.757133583972838,2.5661942350458986,62.046515543575275,62.10039497560625,2.5863033517308773,6.688965027174371,57.73256384162109,65.06240648824247,7.329842646621387,7.329842646621387,-5.595084253729418,-48.046515543575275,48.1160744544502,2.5863033517308773,6.688965027174371,-51.06240648824247,-43.73256384162109,7.329842646621387,7.329842646621387,5.595084253729418,WARNING_3
398,SYNTHETIC,3980000,3989000,9000,33.34530178966162,33.44007572956908,2.515852411351824,6.329513355704788,30.431164022941985,37.26335848178051,6.832194458838522,6.832194458838522,4.224164907533925,194177.01528946028,194193.85423032363,2557.294293759581,6539754.104895314,190590.62580723697,198249.9361015544,7659.310294317431,7659.310294317431,-1020.1126210929651,66.07685794730519,66.14077207221395,2.9069871207502964,8.450574120208099,60.36759723348491,69.81294916199751,9.4453519285126,9.4453519285126,-1.1681115839688658,63.43506775610024,63.48654755251095,2.556149235902454,6.5338989162046985,60.10019047121413,68.19076058578736,8.090570114573232,8.090570114573232,-2.7869171744739205,61.46333602574843,61.483695683173366,1.5821376194898618,2.5031594470050464,57.85952159807697,63.80548015693511,5.945958558858145,5.945958558858145,2.5506583851310864,-47.46333602574843,47.489698105379816,1.5821376194898618,2.5031594470050464,-49.80548015693511,-43.85952159807697,5.945958558858145,5.945958558858145,-2.5506583851310864,WARNING_3
399,SYNTHETIC,3990000,3999000,9000,35.4817528208217,35.58555667609611,2.716074503720349,7.377060709759739,31.16838767835961,39.680216120025776,8.511828441666164,8.511828441666164,2.3657391366787337,194840.96741373147,194859.95087000888,2719.9026349299716,7397870.343499002,190199.21099928903,199456.96000685543,9257.749007566395,9257.749007566395,1514.5293415235064,63.85888367418828,63.917102432176996,2.727445547008424,7.438959211896079,60.12323131144325,68.60027436428173,8.477043052838482,8.477043052838482,3.0936615942848746,66.03460857277528,66.05019186458445,1.4346832363878248,2.058315988772243,64.18651025252993,68.8967442817547,4.710234029224779,4.710234029224779,0.7047143289177313,61.36433533123064,61.42933581374424,2.825181033852394,7.981647874039281,56.60499624474547,64.61547470787923,8.010478463133758,8.010478463133758,-3.9052283613417558,-47.36433533123065,47.448518514736605,2.8251810338523935,7.98164787403928,-50.61547470787923,-42.60499624474547,8.010478463133758,8.010478463133758,3.9052283613417558,WARNING_3
400,SYNTHETIC,4000000,4009000,9000,50.285345545378405,50.63394030687579,5.931267519017586,35.17993438215303,40.9154484442794,59.91654866687448,19.001100222595085,19.001100222595085,-13.330409706320012,230864.99521664175,231153.9055872692,11553.443290558032,133482051.86814041,211581.898939516,247102.1083371952,35520.209397679224,35520.209397679224,19638.397106718505,80.90407931704107,81.06919274124283,5.171456427227357,26.743961578711133,70.64357377579368,88.82699557589294,18.183421800099254,18.183421800099254,7.869346614409835,80.27785344312689,80.58396977151374,7.017295112796767,49.2424307000814,70.78282358814921,88.91825772683815,18.135434138688936,18.135434138688936,0.8158313307578879,80.79347610767452,81.28687788693202,8.942635799563128,79.97073504362807,70.73326711215044,94.39499644896944,23.661729336818993,23.661729336818993,0.9955394309833849,-66.79347610767452,67.38945900947799,8.942635799563126,79.97073504362804,-80.39499644896944,-56.73326711215044,23.661729336818993,23.661729336818993,-0.9955394309833707,HIGH_RISK
401,SYNTHETIC,4010000,4019000,9000,49.25824108394391,49.463332309247235,4.499658703844228,20.24692845108112,40.5294146632433,57.21507041482703,16.68565575158373,16.68565575158373,3.408151842095613,228728.4654795515,229119.9386540034,13387.881392659912,179235368.1839295,213069.47819298983,246225.16876047564,33155.69056748581,33155.69056748581,-15420.879644834757,78.17942508643372,78.28990212743622,4.157675826497304,17.286268278240037,71.46533537263385,85.88890185626073,14.423566483626885,14.423566483626885,0.39382459132099257,78.29675910057735,78.47459940535616,5.280176718376343,27.880266177283566,70.38159967773923,86.49975599001814,16.118156312278913,16.118156312278913,1.1117973514402735,85.29863038530026,86.01730600517652,11.095971646508005,123.12058678010958,72.58170708727653,99.70100705628208,27.119299969005553,27.119299969005553,-24.103563607025976,-71.29863038530026,72.15687965537153,11.095971646508005,123.12058678010956,-85.70100705628207,-58.58170708727653,27.11929996900554,27.11929996900554,24.103563607025976,HIGH_RISK
402,SYNTHETIC,4020000,4029000,9000,49.365686997641774,49.74081859078387,6.097374954202182,37.177981332132056,40.45101070777403,57.61762219107352,17.16661148329949,17.16661148329949,-11.943454715693704,231422.2910093254,231698.6711394241,11313.594997616954,127997431.77010338,206553.7179975913,249983.8184443364,43430.100446745084,43430.100446745084,3759.7795705628523,79.6230363362663,79.88474282870399,6.46097681483163,41.744221401791876,70.62977647762742,89.13869712197183,18.508920644344414,18.508920644344414,10.158308256375307,80.48225308290593,80.5802161899312,3.972175715540427,15.778179915129101,74.16565763672598,85.63865882565085,11.473001188924869,11.473001188924869,-9.947914451422406,81.79180744474887,82.03074369341347,6.256448338763178,39.143145815612534,74.41945221038642,98.06745041396113,23.6479982035747,23.6479982035747,-17.01715832643923,-67.79180744474887,68.07989646321096,6.2564483387631755,39.1431458156125,-84.06745041396111,-60.41945221038642,23.647998203574694,23.647998203574694,17.017158326439215,HIGH_RISK
403,SYNTHETIC,4030000,4039000,9000,48.31008485175049,48.464446588558516,3.8650077298641894,14.938284751909936,42.99706120985725,55.03327652783671,12.036215317979462,12.036215317979462,3.102224249160983,226851.74540523085,227371.69837678518,15367.980652776041,236174829.34409872,203340.9230716324,249255.96407774749,45915.04100611509,45915.04100611509,-27509.816590716597,82.4760545557039,82.58356142446078,4.212486495199633,17.745042472239284,77.27416114327849,88.60971112055825,11.335549977279754,11.335549977279754,2.9945458031257743,79.7022521099635,79.98760560915484,6.7504118159944,45.568059685516815,71.41686333093644,89.34527353878941,17.928410207852977,17.928410207852977,-10.419907504575889,82.29101707725276,82.76022344677499,8.80017575684809,77.44309335141683,67.14536607289061,95.100834620272,27.955468547381386,27.955468547381386,-8.974929475393196,-68.29101707725276,68.85569044601213,8.800175756848091,77.44309335141688,-81.100834620272,-53.14536607289061,27.955468547381386,27.955468547381386,8.974929475393196,HIGH_RISK
404,SYNTHETIC,4040000,4049000,9000,49.585250194540826,50.013685662323525,6.532359196683409,42.671716674494306,42.13312179699397,59.17017030052588,17.037048503531913,17.037048503531913,-4.992380778718548,224432.6200305103,224781.7415194371,12523.193951688952,156830386.75161874,207678.9689031983,243800.36414276075,36121.39523956244,36121.39523956244,-17366.088477446552,78.5070104545933,78.73086022576311,5.932761698486452,35.19766137102785,70.5209248935273,88.65848479585087,18.137559902323574,18.137559902323574,10.724484922049953,80.41134664756474,80.57762321011388,5.173846974569629,26.768692516263297,74.03935653332037,88.14090522044175,14.10154868712138,14.10154868712138,3.0223746272194916,80.47641434483833,81.21619465272806,10.93695606957041,119.61700806771303,68.19710401023902,99.27838366188624,31.081279651647222,31.081279651647222,-3.706593831170153,-66.47641434483833,67.37010221318013,10.936956069570412,119.61700806771307,-85.27838366188625,-54.197104010239016,31.081279651647236,31.081279651647236,3.706593831170153,HIGH_RISK
405,SYNTHETIC,4050000,4059000,9000,52.52344414656109,52.963232449573674,6.811153095522948,46.39180649065183,40.84794859145339,59.686680568389065,18.838731976935676,18.838731976935676,13.761022583533986,222714.90779243846,223147.44020890936,13887.041398167583,192849918.79442027,202829.87734154172,242921.43814248085,40091.56080093913,40091.56080093913,-21892.79584062993,82.30548544588189,82.50198872313712,5.690800364656127,32.38520879037031,72.4630170343386,89.04389366732966,16.58087663299105,16.58087663299105,-0.8500509328482906,81.76215226335141,81.92110439885865,5.100764961575416,26.017803193235448,72.64121280016674,89.7221650234588,17.08095222329206,17.08095222329206,9.21458491878876,81.47501421559221,82.3948906962372,12.27762482786986,150.7400714139264,66.9197233420055,99.81929559665112,32.89957225464562,32.89957225464562,22.329865175657204,-67.47501421559221,68.58292509661784,12.277624827869861,150.74007141392642,-85.81929559665113,-52.9197233420055,32.89957225464563,32.89957225464563,-22.329865175657197,HIGH_RISK
406,SYNTHETIC,4060000,4069000,9000,47.297879615998475,47.655256776583876,5.8252967540425615,33.9340822726588,40.17583778962909,56.45763765835922,16.281799868730126,16.281799868730126,-15.510617976462484,222655.2552948327,223050.7689901938,13277.154691789212,176282836.7097003,200730.16370174984,246526.7521638148,45796.588462064945,45796.588462064945,-14759.378307358886,79.17148458105164,79.34991520729872,5.318371239185727,28.28507263779793,73.20149218379264,87.72761817056237,14.526125986769728,14.526125986769728,-2.3985179107423846,79.74393346643035,79.89498301323624,4.910538258362342,24.11338598684026,70.91307227985091,87.15572973788,16.242657458029086,16.242657458029086,4.7610525995763595,80.2638907927796,80.86865485109116,9.871533428483284,97.44717222966294,66.31384599007579,91.45290366700664,25.139057676930847,25.139057676930847,24.41875710429038,-66.26389079277959,66.9951520277929,9.871533428483284,97.44717222966293,-77.45290366700664,-52.31384599007579,25.139057676930847,25.139057676930847,-24.41875710429038,HIGH_RISK
407,SYNTHETIC,4070000,4079000,9000,48.09017231054753,48.55111667054274,6.674298247643754,44.54625709850048,40.93674441722869,59.85322230843373,18.91647789120504,18.91647789120504,-3.1779180582745425,222866.2288121436,223479.6859027799,16547.32807006637,273814066.25840646,203182.9234343252,244530.1501279585,41347.2266936333,41347.2266936333,-19326.188509047875,82.84825215357183,82.98435316330041,4.750787832512502,22.56998502954884,72.4644077463909,89.87287434611352,17.408466599722615,17.408466599722615,8.055480049716252,82.3100731250377,82.53586913878415,6.100947192481542,37.22155664544841,73.3438120454554,89.6938588643246,16.350046818869203,16.350046818869203,-11.344463260612699,81.78368156676942,82.1131479101821,7.348366424226737,53.998489104702834,68.50334964310599,91.92957597146255,23.426226328356563,23.426226328356563,-2.692172737259739,-67.78368156676942,68.1808329066894,7.348366424226739,53.99848910470287,-77.92957597146257,-54.50334964310599,23.426226328356577,23.426226328356577,2.692172737259739,HIGH_RISK
408,SYNTHETIC,4080000,4089000,9000,51.40483291775905,51.68583827746391,5.382288652741363,28.969031141428438,43.36699400421007,59.6992907521926,16.332296747982532,16.332296747982532,-7.583216948797983,227603.03447962558,227909.53014561767,11815.778724341119,139612626.86259225,212973.1643562435,249249.05205734263,36275.88770109913,36275.88770109913,1241.961078074557,78.67289628553657,78.83984779441644,5.128059115489584,26.296990291955808,72.25793212257618,86.66874074887045,14.41080862629427,14.41080862629427,1.6160320091190954,78.99833368167232,79.18812458228109,5.479265496216324,30.022350378026715,71.55566937257004,88.53135102522808,16.97568165265804,16.97568165265804,-6.743988157772009,81.40074360384179,81.89248406474528,8.960908828694313,80.29788703617169,68.38209576193415,96.65027210543168,28.26817634349753,28.26817634349753,-15.196583830871162,-67.40074360384179,67.99380946370772,8.960908828694311,80.29788703617166,-82.65027210543167,-54.38209576193415,28.268176343497515,28.268176343497515,15.196583830871162,HIGH_RISK
409,SYNTHETIC,4090000,4099000,9000,47.740984443979954,48.09866455677239,5.854907041497417,34.27993646457604,40.42134528392499,56.95558992805866,16.534244644133665,16.534244644133665,-7.9779609723429985,233815.9238524247,234183.08461270452,13108.42750898259,171830871.75825152,204579.2900714033,248901.0448432764,44321.75477187312,44321.75477187312,-12058.19916853396,83.00139962429742,83.19324059892159,5.6464981854009855,31.882941757736624,72.3327492304699,89.5042773353812,17.171528104911303,17.171528104911303,-10.747426400941222,79.42006784767595,79.59740488813374,5.310337841987606,28.19968799604559,71.28187314841674,87.08861931233582,15.806746163919087,15.806746163919087,-7.3783208652364465,88.07226386179673,88.48798335469516,8.567352942354141,73.39953643886415,73.93200750371096,97.240229474086,23.30822197037503,23.30822197037503,23.13780924168536,-74.07226386179673,74.56607680474077,8.567352942354136,73.39953643886408,-83.240229474086,-59.93200750371096,23.30822197037503,23.30822197037503,-23.137809241685346,HIGH_RISK
410,SYNTHETIC,4100000,4109000,9000,50.871333153362315,51.24381525428866,6.167338568238932,38.03606501528744,40.30936910913921,59.57925698449005,19.26988787535084,19.26988787535084,-1.328688282571406,219192.1718391797,219623.18779261576,13752.687759637824,189136420.61409202,201501.96934608577,248307.0623041301,46805.09295804432,46805.09295804432,9711.706008846842,81.27591046090379,81.52722471797303,6.3964637860320135,40.914748966019,71.28504250614043,88.58350195606091,17.298459449920486,17.298459449920486,-1.0165575242218239,76.57261982420229,76.79702567014783,5.8666042170516635,34.41704503952836,70.57559720826906,85.51698254720849,14.941385338939426,14.941385338939426,-1.9310040777829585,80.29586399639653,80.58929756869257,6.87088842053717,47.20910768747177,67.91142086551618,91.91415761631872,24.00273675080254,24.00273675080254,-8.811259752844904,-66.29586399639653,66.6509616638513,6.870888420537172,47.20910768747179,-77.91415761631873,-53.91142086551618,24.002736750802555,24.002736750802555,8.811259752844904,HIGH_RISK
411,SYNTHETIC,4110000,4119000,9000,48.25965163699609,48.47213761598082,4.533668375428792,20.55414893836314,41.362951104606026,58.16489653601395,16.801945431407923,16.801945431407923,-15.090274842843236,220973.14001211472,221208.4179154405,10199.78185249605,104035549.83850773,204281.71802454855,238485.4482604858,34203.730235937255,34203.730235937255,34203.730235937255,80.53229463278848,80.70278629616755,5.243017942238615,27.489237142636046,70.89895174736004,88.64574049990131,17.746788752541264,17.746788752541264,1.511138356169937,78.73070155812442,78.9347099052807,5.671424864737454,32.165059996362245,72.57209253253514,88.94282505670436,16.370732524169227,16.370732524169227,-3.297125491649979,80.11917669447705,80.84391668251945,10.800758786738562,116.65639036931024,66.64565818302582,93.95561165735208,27.309953474326264,27.309953474326264,16.256144419949194,-66.11917669447705,66.99553654628633,10.800758786738559,116.6563903693102,-79.95561165735208,-52.645658183025816,27.309953474326264,27.309953474326264,-16.256144419949194,HIGH_RISK
412,SYNTHETIC,4120000,4129000,9000,51.019346277329205,51.43896164124417,6.556910870475769,42.99308016336331,40.91044350944179,59.22126122142724,18.31081771198545,18.31081771198545,-15.021128265471312,224015.5246615264,224508.49685050876,14869.763572295253,221109868.69595885,200596.3176933684,247008.3261806512,46412.008487282816,46412.008487282816,1233.1241660028172,79.7557558352723,79.97077114561556,5.860345447910406,34.34364876884422,71.75607316604801,87.75141974432877,15.99534657828076,15.99534657828076,4.331314400841279,78.82788302145781,78.99256342253261,5.09803240654663,25.989934418199624,72.05253679566688,89.18631740591606,17.133780610249175,17.133780610249175,-13.33745201320869,77.3952171875979,77.97113612321104,9.459303612256779,89.47842482885414,68.96173879360063,97.69937768006956,28.73763888646893,28.73763888646893,0.7523321549629571,-63.39521718759791,64.09705131354767,9.45930361225678,89.47842482885417,-83.69937768006957,-54.96173879360063,28.737638886468943,28.737638886468943,-0.7523321549629571,HIGH_RISK
413,SYNTHETIC,4130000,4139000,9000,48.564922195595685,48.87083765073161,5.459588337952216,29.807104819903838,40.22050656171499,56.65070268787014,16.430196126155145,16.430196126155145,2.5981564598979574,228054.55308023127,228520.20977774306,14581.052645117059,212607096.2396752,205643.36164682903,248478.6120032057,42835.250356376666,42835.250356376666,7395.021189514402,78.82863555674389,79.07442367865985,6.229823141490723,38.81069637425334,72.1396483249462,89.52042087180637,17.38077254686017,17.38077254686017,-11.834770379243224,79.87069178799223,80.04715265895129,5.312178659740844,28.219242113006022,72.41571797694587,86.05164880117127,13.635930824225397,13.635930824225397,-13.438971163050653,83.36520757243568,84.26858409695136,12.305951085132545,151.43643210967485,66.77752229354522,96.2095687419164,29.43204644837118,29.43204644837118,-0.3444177580679195,-69.36520757243568,70.44833889934355,12.305951085132543,151.4364321096748,-82.2095687419164,-52.77752229354522,29.43204644837118,29.43204644837118,0.3444177580679195,HIGH_RISK
414,SYNTHETIC,4140000,4149000,9000,49.16130491139744,49.57272676576373,6.373487146113807,40.62133840167792,40.23030238619625,58.47907118620668,18.24876880001043,18.24876880001043,12.99760915041098,223288.59517224683,223891.10177506105,16414.28402505572,269428720.05519944,200467.04416990443,247331.21308811952,46864.16891821509,46864.16891821509,-21657.36844952684,81.70303203056602,81.93046143463009,6.100415387800346,37.21506790371125,70.4034824994839,88.72973228433659,18.326249784852692,18.326249784852692,3.754431255113772,80.91820981847931,81.01784093370215,4.016698810120276,16.13386933122164,72.52142760143019,86.56843061070583,14.047003009275642,14.047003009275642,-5.921669472421613,85.34121448023616,85.74798309373982,8.342284799898493,69.59371568261744,74.15623732805042,99.38201903359136,25.22578170554094,25.22578170554094,-3.027500286802507,-71.34121448023616,71.82731095619322,8.34228479989849,69.5937156826174,-85.38201903359135,-60.15623732805042,25.225781705540925,25.225781705540925,3.027500286802507,HIGH_RISK
415,SYNTHETIC,4150000,4159000,9000,52.48077590429733,52.72372727538425,5.055648157459388,25.559578292022508,42.57413677156052,57.36314639001873,14.78900961845821,14.78900961845821,7.762070710376548,228539.5078028114,229104.45413702258,16079.312133041887,258544278.67178807,208571.2670470648,249888.90895991592,41317.64191285113,41317.64191285113,-13630.434230458282,78.89592665359801,79.13632382278311,6.1636438617487315,37.99050565447282,70.12931806743215,87.07767722867169,16.948359161239537,16.948359161239537,-3.26364708935499,80.29609515493236,80.53634054115606,6.2160478305035225,38.63925063110755,70.43674768534967,88.93418014476867,18.497432459419002,18.497432459419002,0.9886348973250136,82.99156786075811,83.65216018097283,10.492071623674594,110.08356695631764,67.97053549962695,98.90754071354344,30.937005213916493,30.937005213916493,14.812440485691866,-68.9915678607581,69.78481212156345,10.492071623674594,110.08356695631764,-84.90754071354344,-53.97053549962695,30.937005213916493,30.937005213916493,-14.812440485691852,HIGH_RISK
416,SYNTHETIC,4160000,4169000,9000,48.10302040127819,48.34933425522426,4.874171847362057,23.757551197616852,40.801947443235534,55.29631484499847,14.494367401762936,14.494367401762936,0.30013752842936725,220359.63556545408,220680.01705037666,11887.007142876671,141300938.814801,204463.3441328768,242246.8935391504,37783.54940627358,37783.54940627358,16213.203623085079,80.21615430912803,80.43088773201018,5.873354170606833,34.49628921338467,72.61670841853193,89.8328608941438,17.216152475611878,17.216152475611878,4.228272077733365,78.201812146916,78.31855400629013,4.2746319811939895,18.27247857464645,70.10340639492745,84.96386634881193,14.860459953884487,14.860459953884487,9.494043934556373,80.00505217588744,80.51584269802844,9.054973865626833,81.99255170718496,68.18866933215104,98.40950672667378,30.220837394522746,30.220837394522746,8.752736227582986,-66.00505217588746,66.62326518903745,9.054973865626831,81.99255170718492,-84.40950672667378,-54.18866933215104,30.22083739452274,30.22083739452274,-8.752736227582986,HIGH_RISK
417,SYNTHETIC,4170000,4179000,9000,53.4273357493109,53.569430902358455,3.8991950365381323,15.203721932963607,46.10021634112052,59.2548292390964,13.15461289797588,13.15461289797588,1.2764937220446413,225368.01522497617,226097.3845676975,18146.212329524995,329285021.9082049,200903.23587463563,246169.79969497968,45266.56382034405,45266.56382034405,19122.060118149762,78.66704947775378,78.99012371574007,7.1368740420832095,50.93497109256113,70.65425774841266,88.93189880701622,18.277641058603564,18.277641058603564,-7.1824407574899425,81.83769075208953,82.02071080688425,5.476255438883349,29.98937363189946,70.69433882065593,88.544397770057,17.850058949401074,17.850058949401074,9.919375446464656,80.620707273016,81.1425747845316,9.187981359470156,84.41900146197104,69.7663073397028,99.86998969499363,30.10368235529083,30.10368235529083,8.802651337994135,-66.62070727301601,67.25130213623271,9.18798135947016,84.4190014619711,-85.86998969499365,-55.766307339702806,30.103682355290843,30.103682355290843,-8.802651337994135,HIGH_RISK
418,SYNTHETIC,4180000,4189000,9000,50.791422810187285,51.15125381998687,6.056577934238776,36.68213627350804,42.28773680308393,58.014626094363095,15.726889291279164,15.726889291279164,6.861873069220557,225927.42245371843,226346.6562963403,13769.843860866904,189608599.95265397,200952.6935120239,242661.22536206085,41708.53185003696,41708.53185003696,8693.29815141324,80.13241641460921,80.35082306973224,5.920355355811421,35.05060753908498,71.21194530646733,89.15317265517223,17.9412273487049,17.9412273487049,-5.84433245432426,80.98772927145615,81.16881209905648,5.418834286565819,29.363765025261284,72.73168548592433,89.27241997916968,16.540734493245353,16.540734493245353,6.897543150273336,84.90304693080161,85.7674028726928,12.145781876556741,147.5200173928942,68.37777812662819,99.48212739771184,31.10434927108365,31.10434927108365,-28.877274365944785,-70.90304693080161,71.93581918254876,12.145781876556747,147.52001739289432,-85.48212739771185,-54.377778126628186,31.104349271083663,31.104349271083663,28.8772743659448,HIGH_RISK
419,SYNTHETIC,4190000,4199000,9000,50.5164283803046,50.663792310014635,3.861387694838889,14.91031492985319,41.46848813007254,54.49676548965235,13.02827735957981,13.02827735957981,7.632564405670415,226879.65107723992,227150.3947021145,11087.188119459237,122925740.39627807,211500.6570089582,245831.32999692005,34330.67298796185,34330.67298796185,-14168.663956932432,77.16368275940759,77.45915374900284,6.759183568831623,45.686562517163395,70.10851491204278,88.11733493839738,18.0088200263546,18.0088200263546,2.7621683823693104,77.07707369595605,77.16687077768586,3.721646959106906,13.85065608822968,71.55649293576212,86.32616142594333,14.769668490181203,14.769668490181203,-3.4008830157020213,83.90591202469992,84.58940353330665,10.731501172897941,115.16511742390989,66.40195590461042,96.5758076611342,30.17385175652379,30.17385175652379,-20.680548480198837,-69.90591202469992,70.72483052951766,10.731501172897937,115.1651174239098,-82.57580766113419,-52.40195590461042,30.173851756523774,30.173851756523774,20.68054848019883,HIGH_RISK
420,SYNTHETIC,4200000,4209000,9000,52.12278648409697,52.41383237153726,5.515881888224793,30.42495300484631,42.90094764890505,59.37922576401099,16.478278115105937,16.478278115105937,6.759076450039437,222958.9406046081,223522.63963069735,15864.464439288151,251681231.9454383,200074.01391712503,246577.73718869945,46503.72327157442,46503.72327157442,-2236.4894848305557,80.55473985599204,80.79136909656539,6.178932531668353,38.17920723090948,70.70324227639122,88.55485484026413,17.851612563872905,17.851612563872905,-0.6588611138221694,82.70245017347897,82.82774220083658,4.5540765684685836,20.739613391474588,73.06961476737567,88.95031335483957,15.880698587463897,15.880698587463897,7.206065184851809,82.10861081904449,82.82088933961914,10.838622623383934,117.47574037213003,66.9492709677796,98.42075958490008,31.471488617120485,31.471488617120485,-23.10453437721327,-68.10861081904449,68.96563352911502,10.838622623383934,117.47574037213003,-84.42075958490007,-52.9492709677796,31.47148861712047,31.47148861712047,23.104534377213284,HIGH_RISK
421,SYNTHETIC,4210000,4219000,9000,54.39098600882039,54.67917147122782,5.606463570579724,31.432433768237548,40.622183783873126,59.75108859804641,19.128904814173282,19.128904814173282,0.5686003746727053,223730.7460842821,224120.62666276534,13213.95293926597,174608552.28113574,201571.7033980928,239627.1540687217,38055.450670628896,38055.450670628896,-14193.950572890637,79.25424102668487,79.42858244399287,5.259751738087219,27.66498834631152,72.76870406043015,86.87180672035262,14.10310265992247,14.10310265992247,2.2893220668710796,81.24971782384458,81.3974895701298,4.902515870961001,24.034661865024503,76.07954887305388,89.82944345224209,13.749894579188208,13.749894579188208,-2.0226788420187773,80.41315735462803,80.87970032264585,8.674678584295295,75.25004854083143,66.26362859649004,95.7972758420413,29.533647245551265,29.533647245551265,2.6356638705624533,-66.41315735462803,66.97729106459452,8.674678584295295,75.25004854083143,-81.7972758420413,-52.26362859649004,29.533647245551265,29.533647245551265,-2.6356638705624533,HIGH_RISK
422,SYNTHETIC,4220000,4229000,9000,52.146461439046185,52.44620722577057,5.5992152802458905,31.351211754539065,40.88761144794922,57.590027533071336,16.702416085122117,16.702416085122117,7.3022998539659625,217518.37073334455,218044.68176526154,15140.727843319268,229241639.6254633,201606.86670738395,247940.95303812195,46334.086330738006,46334.086330738006,12703.551358069119,76.91034762507726,77.1367545647955,5.905703427981267,34.87733297926969,70.57288218299898,88.49227191086965,17.919389727870666,17.919389727870666,12.490097897069134,77.9587562861381,78.23384980549869,6.554965576404494,42.967573707847905,70.8783582250992,89.1477695422214,18.26941131712219,18.26941131712219,1.046175926216435,83.63540098120232,84.14419138404512,9.239299020397251,85.36464638831362,67.8275771594458,94.53514228966816,26.707565130222363,26.707565130222363,22.243165636321592,-69.63540098120232,70.24566688558907,9.239299020397253,85.36464638831363,-80.53514228966817,-53.8275771594458,26.70756513022237,26.70756513022237,-22.243165636321585,HIGH_RISK
423,SYNTHETIC,4230000,4239000,9000,51.84966727217816,52.10386340009717,5.14048489740047,26.42458498040232,42.38959232499092,59.90584925264577,17.51625692765485,17.51625692765485,8.177467024949564,221625.74621566627,221878.92331119638,10596.472247160991,112285224.0848531,206380.13710540585,248221.9844408701,41841.847335464234,41841.847335464234,41841.847335464234,79.97953137026036,80.11871629876629,4.720515136691912,22.283263155737455,72.41059020871887,87.19279495670187,14.782204747983002,14.782204747983002,-12.763397637895721,82.22429483571929,82.43266148765034,5.857390093399786,34.30901870625796,70.71761426086124,89.05111042929596,18.33349616843472,18.33349616843472,9.2299248570489,82.43086983507922,82.81829719372917,8.001377900154091,64.0220483010743,66.93680007636883,97.3956254092998,30.45882533293097,30.45882533293097,7.788526170764683,-68.43086983507922,68.89706811386556,8.001377900154095,64.02204830107435,-83.39562540929981,-52.936800076368826,30.458825332930985,30.458825332930985,-7.788526170764683,HIGH_RISK
424,SYNTHETIC,4240000,4249000,9000,47.48281024743822,47.79707944379626,5.472068563381415,29.94353436234714,41.155823142457415,56.18826578924364,15.032442646786222,15.032442646786222,-7.6496143471980105,225244.79312422132,225658.08847944054,13651.229491213782,186356066.6217849,203382.9758889062,248886.577858322,45503.60196941582,45503.60196941582,36195.9934425595,79.18072914353797,79.37311912134511,5.523058151868241,30.504171348918238,72.0015655555626,88.70928481211033,16.70771925654772,16.70771925654772,4.947848844282049,83.68742441612646,83.81879420183536,4.6909760226151445,22.0052560447502,75.4452964276302,88.83259921879326,13.387302791163066,13.387302791163066,-1.9916290272313404,81.38604359818325,81.8754565595239,8.938808324664862,79.90229426509782,67.96668559410082,94.82223673831774,26.855551144216918,26.855551144216918,-20.83482726020557,-67.38604359818325,67.97632798321305,8.938808324664862,79.90229426509782,-80.82223673831774,-53.96668559410082,26.855551144216925,26.855551144216925,20.83482726020557,HIGH_RISK
425,SYNTHETIC,4250000,4259000,9000,48.74633401442688,49.15449957204263,6.32137234561205,39.959748331868795,40.24941434850759,58.66725111700914,18.417836768501544,18.417836768501544,8.973863505788948,221066.3071236914,221550.28953442798,14636.210147527998,214218647.48260152,202799.3327058729,249314.13725419028,46514.80454831739,46514.80454831739,5698.7153788066935,80.93340656621557,81.13346283445473,5.694075262718368,32.42249309750125,70.91825104273886,87.29873062139845,16.38047957865959,16.38047957865959,-9.355270059277373,80.50492625946313,80.74951816721888,6.2802493737443985,39.441532196416915,70.57654801367968,89.29158089500893,18.71503288132925,18.71503288132925,1.0569569161953893,82.03058780992522,82.39356431533483,7.725419350647861,59.682104143364406,67.21300892591091,95.0582733008772,27.84526437496629,27.84526437496629,-17.071692167698757,-68.03058780992522,68.46782442802831,7.725419350647861,59.682104143364406,-81.0582733008772,-53.21300892591091,27.84526437496629,27.84526437496629,17.071692167698757,HIGH_RISK
426,SYNTHETIC,4260000,4269000,9000,49.89679535616633,50.332733653102665,6.610135413063153,43.693890179031584,41.61736381758584,58.91634976382119,17.298985946235348,17.298985946235348,-8.972440016656172,222194.38713045642,222535.84909363408,12323.08644559263,151858459.5455488,204867.8556621484,247015.81569621983,42147.96003407144,42147.96003407144,-11093.504626670561,83.00324316037047,83.11249439702,4.260087998515173,18.14834975509301,75.2414318763365,89.43819077384008,14.196758897503571,14.196758897503571,-2.151245507091005,80.02303779826313,80.1816434623822,5.040770761136424,25.409369866327886,71.35784821184453,89.01688387629741,17.659035664452887,17.659035664452887,2.798246514763008,86.52200052922298,86.76043250015537,6.427757932215327,41.316072035157056,78.66877203578143,99.15946462766262,20.490692591881185,20.490692591881185,-6.311971147832324,-72.52200052922298,72.80629528272794,6.427757932215327,41.316072035157056,-85.15946462766262,-64.66877203578143,20.490692591881185,20.490692591881185,6.311971147832324,HIGH_RISK
427,SYNTHETIC,4270000,4279000,9000,48.11733066854158,48.511373554003846,6.1705634613326055,38.07585343033303,40.14214468049085,56.74885233192793,16.606707651437077,16.606707651437077,1.7105438452389379,227084.62990162708,227531.77916321967,14257.678339098988,203281391.62121245,204305.38562125785,247465.7171491541,43160.331527896255,43160.331527896255,24879.778350530658,78.45247840281378,78.72566620929194,6.552797307477823,42.93915255288861,71.3813598921193,89.63800685289733,18.256646960778028,18.256646960778028,16.246729572533297,81.67169561601058,81.89415493662283,6.032142901929777,36.386747989301796,70.37243333353702,87.27129943859141,16.898866105054395,16.898866105054395,4.419739374598393,86.00177157513343,86.62094232515446,10.338420345309267,106.88293523630459,71.13628318443149,99.56523777532544,28.42895459089395,28.42895459089395,-24.415628150532427,-72.00177157513343,72.74020927378473,10.338420345309267,106.88293523630458,-85.56523777532544,-57.13628318443149,28.42895459089395,28.42895459089395,24.41562815053242,HIGH_RISK
428,SYNTHETIC,4280000,4289000,9000,50.326446972828705,50.627113312471224,5.5093863038328745,30.353337444861268,41.24604535122233,56.687549953104494,15.441504601882166,15.441504601882166,6.712702612273446,225620.11072532577,226004.43697649514,13174.64114707838,173571169.35429072,205821.40329715208,248105.9163150896,42284.51301793751,42284.51301793751,-1063.958059319033,80.72061245996449,80.93806696463422,5.929030954535362,35.153408059838505,70.82737157445179,88.14364973476482,17.316278160313033,17.316278160313033,2.191573198133355,76.51546286194039,76.66195837714918,4.73706715624464,22.439805242771683,70.96777683118158,85.0768931013658,14.109116270184217,14.109116270184217,-9.588942638689147,79.96455514625129,80.43575981807405,8.693755101970195,75.5813777730328,70.8005933854404,96.27666241342882,25.47606902798843,25.47606902798843,-2.3807806208341447,-65.96455514625129,66.53498262880859,8.693755101970197,75.58137777303284,-82.27666241342882,-56.80059338544039,25.47606902798843,25.47606902798843,2.3807806208341447,HIGH_RISK
429,SYNTHETIC,4290000,4299000,9000,49.25564990682394,49.71374485623158,6.733303786915211,45.337379886886715,41.42969636230688,59.9987672719933,18.569070909686424,18.569070909686424,-13.509599411774616,221950.73854686823,222377.00855164864,13762.397715505349,189403590.87974685,200329.92171457363,243970.92493656088,43641.00322198725,43641.00322198725,-28762.170370737993,78.94070073656698,79.10910609476541,5.159111777488657,26.61643433262217,72.28915203698436,87.52312840786973,15.233976370885372,15.233976370885372,4.530053096289478,80.2412596956398,80.4128191230663,5.249925882893152,27.561721775871433,71.76811546944965,89.4002990938746,17.63218362442494,17.63218362442494,12.222049091262704,82.00695654065916,82.40163760457081,8.055368325126926,64.88895885345818,69.09678433047455,93.86092754402031,24.764143213545765,24.764143213545765,6.665673962335404,-68.00695654065916,68.4823707006158,8.055368325126928,64.88895885345819,-79.86092754402033,-55.09678433047455,24.76414321354578,24.76414321354578,-6.66567396233539,HIGH_RISK
430,SYNTHETIC,4300000,4309000,9000,52.021019373940746,52.325389808069275,5.635597737816438,31.759961862481752,44.26958260399305,59.0982641230432,14.82868151905015,14.82868151905015,-14.481816229485872,225986.46729945828,226479.83032367562,14940.888224994407,223230140.9517765,203701.505280296,248281.4742378333,44579.96895753729,44579.96895753729,12564.782741157193,80.601753075095,80.8843797780312,6.755760008925303,45.6402932981944,71.481694998856,89.36056418940889,17.87886919055289,17.87886919055289,-3.6818073133058533,80.47555853048424,80.6865469289943,5.8312378215440015,34.00333453140524,72.2003407243761,89.35739709735854,17.15705637298244,17.15705637298244,2.630730924033145,80.02626866820066,80.7226807589658,10.580525126801113,111.9475119588697,67.03900792708875,96.61589078397506,29.576882856886314,29.576882856886314,-3.022301526765318,-66.02626866820066,66.86864486591818,10.580525126801113,111.94751195886973,-82.61589078397506,-53.03900792708875,29.576882856886314,29.576882856886314,3.022301526765318,HIGH_RISK
431,SYNTHETIC,4310000,4319000,9000,49.420098458966024,49.71992397825158,5.45203711553955,29.724708709220817,40.7428896844637,58.722479672340114,17.979589987876416,17.979589987876416,2.5450034053587274,233354.67671477556,233778.5359436867,14071.2019144131,197998723.3161829,201970.224632682,247176.9053758146,45206.6807431326,45206.6807431326,1700.9171208882763,82.37654457928276,82.48889529023596,4.303806382837498,18.522749380952792,74.63725170316167,88.68053749190742,14.043285788745749,14.043285788745749,-1.1661571528245815,78.61865743369194,78.76389156472251,4.78093272732034,22.857317743162703,72.42871568999567,87.1021374326937,14.673421742698025,14.673421742698025,3.791809029931727,86.66132391367678,87.17991529335995,9.494870619772021,90.15256808620991,68.28389825815647,99.9864845152003,31.702586257043833,31.702586257043833,-16.377090977345972,-72.66132391367678,73.27905949843014,9.494870619772017,90.15256808620987,-85.9864845152003,-54.28389825815647,31.702586257043833,31.702586257043833,16.377090977345958,HIGH_RISK
432,SYNTHETIC,4320000,4329000,9000,52.87377474813015,53.12866649065114,5.197994513159026,27.019146958831335,42.33047822926719,58.18954086993897,15.85906264067178,15.85906264067178,10.69251306166364,227675.04437244125,227878.88941110528,9636.51437220206,92862409.24565688,209294.3579013148,239565.2753637909,30270.917462476093,30270.917462476093,-19996.65273104189,82.90522060907179,83.09029351522727,5.542677350140337,30.721272207758705,71.53963344093725,89.9787791415655,18.439145700628245,18.439145700628245,-7.070407405518679,78.68403406790756,78.91352605709245,6.013931955365996,36.16737756377226,70.88123661829435,89.9365746383697,19.055338020075354,19.055338020075354,7.405168709419186,82.14163124307896,82.52103594270181,7.904036296900649,62.47378978272292,71.25286756981693,94.905117348254,23.652249778437067,23.652249778437067,11.223901969310106,-68.14163124307896,68.59851090403112,7.904036296900648,62.4737897827229,-80.905117348254,-57.25286756981693,23.652249778437067,23.652249778437067,-11.223901969310106,HIGH_RISK
433,SYNTHETIC,4330000,4339000,9000,46.12815076623307,46.30448997833959,4.037263806320214,16.299499041823186,41.33409757278864,52.61312855025314,11.279030977464494,11.279030977464494,-0.5835918676228786,233201.65134616,233644.40535512002,14376.994232859382,206697963.17167196,204688.64916913956,248930.3631046497,44241.71393551014,44241.71393551014,-22963.73401049114,78.8420873254329,78.8849072484719,2.5988185332622185,6.753857768827189,74.57214407976151,83.57658908599106,9.004445006229545,9.004445006229545,-4.749498911727869,80.77776455463075,80.99284142358677,5.898568930080713,34.79311542291352,71.24434051021342,88.36069435841424,17.116353848200816,17.116353848200816,13.881424623430249,85.23763174172444,85.9006920783082,10.652466127356936,113.47503459448687,68.82550570492926,98.45759218181452,29.632086476885263,29.632086476885263,14.452102198310982,-71.23763174172444,72.02968284508849,10.652466127356934,113.47503459448686,-84.45759218181453,-54.825505704929256,29.632086476885277,29.632086476885277,-14.452102198310982,HIGH_RISK
434,SYNTHETIC,4340000,4349000,9000,51.97297705475798,52.352477986035126,6.292186213383432,39.591607343892534,41.47258721883564,59.64534016273312,18.17275294389748,18.17275294389748,-6.249929860703247,229905.6881442004,230263.0150783414,12823.052363231385,164430671.910174,210044.80971497728,246339.3797225736,36294.57000759631,36294.57000759631,-31480.73994087556,82.50456771284448,82.75599104376225,6.445956884118509,41.550360151914795,71.486707614301,88.427404913115,16.940697298814,16.940697298814,11.608503211665308,79.12159662701163,79.45105248683808,7.227910379823634,52.24268845876223,70.36056813305514,89.21956522323876,18.85899709018362,18.85899709018362,-9.311557852551275,84.6177584078641,85.43008732006452,11.753075407832368,138.13478154219396,67.72048430560876,99.22769181796636,31.507207512357596,31.507207512357596,-19.992775244850677,-70.6177584078641,71.58912336447244,11.753075407832366,138.13478154219393,-85.22769181796637,-53.72048430560877,31.507207512357603,31.507207512357603,19.992775244850662,HIGH_RISK
435,SYNTHETIC,4350000,4359000,9000,48.34635371356008,48.79188950777887,6.578644567282622,43.27856434263716,41.19913334666893,59.41097839204876,18.21184504537983,18.21184504537983,-0.5252774434827217,218781.6456019279,219358.02809715454,15891.382519606575,252536038.3844574,201371.746929783,244770.9555856263,43399.20865584331,43399.20865584331,-817.1608925615728,80.87513305222481,81.01077779234018,4.686040151860623,21.958972304849933,73.11840857952834,87.72693514924444,14.608526569716105,14.608526569716105,9.197625203906,78.03810684050055,78.23177130802344,5.501265558169679,30.263922741503954,70.32231570877545,86.54695350848536,16.22463779970991,16.22463779970991,-6.270180883052049,86.51550196025609,87.09397051483457,10.021358221508532,100.42762060379664,70.09823843918241,99.0905204834366,28.992282044254196,28.992282044254196,-23.051582177482146,-72.51550196025609,73.20468321871013,10.02135822150853,100.42762060379661,-85.09052048343659,-56.09823843918241,28.992282044254182,28.992282044254182,23.051582177482146,HIGH_RISK
436,SYNTHETIC,4360000,4369000,9000,48.23580426227725,48.71218584656027,6.795898551413326,46.184237121101745,40.4863342299489,59.32293742424616,18.83660319429726,18.83660319429726,7.669021767925905,229505.26723027517,229858.8133144848,12743.875858747759,162406371.90317392,208093.68884755747,249483.81092862855,41390.12208107108,41390.12208107108,41390.12208107108,80.8058298959327,80.9814492719695,5.33038282097602,28.412981018156266,71.4733819934093,87.76902982491266,16.29564783150336,16.29564783150336,7.501165571116289,83.82164352112483,84.03510554413077,5.985903543381835,35.831041230671204,70.95717583753087,89.28709089519194,18.32991505766107,18.32991505766107,-5.104119195131787,84.05267675243653,84.72621002719293,10.661997764135453,113.6781963224294,66.43690913391093,98.52804605111072,32.09113691719979,32.09113691719979,-0.25104891441765176,-70.05267675243653,70.85940810156255,10.661997764135455,113.67819632242943,-84.52804605111073,-52.43690913391093,32.091136917199805,32.091136917199805,0.25104891441765176,HIGH_RISK
437,SYNTHETIC,4370000,4379000,9000,50.26908565649897,50.484236062680225,4.655869209072624,21.67711809199054,42.6296066368869,57.70421164569683,15.074605008809932,15.074605008809932,-3.9533357181355058,228182.01999477623,228574.71685481028,13392.79419539605,179366936.36023417,207724.32536530725,249400.85040424875,41676.5250389415,41676.5250389415,17533.792292259925,78.4983938641349,78.62022504716694,4.375151108056314,19.14194721832639,72.44458662562062,86.90848642189766,14.463899796277047,14.463899796277047,9.899395459036697,79.65321587317052,79.75116311414693,3.9513566178425403,15.613219121368038,72.24665549139382,87.42423829222228,15.17758280082846,15.17758280082846,11.821059770581641,77.23773121348674,77.70838817444297,8.539699623703731,72.92646966308565,69.57058236127456,94.84611867051458,25.275536309240024,25.275536309240024,10.439246897060045,-63.23773121348675,63.81173182646183,8.539699623703733,72.92646966308568,-80.84611867051458,-55.57058236127456,25.275536309240024,25.275536309240024,-10.439246897060045,HIGH_RISK
438,SYNTHETIC,4380000,4389000,9000,51.36441041584508,51.71530474792671,6.014157281245333,36.17008780355625,40.7112647382599,59.115293682670895,18.404028944410996,18.404028944410996,-1.8570506769752484,224742.5569636179,225109.65408091567,12850.659511653623,165139449.8844537,208554.9444529143,241760.070846096,33205.12639318171,33205.12639318171,-27721.8834357897,79.89754188656299,80.1036945154026,5.743228665293731,32.98467550185161,70.9391198355214,89.06090189944183,18.121782063920435,18.121782063920435,8.582464936575036,80.1409352601988,80.38758765051966,6.292435449855824,39.59474389060226,70.22724490344837,88.88686731330976,18.6596224098614,18.6596224098614,3.772161211009049,78.59868612991976,78.98091360069049,7.760879579667202,60.231251850095376,67.30672549397205,88.75931184884378,21.452586354871727,21.452586354871727,-13.550282970358936,-64.59868612991976,65.0632115835207,7.760879579667202,60.231251850095376,-74.75931184884378,-53.30672549397205,21.452586354871727,21.452586354871727,13.550282970358936,HIGH_RISK
439,SYNTHETIC,4390000,4399000,9000,51.45628743521968,51.93483241248637,7.034010313974461,49.4773010970991,40.300702265496895,59.9341547567053,19.633452491208402,19.633452491208402,-0.05263451311937217,216405.57035098266,216817.37148132143,13356.709816988043,178401697.13522476,202827.5898990519,243780.1001524765,40952.51025342458,40952.51025342458,-12671.568050075322,80.3031229777297,80.47291298388203,5.224764505226124,27.298164135070778,73.12637066087083,87.51074772456056,14.384377063689726,14.384377063689726,-0.09670509803164862,78.02284402882411,78.12952982197098,4.081573208462367,16.65923985603778,70.50220918949478,85.11325819021425,14.611049000719476,14.611049000719476,-0.5769960313033522,80.14584256242577,80.85710352042484,10.701173284811455,114.51510967156237,66.36059750110425,99.5722641277565,33.211666626652246,33.211666626652246,14.922819015957387,-66.14584256242577,67.00587733896765,10.701173284811455,114.51510967156239,-85.5722641277565,-52.36059750110425,33.211666626652246,33.211666626652246,-14.922819015957387,HIGH_RISK
440,SYNTHETIC,4400000,4409000,9000,49.461846989672985,49.72342567863861,5.093599276471922,25.944753589275287,40.83682917483792,58.32058292338571,17.483753748547784,17.483753748547784,2.903778693583291,222950.36488311575,223319.54510743162,12835.654462306027,164754025.47571662,200862.80625152672,248415.49532638025,47552.68907485352,47552.68907485352,-4688.824133127811,81.30957867565476,81.37084859154531,3.1571214889039574,9.96741609569914,75.51587861371699,85.45118566221653,9.935307048499538,9.935307048499538,0.6379646090781108,81.14532729539285,81.35180839953998,5.792459581130876,33.552587999034884,70.44420057077394,88.79887515010182,18.354674579327877,18.354674579327877,11.043971037741997,80.81214353648593,81.71062072746086,12.083997546563497,146.02299670535263,66.81536059352308,99.06913118395052,32.253770590427436,32.253770590427436,-3.241097215734598,-66.81214353648593,67.89613774468582,12.0839975465635,146.02299670535268,-85.06913118395053,-52.81536059352308,32.25377059042745,32.25377059042745,3.2410972157346123,HIGH_RISK
441,SYNTHETIC,4410000,4419000,9000,50.89848094864887,51.35243092583343,6.812987532097961,46.41679911252227,40.37901926438551,58.83176609947121,18.452746835085698,18.452746835085698,18.25351590937349,236596.3619999514,236771.556954716,9106.682774109315,82931671.14825933,220329.8374203731,249103.1737037149,28773.336283341807,28773.336283341807,-1439.6127468402847,80.2206943013501,80.4875216268063,6.548384795882841,42.88134343494956,70.89474750643552,87.4209442526465,16.526196746210985,16.526196746210985,-6.5122442283787905,79.94514347074744,80.11950468362059,5.28290319713597,27.90906619030945,71.00807245056795,86.93934114576679,15.931268695198838,15.931268695198838,-2.3376948827898474,87.74980158071673,87.99467566630322,6.560127145318032,43.03526816273851,75.93214224315999,98.58789226223418,22.65575001907419,22.65575001907419,5.80241479517278,-73.74980158071673,74.04099203385802,6.560127145318033,43.03526816273852,-84.58789226223418,-61.93214224315999,22.65575001907419,22.65575001907419,-5.802414795172794,HIGH_RISK
442,SYNTHETIC,4420000,4429000,9000,51.85136410066825,52.09530287522769,5.035535975607517,25.35662256163755,40.83102864936854,57.12887168148424,16.2978430321157,16.2978430321157,-11.367818335341234,227094.1945430201,227676.51587594562,16273.373536752153,264822686.26666528,204336.08931939545,249400.37363522116,45064.2843158257,45064.2843158257,-44688.391625063465,82.97736330147691,83.08214979761715,4.1714259586389035,17.400794528406493,73.981522142165,87.72167675656347,13.740154614398463,13.740154614398463,4.594338951217821,76.42272547592714,76.65530822608588,5.966850933893736,35.60331006730855,70.26905324955482,89.04510659592066,18.776053346365842,18.776053346365842,-0.01008180365781186,87.15655149675894,87.61959517791767,8.996054153626634,80.92899033498301,72.34527174421315,98.19476702728312,25.84949528306997,25.84949528306997,-2.812564408754099,-73.15655149675892,73.70759809702744,8.996054153626634,80.92899033498303,-84.19476702728312,-58.34527174421315,25.84949528306997,25.84949528306997,2.8125644087541133,HIGH_RISK
443,SYNTHETIC,4430000,4439000,9000,51.25751499304039,51.554727790695445,5.527848976857546,30.557114310945018,40.55034269222496,57.81212161614948,17.261778923924524,17.261778923924524,-5.474835744395193,222658.12515195535,223048.41673406074,13189.219513960075,173955511.38742524,205476.2014645557,243042.08233937377,37565.880874818075,37565.880874818075,-13210.796757620235,79.02260599105657,79.20440748044135,5.363385750626534,28.76590671002375,71.03851992468975,87.92668245745865,16.888162532768902,16.888162532768902,-0.05510402066215647,79.40454870197644,79.60333475782531,5.622148166123937,31.608550001850745,71.53251730827346,88.42302072796159,16.89050341968813,16.89050341968813,-3.9828155912995413,78.05758548622303,78.64212995654275,9.57068190688322,91.5979521627418,68.42308693336332,96.83073589879228,28.40764896542896,28.40764896542896,-14.316805558555401,-64.05758548622303,64.76860513001274,9.570681906883218,91.59795216274179,-82.83073589879228,-54.42308693336332,28.40764896542896,28.40764896542896,14.316805558555401,HIGH_RISK
444,SYNTHETIC,4440000,4449000,9000,49.77362423528026,50.03576888336716,5.115124459370933,26.16449823485478,43.347588997527936,57.61875730683833,14.271168309310397,14.271168309310397,-10.30555698905276,225664.58572265864,226177.4784085902,15223.222060035167,231746489.88914132,201267.06949883985,243272.1341586405,42005.06465980064,42005.06465980064,23823.750237223256,80.15034110806381,80.37870838704656,6.054715701904116,36.65958223088425,70.9491068426051,87.62370173129472,16.67459488868961,16.67459488868961,13.04638325773378,78.6696881871112,78.80482315380472,4.613058946635384,21.280312845132762,72.84470567486315,89.63006979225754,16.785364117394394,16.785364117394394,5.43985355169626,86.55314782424469,87.02892420169458,9.087697696267496,82.58624941874554,71.68096660041952,98.52506710936512,26.8441005089456,26.8441005089456,18.995059468194995,-72.5531478242447,73.12007596156782,9.087697696267497,82.58624941874557,-84.52506710936512,-57.68096660041952,26.84410050894561,26.84410050894561,-18.995059468194995,HIGH_RISK
445,SYNTHETIC,4450000,4459000,9000,51.81622805611825,52.130737058451565,5.7177142542942425,32.69225629375956,41.50847774052486,58.23674153166764,16.72826379114278,16.72826379114278,0.9381501529713674,227949.21720989636,228527.74918138242,16250.739038711983,264086519.30431765,204619.04432222163,249119.8556306066,44500.81130838496,44500.81130838496,-1922.041224093089,76.87548854055163,77.14794401712948,6.478003374625663,41.96452772166148,70.16063038412008,89.85825982663926,19.697629442519172,19.697629442519172,15.267023999492665,78.98041388669425,79.19494107324942,5.825196467238187,33.93291388192425,71.01429284348016,88.05780507318715,17.04351222970699,17.04351222970699,4.061836353424951,89.16840149104038,89.53216523257318,8.062554605421896,65.00478676540982,72.00985699447203,97.59431943337124,25.58446243889921,25.58446243889921,-7.521385442692903,-75.16840149104038,75.59955932069745,8.062554605421898,65.00478676540986,-83.59431943337125,-58.00985699447203,25.584462438899223,25.584462438899223,7.521385442692917,HIGH_RISK
446,SYNTHETIC,4460000,4469000,9000,50.45530980485653,50.802727919783315,5.93117834729982,35.17887658747823,41.14497750952592,59.08343712012358,17.938459610597654,17.938459610597654,-14.410649041034183,225412.64945007028,226079.47430509262,17351.258454843242,301066169.9667691,203879.07131239213,246214.2650443307,42335.193731938576,42335.193731938576,1078.7928109162312,80.31277655886285,80.51805929916925,5.7459372351865445,33.01579471070319,70.81895432379994,87.37430443421344,16.5553501104135,16.5553501104135,-1.8763476589310528,82.44082212446042,82.57438206087129,4.69461608417731,22.0394201778163,75.77971000347362,89.65498758749744,13.87527758402382,13.87527758402382,5.263575106135804,79.49268561797292,80.16032219180056,10.324252376583642,106.590187135393,67.24738325068499,97.05817097406138,29.810787723376393,29.810787723376393,1.1729667271543178,-65.49268561797294,66.30144837475297,10.324252376583642,106.590187135393,-83.05817097406138,-53.24738325068499,29.810787723376393,29.810787723376393,-1.1729667271543178,HIGH_RISK
447,SYNTHETIC,4470000,4479000,9000,54.57726724931867,54.71887723750402,3.9341359571679395,15.477425729481698,46.25208057622961,59.372719933683776,13.120639357454166,13.120639357454166,-1.1995327268687674,224485.08050092225,225058.47289417443,16055.056958861687,257764853.9522931,204614.2527174723,249999.1244396235,45384.871722151205,45384.871722151205,-14476.480604648677,78.36177525070215,78.44757448126929,3.667986034970181,13.454121552736268,71.89481125681993,84.112519093154,12.217707836334071,12.217707836334071,8.003730907593948,78.46828300224021,78.74525167522923,6.5987289742442155,43.54322407553011,72.22560628619644,89.82929962152018,17.60369333532374,17.60369333532374,11.693976342136253,85.2228665588493,85.51004160465028,7.002159004306157,49.030230721585795,71.11025668549715,94.8334789785582,23.723222293061056,23.723222293061056,5.368772864391275,-71.2228665588493,71.56624170362198,7.002159004306158,49.03023072158581,-80.8334789785582,-57.11025668549715,23.723222293061056,23.723222293061056,-5.368772864391275,HIGH_RISK
448,SYNTHETIC,4480000,4489000,9000,50.59616251485149,50.92125803682593,5.744811469817468,33.00285882374634,41.7366879381274,59.50551917970355,17.768831241576144,17.768831241576144,3.2620948792224453,228006.671335012,228313.92375647,11840.844893968297,140205607.80301508,208724.1642317476,246207.24958923907,37483.08535749148,37483.08535749148,11940.077124492585,81.69752098842496,81.842435429769,4.8681928291482714,23.69930142177065,72.52699768189785,88.00034388385646,15.473346201958606,15.473346201958606,-2.60247459496226,79.74349443416254,79.96113366275588,5.8955909001387585,34.75799206179894,71.99412679475799,89.44140961539631,17.44728282063832,17.44728282063832,0.3382025699306297,83.02169885749615,83.6107304306033,9.907157107577955,98.15176195423238,68.94609400523713,98.90317844767632,29.957084442439196,29.957084442439196,-28.411377096927637,-69.02169885749615,69.72909489681562,9.907157107577952,98.15176195423234,-84.90317844767631,-54.94609400523713,29.957084442439182,29.957084442439182,28.411377096927637,HIGH_RISK
449,SYNTHETIC,4490000,4499000,9000,50.56895747239416,50.89814348908046,5.779407477433502,33.40155079021427,43.6033461366512,58.85388807572647,15.250541939075276,15.250541939075276,1.6779983238415284,225818.65449303063,226221.80208373803,13499.593363178961,182239020.97118548,208331.4121740966,246000.22223021943,37668.810056122835,37668.810056122835,17789.28146828586,81.81746706080476,81.98072636554188,5.171226080532773,26.74157917598235,70.16873907465683,89.76480951038695,19.596070435730127,19.596070435730127,-7.092533513648647,78.40759969429665,78.6521562513289,6.1975796213028,38.40999316238776,71.28796402430356,89.63890259264403,18.350938568340467,18.350938568340467,-4.195160682072469,79.90108157401002,80.21238792726881,7.060052428846151,49.844340298056444,69.35522367958899,91.37057917023256,22.01535549064357,22.01535549064357,-12.610558413237953,-65.90108157401002,66.27817810503227,7.060052428846149,49.8443402980564,-77.37057917023255,-55.35522367958899,22.015355490643557,22.015355490643557,12.610558413237953,HIGH_RISK
450,SYNTHETIC,4500000,4509000,9000,51.01447557863184,51.45981718077318,6.755447114423561,45.63606571577361,41.60899841581076,59.573537714122665,17.964539298311905,17.964539298311905,-12.780718568784337,226256.30440161703,226586.09895928015,12220.677563356601,149344960.10752743,205250.16418284492,243983.08227256057,38732.91808971565,38732.91808971565,30677.84556540707,81.04594114909588,81.18989641842519,4.832670451406877,23.354703691901147,71.84782042245797,86.21480855745997,14.366988135002003,14.366988135002003,4.588976323197755,80.87304351211125,81.05658127005209,5.451623636745069,29.720200276717527,70.21564737003759,88.90487664092728,18.689229270889697,18.689229270889697,9.52832134935629,88.25841826296028,88.66874413040271,8.520433755577477,72.59779138318412,71.15528365003279,99.36512223324706,28.209838583214278,28.209838583214278,-6.614455954346425,-74.25841826296028,74.74563849683764,8.520433755577477,72.5977913831841,-85.36512223324706,-57.15528365003279,28.20983858321427,28.20983858321427,6.614455954346425,HIGH_RISK
451,SYNTHETIC,4510000,4519000,9000,50.10786506828091,50.56174178472619,6.759555503454358,45.6915906042801,40.31781182358585,59.299062543864736,18.981250720278886,18.981250720278886,9.795948049172765,232228.6031395041,232526.218964618,11760.88388923986,138318389.85618168,213104.638803264,248097.13217104477,34992.49336778076,34992.49336778076,-3803.9463289901323,80.16583482671028,80.28173321031477,4.312263186397761,18.595613788761373,74.7782047056492,89.227467268959,14.449262563309802,14.449262563309802,-0.9313161839175308,77.3738451198504,77.59039693508191,5.792908415724297,33.55778791296939,70.10582914431576,87.61509782821415,17.509268683898384,17.509268683898384,-5.624019526187055,91.42920225507343,91.6063552481303,5.694321456286311,32.42529684752266,76.97891473675129,99.08936213011168,22.11044739336039,22.11044739336039,5.07552204519429,-77.42920225507343,77.63830664500993,5.694321456286311,32.42529684752266,-85.08936213011168,-62.97891473675129,22.11044739336039,22.11044739336039,-5.075522045194276,HIGH_RISK
452,SYNTHETIC,4520000,4529000,9000,50.562115787435104,50.985907123334584,6.560119837876871,43.03517228730566,40.18287144592723,59.88196687353826,19.699095427611027,19.699095427611027,1.3070913918724614,236736.64969745875,236919.3493008949,9302.513809833343,86536763.18214007,221613.46625723876,249370.7287930057,27757.26253576693,27757.26253576693,-15296.429969850986,79.85283614151733,80.07501321600483,5.960897725958237,35.53230169933408,71.30329766578944,89.74220375340033,18.43890608761089,18.43890608761089,0.8617176446716002,81.40672550476482,81.51469837852996,4.194173856027774,17.59109433458689,74.6008001303659,89.59873501529923,14.99793488493333,14.99793488493333,-2.2694205525953492,84.79786767613152,85.28459921368854,9.098598827334568,82.78450062077398,70.29625113802948,97.35518949938364,27.058938361354166,27.058938361354166,25.826632856280284,-70.79786767613152,71.3801272631802,9.098598827334564,82.78450062077391,-83.35518949938363,-56.29625113802948,27.058938361354144,27.058938361354144,-25.826632856280263,HIGH_RISK
453,SYNTHETIC,4530000,4539000,9000,48.06920555986932,48.16156361726578,2.9812223840176175,8.887686902967687,40.65698011147114,51.8273677401192,11.170387628648058,11.170387628648058,-11.170387628648058,219071.61966732616,219470.6081982259,13227.748078701181,174973319.23358276,201994.0143063145,249857.29720444995,47863.282898135454,47863.282898135454,-47863.282898135454,82.54549031542426,82.73014200815199,5.52434840277048,30.518425275192754,70.4027728767964,89.64740719932962,19.244634322533216,19.244634322533216,4.2493949995646005,82.22587288720999,82.478080826465,6.445125658455314,41.53964475327905,70.10377410501306,87.9578190082174,17.85404490320434,17.85404490320434,0.8097496262031854,83.88413087999797,84.14221529800172,6.585209318058549,43.36498176264514,73.86240166391995,97.74793973221928,23.885538068299326,23.885538068299326,5.730269639134022,-69.88413087999797,70.19370862559785,6.585209318058546,43.364981762645094,-83.74793973221927,-59.862401663919954,23.88553806829931,23.88553806829931,-5.730269639134022,HIGH_RISK
454,SYNTHETIC,4540000,4549000,9000,51.01900193726237,51.35700240664498,5.88244315924568,34.603137521756295,41.18309523989714,59.94553684598147,18.76244160608433,18.76244160608433,18.76244160608433,219119.78145781247,219612.68368980903,14705.51635681763,216252211.32063085,201061.70932656285,247307.4140727828,46245.70474621994,46245.70474621994,-9610.309206052538,79.52628468737116,79.6983398788668,5.234063743456677,27.395423270567715,71.0510919870303,87.49180996701898,16.440717979988676,16.440717979988676,6.674669009872915,82.33226270077618,82.49130713707501,5.119987475924353,26.214271753622228,72.8523290491037,89.16682744019116,16.314498391087454,16.314498391087454,-12.426752799134618,83.15415843522405,83.50530372291963,7.649946717900229,58.52168478671249,70.94769466704716,96.8725674459064,25.92487277885924,25.92487277885924,21.677639859524533,-69.15415843522405,69.57599667752366,7.649946717900229,58.52168478671249,-82.8725674459064,-56.94769466704716,25.92487277885924,25.92487277885924,-21.677639859524533,HIGH_RISK
455,SYNTHETIC,4550000,4559000,9000,48.59955123253958,48.82927884611171,4.730971636682324,22.382092627092625,40.98238435951665,54.84835738994325,13.865973030426602,13.865973030426602,4.655595815662288,221317.07776324445,221844.33705884987,15285.973159030062,233660975.4185875,205641.8922228549,248479.55512113668,42837.66289828179,42837.66289828179,25291.3624889052,81.90580445751529,82.09137579644796,5.516627259559313,30.433176320912896,70.73991095512046,89.50828901473471,18.76837805961425,18.76837805961425,4.314663719907074,79.26727805676654,79.48759498110157,5.914083644225969,34.97638535090112,71.30717249321988,89.43874898516873,18.13157649194885,18.13157649194885,2.170883659143925,81.2283957315851,82.35234960930006,13.559395747797627,183.85721304539234,67.61387182667201,99.29790152520798,31.684029698535966,31.684029698535966,7.124621082556885,-67.2283957315851,68.58217265214046,13.559395747797627,183.85721304539234,-85.29790152520798,-53.61387182667201,31.684029698535966,31.684029698535966,-7.124621082556885,HIGH_RISK
456,SYNTHETIC,4560000,4569000,9000,54.19218841640227,54.4213836641645,4.989360135663415,24.893714563347253,42.84574787471863,59.81115715771857,16.965409282999936,16.965409282999936,-0.9598321135001555,228193.38166585178,228523.6981633668,12282.556173878145,150861186.16447216,205263.4370151845,243713.6627187744,38450.22570358991,38450.22570358991,32826.029915452906,78.96079376757974,79.13416902750728,5.235432672457126,27.409755267831564,71.14183798372609,89.1300933244512,17.988255340725104,17.988255340725104,-7.801156338189372,76.46604081122913,76.69963981462703,5.981584267479898,35.77935034896302,70.15988697101405,87.41255150757885,17.252664536564808,17.252664536564808,-2.302124799473006,83.51901900050778,83.9432858085551,8.429038944600222,71.04869752958723,67.68030473822333,94.57696763858358,26.896662900360255,26.896662900360255,7.574978698987465,-69.51901900050778,70.02815648239321,8.42903894460022,71.0486975295872,-80.57696763858358,-53.68030473822333,26.896662900360255,26.896662900360255,-7.574978698987451,HIGH_RISK
457,SYNTHETIC,4570000,4579000,9000,47.40254421497346,47.64719934618358,4.8222823934774794,23.25440748244289,40.63938762782674,55.77710829961134,15.1377206717846,15.1377206717846,-2.309735381870226,224839.8993926757,225120.1816374097,11230.130077243519,126115821.5518095,204285.3665757546,238304.7002704652,34019.3336947106,34019.3336947106,-24153.43203539765,79.73850214362747,79.91666088263202,5.333288152755543,28.44396252032263,70.18256009590687,86.54935592623396,16.366795830327092,16.366795830327092,6.713206743422745,81.08565949963926,81.3161124015626,6.11767599764178,37.42595961212235,71.05152743548688,89.70716318422504,18.655635748738163,18.655635748738163,-9.617997600512595,80.08206938529011,80.65997158084676,9.638110727346277,92.89317839258736,66.42364930145443,98.32381697537812,31.90016767392369,31.90016767392369,5.637833460489574,-66.08206938529011,66.7812329373671,9.638110727346273,92.89317839258732,-84.32381697537812,-52.42364930145443,31.90016767392369,31.90016767392369,-5.63783346048956,HIGH_RISK
458,SYNTHETIC,4580000,4589000,9000,45.15323025214569,45.38123376006485,4.543366085004107,20.64217538236554,40.75655331312384,53.986195959377206,13.229642646253367,13.229642646253367,-1.9927503033927891,225702.94214096045,226174.0867038729,14591.072792816592,212899405.24527258,203672.3529863401,249838.25185358847,46165.89886724838,46165.89886724838,4611.479169629165,80.93912314493406,81.17739487147948,6.215125312437634,38.627782649303,70.48991603420174,88.95668373254054,18.4667676983388,18.4667676983388,8.182080897882301,76.2093124470833,76.30907622993085,3.9007449811838755,15.215811408231193,70.13943395091937,81.98528556189666,11.845851610977292,11.845851610977292,7.741574498777041,81.05618879111947,81.73154064564451,10.485179777621232,109.93899496903722,67.07653052405978,99.85650182049883,32.77997129643906,32.77997129643906,-11.030148008283746,-67.05618879111947,67.87099122717521,10.485179777621235,109.9389949690373,-85.85650182049885,-53.07653052405978,32.77997129643907,32.77997129643907,11.030148008283746,HIGH_RISK
459,SYNTHETIC,4590000,4599000,9000,52.19443680729309,52.35344451647055,4.0772440580186675,16.62391910864853,47.36540011616873,59.87034388407594,12.504943767907214,12.504943767907214,2.332404713212945,223542.83697730428,223790.29737083116,10521.275277426044,110697233.46337648,201416.39853369017,244252.2361970937,42835.83766340354,42835.83766340354,23445.8724406228,78.00734339232105,78.22464997266991,5.8266834665383085,33.95024021923088,70.44591973183644,88.45016838316553,18.004248651329092,18.004248651329092,11.268563547811539,80.32310565864296,80.46494783178046,4.775617962277935,22.80652692163166,70.70885429306192,87.01370466734174,16.304850374279823,16.304850374279823,-3.6788557796764962,85.76263747935992,86.08739554973124,7.470588003616165,55.80968511977377,68.7520329032148,96.6395121618495,27.8874792586347,27.8874792586347,-3.258405420458203,-71.76263747935992,72.15043882828301,7.470588003616165,55.80968511977377,-82.6395121618495,-54.7520329032148,27.8874792586347,27.8874792586347,3.258405420458203,HIGH_RISK
460,SYNTHETIC,4600000,4609000,9000,50.64285927861338,51.057404293743176,6.493022200894316,42.15933730130647,40.114004989522,58.908001618717066,18.793996629195064,18.793996629195064,6.127577387026342,228507.5581736953,228740.42658743687,10318.847459762013,106478612.89783695,217905.3384179622,246694.35855266443,28789.020134702238,28789.020134702238,5756.870233397232,80.30258403931802,80.42901370605637,4.507908865235544,20.321242337269208,74.19118729590733,88.35671382226043,14.165526526353105,14.165526526353105,-10.855796930500716,80.67145365145333,80.8075645309551,4.688182076870551,21.979051185890278,72.71180380711434,88.88242615816688,16.170622351052543,16.170622351052543,-3.5789061257347328,77.82248744771195,78.13631752947889,6.99603920216747,48.944564518264045,69.47706256664164,92.78617865511777,23.30911608847613,23.30911608847613,-4.927292022001652,-63.82248744771196,64.20478540211481,6.996039202167468,48.94456451826403,-78.78617865511777,-55.47706256664164,23.309116088476124,23.309116088476124,4.927292022001652,HIGH_RISK
461,SYNTHETIC,4610000,4619000,9000,50.92232094919169,51.17820229673963,5.111322673586398,26.1256194735184,44.69766075589421,58.73120678850791,14.0335460326137,14.0335460326137,-2.562637471023649,215924.0240340392,216153.95324942173,9967.314096629158,99347350.30086231,201041.64572219792,232313.85284270695,31272.207120509032,31272.207120509032,14764.970982023602,80.10982702305178,80.28048114419067,5.231755640267948,27.371267079475484,70.3250615886829,87.33269591696586,17.00763432828296,17.00763432828296,-0.7879321227917586,83.97048512969168,84.11049896903958,4.851150781519345,23.533663905035752,74.51980533854238,88.57971421022576,14.059908871683376,14.059908871683376,-3.741541303755369,81.5147157696884,82.04903946555311,9.34858225651394,87.39599020680727,68.36025541882259,99.35062821071875,30.990372791896164,30.990372791896164,6.762896838877083,-67.5147157696884,68.15887936042243,9.348582256513943,87.39599020680733,-85.35062821071877,-54.36025541882259,30.990372791896178,30.990372791896178,-6.762896838877083,HIGH_RISK
462,SYNTHETIC,4620000,4629000,9000,51.1706316324607,51.53346209212163,6.104438838677167,37.264173535150235,40.63242967811338,59.47812220955628,18.8456925314429,18.8456925314429,11.92974021224633,225978.06690908386,226540.31458455208,15950.78079911546,254427408.10143048,204565.49547936968,246742.13986080908,42176.6443814394,42176.6443814394,-32969.99924992747,75.11287439849465,75.22177392107302,4.046155141487889,16.37137142898888,70.17667712740692,81.58246579269834,11.405788665291425,11.405788665291425,-7.514620600576393,76.15225152447292,76.30345769381363,4.801275224876831,23.05224378501607,70.35906821273578,87.76339991716974,17.404331704433957,17.404331704433957,-0.7467499585822992,77.53242613781173,77.8541016885706,7.06993966870005,49.98404691905857,67.01392753741763,86.84454449150812,19.830616954090488,19.830616954090488,-12.670027482725814,-63.532426137811726,63.92459008766158,7.06993966870005,49.984046919058564,-72.84454449150812,-53.01392753741763,19.830616954090488,19.830616954090488,12.670027482725814,HIGH_RISK
463,SYNTHETIC,4630000,4639000,9000,48.16408402296555,48.40994689526058,4.872778327675629,23.743968630665304,42.19450387642578,58.18780743096752,15.99330355454174,15.99330355454174,3.7796003453972133,221862.04901111344,222333.88793211666,14477.186591368552,209588931.6013014,205744.55726245733,244293.24261788567,38548.685355428344,38548.685355428344,20809.830992716947,79.4784382280077,79.57433928509778,3.9055511130464886,15.253329496618665,74.75171241020722,86.38282284525519,11.631110435047972,11.631110435047972,5.863994170943869,81.57977756949258,81.74527414244628,5.199013015545253,27.029736335808945,74.12128746977005,89.86901564884099,15.747728179070933,15.747728179070933,8.918055304547408,84.4824094914667,84.90947929513396,8.505419489179737,72.3421606869185,68.7755323738647,95.44172809813396,26.666195724269258,26.666195724269258,-12.549753358372513,-70.4824094914667,70.99374767125423,8.505419489179735,72.34216068691845,-81.44172809813396,-54.77553237386471,26.66619572426925,26.66619572426925,12.549753358372513,HIGH_RISK
464,SYNTHETIC,4640000,4649000,9000,51.98236843100615,52.344265928182516,6.144554325858332,37.75554786342433,40.55744081735336,59.985666530940826,19.428225713587466,19.428225713587466,-16.348925888779647,224518.21179589783,224942.4900996996,13809.287607469483,190696424.22581026,202590.07410878196,243663.2805399757,41073.20643119374,41073.20643119374,5027.548390817916,81.18005019925562,81.39144609143968,5.862332854936446,34.36694650206731,73.26538331144403,89.86133782225593,16.595954510811907,16.595954510811907,-13.729588544200965,79.19589549691227,79.52857605556417,7.26667364533498,52.80454586780596,70.54551711411061,89.59696450324392,19.051447389133315,19.051447389133315,4.581332576359728,85.81947928155475,86.36166243794025,9.661972618856632,93.3537148875353,72.52828499524426,99.2781950892223,26.74991009397803,26.74991009397803,22.496277110572038,-71.81947928155475,72.46648410928466,9.661972618856632,93.35371488753528,-85.2781950892223,-58.52828499524426,26.74991009397803,26.74991009397803,-22.496277110572038,HIGH_RISK
465,SYNTHETIC,4650000,4659000,9000,50.10037435426395,50.346753846324134,4.974747473486974,24.74811242496503,41.98104359532435,58.83032229598602,16.84927870066167,16.84927870066167,9.449441912575622,223865.26563058514,224280.95413725212,13648.781369182736,186289232.86374974,206214.63529742023,242426.4612883787,36211.82599095846,36211.82599095846,1852.2820290733944,81.30701399246338,81.4534482492156,4.881977807918171,23.833707317005505,71.36860359475922,86.53734632784312,15.168742733083903,15.168742733083903,-0.04988559758236022,79.99353363473982,80.15837521367203,5.138063207433274,26.399693523579504,70.26363717484996,87.22989291477303,16.96625573992307,16.96625573992307,11.478172656353863,86.57416018512339,87.16059000746858,10.093722736960427,101.88323869063187,69.60716062429195,99.7985132413976,30.19135261710565,30.19135261710565,-27.085796880699775,-72.57416018512339,73.27272320083769,10.093722736960427,101.88323869063188,-85.79851324139761,-55.60716062429195,30.191352617105665,30.191352617105665,27.08579688069978,HIGH_RISK
466,SYNTHETIC,4660000,4669000,9000,51.585128756130736,51.91885830666311,5.877273099046526,34.54233908077596,44.93040703253344,59.82265778636392,14.892250753830481,14.892250753830481,1.0264808204597884,224920.29606922617,225246.11555871565,12110.86249702816,146672990.42192316,208765.22619328715,248536.0428589879,39770.81666570075,39770.81666570075,1133.9807854675746,81.53963642347797,81.67104551212199,4.631130204402065,21.447366970125113,71.20762552112475,87.42366099944229,16.216035478317536,16.216035478317536,-2.4969581915818395,81.41478569350303,81.56453520770593,4.940250411676625,24.40607413007106,70.78556527892428,89.50975084042213,18.724185561497848,18.724185561497848,-13.432447040892285,79.13218477930992,79.53110148911097,7.955717197363081,63.293436124418676,67.58645412720023,91.2699696859416,23.683515558741377,23.683515558741377,-6.219735076479594,-65.13218477930992,65.61627031651975,7.95571719736308,63.29343612441865,-77.26996968594159,-53.58645412720023,23.683515558741362,23.683515558741362,6.219735076479594,HIGH_RISK
467,SYNTHETIC,4670000,4679000,9000,50.79551932200441,51.18921224326227,6.336455388750723,40.15066689362808,40.31577733311572,59.87838881923684,19.56261148612112,19.56261148612112,-7.91818395388033,219174.99126076285,219565.34380461564,13086.76453076118,171263405.88358888,204391.33780550573,243445.96442529088,39054.62661978515,39054.62661978515,6837.421624376526,78.57137197482888,78.6511846956852,3.542366444604844,12.548360027862364,73.03322461149183,84.85791098151692,11.824686370025091,11.824686370025091,6.999101162028467,78.92957253934472,79.139868855623,5.765537376648293,33.24142124152848,71.89287103179356,89.41864023074672,17.525769198953157,17.525769198953157,-0.25579800914755424,84.92625666607434,85.67522149332716,11.303738612456145,127.77450661873199,68.38130935051963,98.34129517538344,29.959985824863807,29.959985824863807,6.454263152380165,-70.92625666607434,71.8213644487529,11.303738612456145,127.77450661873199,-84.34129517538344,-54.38130935051963,29.959985824863807,29.959985824863807,-6.454263152380165,HIGH_RISK
468,SYNTHETIC,4680000,4689000,9000,50.9770191914681,51.20858758648755,4.864458547018388,23.662956955660245,41.48529963279628,59.20029728787439,17.714997655078115,17.714997655078115,-1.4136290821748716,232137.70534880398,232551.5419122853,13867.422297357429,192305401.17324597,205410.83273330025,248503.88375934557,43093.051026045316,43093.051026045316,9645.833983746765,80.8684887280854,81.02996091669122,5.112934284345302,26.142096996033608,72.89237830732151,88.76647050267704,15.87409219535553,15.87409219535553,1.2182770152111573,81.15270632818616,81.3822558941717,6.108177308790252,37.309830035620124,70.41004320507037,89.22729931251915,18.817256107448785,18.817256107448785,-6.838459417183543,87.00609267473052,87.24886946085556,6.5042339805405724,42.305059673618665,74.17340553289013,96.08487249448628,21.911466961596147,21.911466961596147,3.9984491478066104,-73.00609267473052,73.29525651298971,6.504233980540574,42.30505967361868,-82.08487249448629,-60.17340553289013,21.91146696159616,21.91146696159616,-3.9984491478066104,HIGH_RISK
469,SYNTHETIC,4690000,4699000,9000,51.80642835171907,52.05990911975097,5.131093352778508,26.328118994927785,43.33916034048044,58.73881786512202,15.399657524641583,15.399657524641583,-5.284413334899163,225135.07154537016,225443.63476568245,11791.183851652992,139032016.6234823,207445.2968141785,242977.2884053228,35531.991591144295,35531.991591144295,13642.839872532699,80.03196409175328,80.24392738631535,5.828602405084947,33.972605996562024,70.54393464417964,88.22903746050687,17.68510281632723,17.68510281632723,4.040058143954525,80.94050599856212,81.02022552081264,3.593248132271114,12.911432140069849,72.85779226682928,84.78910102927532,11.931308762446037,11.931308762446037,-0.9595488563891195,81.89461808121308,82.83389567191178,12.438882647465217,154.7258015174113,67.08909206062845,99.97259016837538,32.88349810774693,32.88349810774693,-0.7282583147117663,-67.89461808121308,69.02466925607973,12.43888264746522,154.72580151741136,-85.97259016837538,-53.089092060628445,32.88349810774693,32.88349810774693,0.7282583147117663,HIGH_RISK
470,SYNTHETIC,4700000,4709000,9000,53.892289972757325,54.10624911346856,4.80700266496258,23.107274620957348,42.38148370143036,59.44650356488106,17.0650198634507,17.0650198634507,-5.336464156433912,224698.37428379073,225093.28615844424,13327.718027807743,177628067.8287515,208053.45941869545,242595.3022219849,34541.842803289444,34541.842803289444,32564.014295292436,78.79138992069716,78.95399795375997,5.064648778246699,25.650667246995784,71.51216996554679,88.4331106447302,16.920940679183417,16.920940679183417,-0.9834360850388748,78.60246368169992,78.77140899160754,5.156314351371057,26.587577690155126,72.49632400678885,86.99511935923451,14.498795352445654,14.498795352445654,7.634420856269742,79.43926783346137,79.97136752699322,9.209905006079849,84.82235022101464,67.46961277400264,96.39820384307994,28.9285910690773,28.9285910690773,-5.868943451899838,-65.43926783346137,66.0841896734802,9.209905006079849,84.82235022101464,-82.39820384307994,-53.46961277400264,28.9285910690773,28.9285910690773,5.868943451899831,HIGH_RISK
471,SYNTHETIC,4710000,4719000,9000,51.03339435912581,51.408630894494515,6.199999244542094,38.43999063232254,40.33168477880544,59.84549500991159,19.51381023110615,19.51381023110615,-17.079668929806452,226874.8224971815,227072.69379661884,9477.509426289625,89823184.92540869,211093.9822061812,240745.7760169478,29651.793810766627,29651.793810766627,-14137.217955038388,80.38139283921154,80.51381276927437,4.615813240819046,21.30573187412042,71.67603657360341,89.48466101549302,17.808624441889606,17.808624441889606,-2.6986843339266073,79.76928195985792,79.97725548742031,5.7639440410873855,33.22305090878678,71.47234570232926,88.65066557935484,17.178319877025572,17.178319877025572,-5.470590772702295,87.81860265221243,88.10050274122308,7.042131173805466,49.59161146908275,75.41117264075905,97.76191859491692,22.350745954157873,22.350745954157873,-18.82678310111983,-73.81860265221243,74.15374372878493,7.042131173805467,49.59161146908277,-83.76191859491692,-61.41117264075905,22.350745954157873,22.350745954157873,18.826783101119844,HIGH_RISK
472,SYNTHETIC,4720000,4729000,9000,48.89090771813615,49.13627388584605,4.904340310538388,24.052553881571775,40.6357517512973,59.71365014757176,19.077898396274463,19.077898396274463,4.2331338859908385,228515.43087470141,229090.57181072037,16223.06828908729,263187944.71238962,200556.80342081387,248117.43553660737,47560.6321157935,47560.6321157935,-24495.20614691195,80.88154185549858,81.06434052742671,5.440909135781194,29.60349222382726,73.51533396513888,89.18534492504568,15.670010959906804,15.670010959906804,7.355915760330461,78.99650233827572,79.23813560461655,6.1834256213200085,38.23475241439674,71.36577444511542,89.20427113785172,17.8384966927363,17.8384966927363,-9.260544490199962,80.4744732068731,80.830232920709,7.5753360382448935,57.38571609233183,71.49220863925981,95.28441429381203,23.79220565455222,23.79220565455222,-11.349452214036873,-66.4744732068731,66.90471810136877,7.575336038244896,57.38571609233188,-81.28441429381205,-57.492208639259815,23.792205654552234,23.792205654552234,11.349452214036873,HIGH_RISK
473,SYNTHETIC,4730000,4739000,9000,51.77728909728889,51.96796684980156,4.447686166743615,19.781912237842512,45.42727221671616,56.62074623612946,11.193474019413301,11.193474019413301,-9.774565421689516,224919.63185445187,225667.27652323313,18354.261082135654,336878899.8711994,201614.8953282477,247427.98007069956,45813.08474245187,45813.08474245187,20239.789565669547,77.31850609247324,77.58017205629656,6.366452066320462,40.53171191275608,70.11248066234317,89.31584465864118,19.20336399629801,19.20336399629801,3.2846227569645663,78.69878003298948,78.89595683701276,5.574408179073318,31.07402654691951,71.42834584216982,88.9492663734889,17.520920531319078,17.520920531319078,-4.385414350110082,82.12577640179352,82.64600744153135,9.258477003712386,85.71939642827107,66.38840729980897,94.77195728719136,28.38354998738238,28.38354998738238,-18.782230959165986,-68.12577640179352,68.75202401948206,9.25847700371239,85.71939642827114,-80.77195728719137,-52.388407299808975,28.383549987382395,28.383549987382395,18.782230959166,HIGH_RISK
474,SYNTHETIC,4740000,4749000,9000,49.543794986759075,50.00301320807499,6.761191329707206,45.713708196907895,42.92975387919825,59.96237450950798,17.03262063030973,17.03262063030973,5.476973235176786,229012.23827864547,229340.8658719434,12273.038641577039,150627477.49764317,200086.8653500542,246180.20988546417,46093.34453540997,46093.34453540997,4700.9344780766405,81.50259636149922,81.61988382231874,4.374039494945576,19.132221503343747,74.29514867760959,88.5022391550887,14.207090477479113,14.207090477479113,-6.289261703316939,79.9470369608938,80.11311050546598,5.155749803324939,26.581756034485146,71.74210877353447,87.15857897403144,15.416470200496974,15.416470200496974,-3.3161570386084662,80.19510659694174,80.74893181300993,9.441126354798971,89.13486684727971,67.38082432003074,93.81550157817486,26.43467725814412,26.43467725814412,-16.759003498044763,-66.19510659694173,66.86499087136525,9.441126354798971,89.1348668472797,-79.81550157817486,-53.38082432003074,26.43467725814412,26.43467725814412,16.759003498044763,HIGH_RISK
475,SYNTHETIC,4750000,4759000,9000,49.819548530055116,50.17557638125017,5.966661499712627,35.601049452152935,40.87428671839275,59.65511547143561,18.780828753042854,18.780828753042854,-8.730185506381872,233041.98612291453,233450.63099412824,13806.875658306932,190629815.44394848,201804.8454291133,247412.2611992362,45607.4157701229,45607.4157701229,-6886.399981508846,80.55037635275895,80.65402720325278,4.087661132228375,16.70897353193056,74.58641191194559,87.52394881761761,12.937536905672019,12.937536905672019,-8.45610542321657,81.55077789874528,81.77939045777941,6.110591440724821,37.33932775545944,71.32308154219137,89.56951700757465,18.24643546538327,18.24643546538327,-3.491693032051103,79.77044573030302,80.39627318224149,10.011829482286494,100.23672958238106,68.71506094586216,95.94156703959086,27.226506093728702,27.226506093728702,14.732082030496812,-65.77044573030302,66.52810128919295,10.011829482286494,100.23672958238106,-81.94156703959086,-54.71506094586216,27.226506093728702,27.226506093728702,-14.732082030496812,HIGH_RISK
476,SYNTHETIC,4760000,4769000,9000,50.258724865856315,50.82266468135302,7.550087428063577,57.003820171403675,41.81252440604518,59.680311614498095,17.867787208452917,17.867787208452917,13.856733948778476,225014.0681129194,225476.59002918375,14434.742895634914,208361802.4630826,203720.81696782864,249022.1312670677,45301.31429923908,45301.31429923908,11832.801737582631,83.84419156634127,83.93157236144803,3.82888752141624,14.660379651656996,77.1932224069016,89.57492758899642,12.38170518209482,12.38170518209482,-1.6194544417016061,79.66614405726433,79.7927900787801,4.493866887601096,20.19483960347756,74.89610496670873,88.42060324633155,13.524498279622819,13.524498279622819,7.318055711883488,80.77892995042292,81.67970203044433,12.097032687681683,146.3381998468391,66.8800053405249,99.07932852755968,32.19932318703478,32.19932318703478,-0.04891892154142852,-66.77892995042292,67.8657769805248,12.09703268768168,146.33819984683902,-85.07932852755968,-52.8800053405249,32.19932318703478,32.19932318703478,0.04891892154142852,HIGH_RISK
477,SYNTHETIC,4770000,4779000,9000,52.389288410185294,52.677371284482334,5.501627515347522,30.267905317628948,41.6535184802646,58.16084224573166,16.507323765467056,16.507323765467056,14.072241492756106,220452.17719851327,220897.94947786562,14026.462560495333,196741651.9609773,200028.8920387974,249595.7302154969,49566.8381766995,49566.8381766995,-27741.908957560663,77.39529024259286,77.53166242495205,4.596490687636898,21.127726641532725,70.38835367047636,83.59766871626272,13.209315045786354,13.209315045786354,7.576294991314725,74.53155500307017,74.61609299266597,3.550865009332406,12.608642314501228,70.31847382307427,82.84370884734916,12.525235024274892,12.525235024274892,3.920325354259745,80.28613163637485,81.17310401684591,11.967033157653361,143.209882596375,67.6399382862028,98.10551038308152,30.465572096878716,30.465572096878716,-22.242559676972945,-66.28613163637485,67.35771024842805,11.967033157653361,143.209882596375,-84.10551038308152,-53.639938286202806,30.465572096878716,30.465572096878716,22.242559676972945,HIGH_RISK
478,SYNTHETIC,4780000,4789000,9000,51.65707979730085,51.8702516230456,4.697777160887585,22.069110253357024,45.28417565756157,59.84679628157677,14.562620624015203,14.562620624015203,-5.723845943254624,231755.5300828224,232021.4305087902,11104.885923563652,123318491.37536216,210622.2829735728,247094.00911484487,36471.72614127208,36471.72614127208,21193.257162073016,78.55005056113518,78.76772371136329,5.851824972841495,34.24385551277137,70.2184675705584,89.40683399289335,19.18836642233495,19.18836642233495,8.253598825187922,79.83688564504334,80.12328680676221,6.76851381168327,45.8127792189472,70.7332809191031,89.91817544843072,19.18489452932762,19.18489452932762,-12.700429651110497,81.85057100875804,82.13618809238845,6.843786955222247,46.837419888470194,70.97865163693514,91.82361393566664,20.844962298731502,20.844962298731502,5.82063471314936,-67.85057100875804,68.19484882381505,6.843786955222247,46.837419888470194,-77.82361393566664,-56.97865163693514,20.844962298731502,20.844962298731502,-5.82063471314936,HIGH_RISK
479,SYNTHETIC,4790000,4799000,9000,50.09889577075871,50.35299080925282,5.052160526681139,25.52432598735505,41.70496297939716,57.80712490900932,16.10216192961216,16.10216192961216,-7.196580660246752,226983.5673380712,227384.51677273036,13497.356276375172,182178626.45140424,207254.64352399207,249584.72398581344,42330.08046182137,42330.08046182137,-10973.48480921745,79.23435921658094,79.46996568495422,6.114880661600456,37.391765505615226,70.83247617853146,89.58277067342765,18.75029449489618,18.75029449489618,-2.3072695033204695,77.9438544663712,78.12082126446698,5.255308360119547,27.6182659599424,70.12810650402932,86.34170673250362,16.213600228474306,16.213600228474306,-10.376525960738562,86.73851761232906,87.37224388807807,10.504216508311277,110.33856445347915,68.99255999086517,99.13800479282372,30.145444801958547,30.145444801958547,-23.78951033941371,-72.73851761232906,73.49306435911203,10.504216508311275,110.33856445347911,-85.13800479282371,-54.992559990865175,30.145444801958533,30.145444801958533,23.78951033941371,HIGH_RISK
480,SYNTHETIC,4800000,4809000,9000,51.52510828704801,52.1004428178338,7.721357252604345,59.61935782234572,40.9473202551082,59.943207147988616,18.995886892880414,18.995886892880414,2.16345810207919,223408.3288648096,223720.6833228963,11817.8991490342,139662740.29674324,205806.50252633152,239032.54853116968,33226.046004838165,33226.046004838165,-10693.228386374802,80.70929625416665,80.90103835552105,5.566642179864959,30.987505158651704,74.23034886110422,88.6431082722668,14.412759411162583,14.412759411162583,5.115184235270476,79.54702933882524,79.75070041014088,5.695993265105043,32.444339276122015,70.56361354783061,89.24458483531575,18.680971287485136,18.680971287485136,5.015005478639381,79.09300399477318,79.59950846745001,8.96540391407094,80.37846734243854,66.20673080054435,97.18431009267536,30.97757929213101,30.97757929213101,-6.006546771966356,-65.09300399477318,65.70751582890648,8.96540391407094,80.37846734243854,-83.18431009267536,-52.20673080054435,30.97757929213101,30.97757929213101,6.006546771966356,HIGH_RISK
481,SYNTHETIC,4810000,4819000,9000,53.91210657222605,54.15352875083214,5.107782406499269,26.089441112143465,43.59806603457693,59.993254301109005,16.395188266532074,16.395188266532074,3.9824752705559447,229180.71965524965,229709.00048526342,15569.92749631884,242422642.24062547,202771.7351214788,249522.3144150528,46750.579293574,46750.579293574,9705.300044922828,82.37005941153977,82.47024551422473,4.063829193742195,16.51470771591134,73.71741922517955,88.42752457103671,14.710105345857158,14.710105345857158,-7.792256321364036,78.41679124843499,78.62684301387725,5.743456505299566,32.9872926282679,70.37747234052632,85.96933121836494,15.591858877838618,15.591858877838618,13.172971564291203,84.17089454957052,84.9137868642308,11.207663019072964,125.61171034909569,66.45432796692356,99.73409835610045,33.27977038917689,33.27977038917689,2.9021635914110107,-70.1708945495705,71.06029940998026,11.207663019072962,125.61171034909565,-85.73409835610043,-52.45432796692356,33.279770389176875,33.279770389176875,-2.9021635914109822,HIGH_RISK
482,SYNTHETIC,4820000,4829000,9000,51.24229311563194,51.471819412192055,4.855470095981541,23.575589852970996,42.57075683534963,58.56255453593173,15.991797700582104,15.991797700582104,8.3723583928223,213728.10797525366,214040.34182677855,11556.980169686283,133563790.642522,200401.1692601473,235965.5749994472,35564.405739299924,35564.405739299924,21034.36744705512,79.24171881050431,79.42540553543498,5.398615046960721,29.145044425270704,70.68035846909233,89.2601232003152,18.57976473122288,18.57976473122288,-5.653569745663518,78.90438103154608,79.06294837494093,5.004843630640725,25.04845976716503,70.99759405554553,88.26911795507021,17.27152389952468,17.27152389952468,-10.834735635268217,82.23694262719465,82.8925620822696,10.404908259778862,108.2621158944144,70.49238137902242,97.64591601849608,27.153534639473662,27.153534639473662,7.108534503032544,-68.23694262719465,69.02566519057581,10.404908259778857,108.2621158944143,-83.64591601849607,-56.49238137902242,27.153534639473648,27.153534639473648,-7.10853450303253,HIGH_RISK
483,SYNTHETIC,4830000,4839000,9000,50.30635711764812,50.68100410172221,6.150984499284577,37.83461031043913,41.68927356768763,59.09030068825041,17.40102712056278,17.40102712056278,11.632440970315066,229192.47433785239,229620.55986735545,14014.678758025277,196411220.6906449,202280.56366672093,248936.3287260941,46655.76505937317,46655.76505937317,46655.76505937317,79.8774000937199,80.15684007194632,6.6872987511682025,44.719964587375806,70.23138883021163,89.23463530488934,19.00324647467771,19.00324647467771,-5.160275325820322,77.45774629722017,77.60294549155466,4.74496443829429,22.514687520677448,70.12816145175223,85.70616540621403,15.578003954461792,15.578003954461792,-3.3347719525187074,79.27626529952968,79.87969259215242,9.799951468010182,96.03904877535491,66.35105272029003,94.31905812558986,27.968005405299834,27.968005405299834,-2.0026489732607615,-65.27626529952968,66.00780151035133,9.799951468010184,96.03904877535496,-80.31905812558986,-52.35105272029003,27.968005405299834,27.968005405299834,2.0026489732607615,HIGH_RISK
484,SYNTHETIC,4840000,4849000,9000,48.52214441069666,48.70729975546015,4.242941344839263,18.002551255746415,41.87363064763973,53.73168694357793,11.858056295938198,11.858056295938198,-3.2171492539053546,225441.94647048257,225960.59564475552,15300.965843135791,234119555.73280817,201222.45698718625,249425.87139634215,48203.4144091559,48203.4144091559,-22765.274606416962,83.31542654953142,83.3807135115062,3.298952039285456,10.88308455750567,74.86094182847022,87.59656162088831,12.735619792418092,12.735619792418092,6.345688698321553,78.85475306808358,79.02038104906151,5.1135642863311634,26.148539710441543,70.83055508792653,87.80249805903397,16.97194297110744,16.97194297110744,-9.518107665649353,83.18903293481226,83.65898266085662,8.854952242684758,78.41017922022785,68.44736035798893,97.33352538832406,28.886165030335135,28.886165030335135,-9.766082660453023,-69.18903293481226,69.75336879086747,8.854952242684758,78.41017922022785,-83.33352538832406,-54.44736035798893,28.886165030335135,28.886165030335135,9.766082660453023,HIGH_RISK
485,SYNTHETIC,4850000,4859000,9000,48.35815646344857,48.66529099374551,5.458869018629616,29.79925096255427,40.88867113781446,56.50591799963863,15.61724686182417,15.61724686182417,-6.245912746826818,228610.8684819208,229139.78147046917,15559.892810565732,242110264.27629519,207164.9372451079,247641.8964256729,40476.959180565,40476.959180565,2373.3923290960665,78.90859301714082,79.0076829694491,3.955744715753445,15.647916256211303,72.31169158632107,86.62799079108305,14.316299204761975,14.316299204761975,-0.26167488543886464,78.65269414835342,78.84825224798675,5.5498275439619285,30.800585767718495,70.12970992048406,89.82660285216869,19.69689293168463,19.69689293168463,19.69689293168463,84.64956456170962,85.1217074702483,8.953005202918225,80.15630216348082,69.64992006999407,97.23140783186868,27.581487761874612,27.581487761874612,-20.491036997895364,-70.64956456170962,71.21458611073055,8.953005202918224,80.15630216348079,-83.23140783186867,-55.64992006999407,27.581487761874598,27.581487761874598,20.491036997895364,HIGH_RISK
486,SYNTHETIC,4860000,4869000,9000,46.50145568819389,46.888117705195626,6.0091763840995185,36.110200815219365,40.37782621782452,59.926259846656734,19.548433628832214,19.548433628832214,13.468674551789093,226598.81643532793,226952.16525229972,12659.451126163667,160261702.81572655,206872.17931753857,243404.9753202784,36532.79600273984,36532.79600273984,-7918.737770708074,82.85244207321527,83.02865578788959,5.406526098000349,29.230524448358874,70.68451949332298,88.992314559203,18.307795065880015,18.307795065880015,-3.5405806426990267,80.57280652178174,80.80269697120302,6.090869151737317,37.098687023585256,70.65446079955125,89.67366965929142,19.019208859740175,19.019208859740175,11.063352412553058,81.27201794639248,81.63277087779649,7.666053750664377,58.76838010807536,71.3766349832798,94.20333118196058,22.82669619868078,22.82669619868078,-12.751670747627855,-67.27201794639248,67.70740564139072,7.666053750664377,58.76838010807536,-80.20333118196058,-57.3766349832798,22.82669619868078,22.82669619868078,12.751670747627855,HIGH_RISK
487,SYNTHETIC,4870000,4879000,9000,50.023423555079525,50.2854065468248,5.126324941765358,26.2792074085656,44.30405473627907,58.56559331804368,14.261538581764611,14.261538581764611,-2.403764682802276,231386.07067149956,231785.8527584089,13607.638962972858,185167838.14661705,207637.8132641873,246745.5810783015,39107.767814114195,39107.767814114195,-3756.7362813263608,82.17446796953276,82.41199413245849,6.252486770286422,39.093590812606735,72.43517091226379,89.84833186131166,17.413160949047878,17.413160949047878,-10.342961874073893,84.12873368904332,84.2678137663342,4.839483943108917,23.420604835609026,74.21540486383297,89.87378807841144,15.658383214578464,15.658383214578464,9.368936335813814,85.27665175682475,85.90149261780206,10.342103224757695,106.9590991115435,69.05100127192559,99.58621270988056,30.53521143795497,30.53521143795497,-0.21534660271555595,-71.27665175682475,72.02305314810813,10.342103224757691,106.95909911154345,-85.58621270988056,-55.05100127192559,30.535211437954963,30.535211437954963,0.21534660271556305,HIGH_RISK
488,SYNTHETIC,4880000,4889000,9000,48.92693162657622,49.11087040290716,4.246522499584536,18.032953339477693,40.6805647721587,55.98572163528648,15.305156863127785,15.305156863127785,3.989235409296036,230287.0783596172,230587.8951566808,11774.503530083359,138638933.37994546,210398.6753713856,244394.10819472445,33995.432823338866,33995.432823338866,6872.185004695959,78.09394615308786,78.292058822688,5.5661520760626235,30.982048933856255,71.38964009088257,89.02551426583943,17.635874174956868,17.635874174956868,-2.6272200424582905,78.33387179626382,78.46682872935314,4.565932571572233,20.847740248144227,72.41426739830061,86.11850469749379,13.704237299193181,13.704237299193181,-4.074759614056205,85.61387384925453,86.28965827959608,10.77820627625002,116.1697305333953,67.56989916809803,98.20151876295836,30.631619594860325,30.631619594860325,-11.357726097449302,-71.61387384925453,72.42041603187832,10.778206276250023,116.16973053339538,-84.20151876295837,-53.56989916809803,30.63161959486034,30.63161959486034,11.357726097449302,HIGH_RISK
489,SYNTHETIC,4890000,4899000,9000,49.2534674977865,49.5234222772439,5.1638448364281775,26.665293494705953,40.39930668141264,57.1348340160761,16.73552733466346,16.73552733466346,-11.551030553839404,230524.77840160212,231151.6095573545,17011.559124545634,289393143.8479118,202127.17055164004,248630.6616712412,46503.49111960115,46503.49111960115,33222.333365962,77.34465500781786,77.43680275136461,3.776607217514713,14.262762075384225,72.18244823164383,82.6736182393307,10.491170007686861,10.491170007686861,-1.6655109806529396,80.06939493838124,80.23956604738878,5.223021508168785,27.279953674793738,72.51141843793101,89.51724846118842,17.005830023257403,17.005830023257403,-7.9388823674727576,85.45428365790823,86.00980243441181,9.759688484798628,95.25151932031093,67.00829644028401,97.79935794740334,30.791061507119323,30.791061507119323,19.324001182882355,-71.45428365790823,72.11772439827205,9.759688484798628,95.25151932031096,-83.79935794740334,-53.00829644028401,30.791061507119323,30.791061507119323,-19.324001182882355,HIGH_RISK
490,SYNTHETIC,4900000,4909000,9000,49.58032453570826,49.90482994279182,5.681854499440951,32.283470552817384,41.1850544203043,57.31612185111428,16.131067430809985,16.131067430809985,3.07029936697991,219756.21621686307,220220.7764636313,14296.706623973856,204395820.29197794,200928.7258655796,245690.37471737916,44761.648851799575,44761.648851799575,-5430.668621091056,78.0442955371994,78.14230360246931,3.9124859619897703,15.307546402767017,72.86270215230684,86.06943879055027,13.206736638243427,13.206736638243427,4.847963495454508,80.7911660453719,81.0556613370457,6.5427611766742695,42.807723814996066,71.38855983893174,88.50433350890545,17.115773669973706,17.115773669973706,16.05616289795296,77.41493419271463,77.98978267186295,9.451675255851514,89.33416514207578,67.7978412815769,94.03366276369076,26.235821482113863,26.235821482113863,-7.923519519570178,-63.41493419271465,64.11542750234459,9.451675255851512,89.33416514207576,-80.03366276369076,-53.79784128157689,26.235821482113863,26.235821482113863,7.923519519570178,HIGH_RISK
491,SYNTHETIC,4910000,4919000,9000,48.470416229600616,48.79042502881706,5.578917907792438,31.124325021887152,40.198518413843686,56.83161901523568,16.633100601391995,16.633100601391995,8.102846077019272,225382.49880871,225826.32358000125,14151.24207980575,200257652.401265,202566.5402108557,248081.42370497767,45514.88349412198,45514.88349412198,15934.707047454518,78.23808838003951,78.49717369242555,6.372425310346859,40.60780433594927,71.41877022325825,88.28237014865817,16.863599925399924,16.863599925399924,-7.195965363716439,81.57173953965791,81.79018266549625,5.9737165089626725,35.68528892945318,74.61740919482851,89.85811435984769,15.240705165019179,15.240705165019179,-9.801414968378197,79.69693855954785,79.95528965071559,6.422330368758803,41.24632736548158,69.13557326047672,88.39851101998065,19.262937759503927,19.262937759503927,-15.334041547101094,-65.69693855954785,66.01010576769656,6.422330368758803,41.24632736548158,-74.39851101998065,-55.13557326047672,19.262937759503927,19.262937759503927,15.334041547101094,HIGH_RISK
492,SYNTHETIC,4920000,4929000,9000,49.39097044377167,49.63074460414188,4.872663397366085,23.7428485840312,40.20173901102911,58.148779407825664,17.947040396796552,17.947040396796552,-9.508541547778684,222929.828814716,223341.55406474744,13555.116993148074,183741196.6979317,200953.68029334128,246141.2609677624,45187.58067442113,45187.58067442113,21441.798619732202,80.45104778089697,80.5997452364449,4.893653352624951,23.947843135657426,71.94938870730469,88.66737472262399,16.717986015319298,16.717986015319298,-7.921150533255286,81.55534844175565,81.6964534014211,4.79954569875041,23.035638914393555,72.29658298784084,88.06096321144723,15.764380223606395,15.764380223606395,6.669128990076061,76.48743346541278,77.30445420891546,11.209422929498276,125.65116241236171,66.33504862124902,95.54220395235129,29.20715533110227,29.20715533110227,3.466655559058907,-62.48743346541278,63.48488405523594,11.209422929498277,125.65116241236176,-81.54220395235129,-52.335048621249015,29.20715533110227,29.20715533110227,-3.466655559058907,HIGH_RISK
493,SYNTHETIC,4930000,4939000,9000,53.12472715258461,53.39158433376432,5.331476590298948,28.424642632905698,43.44999793926335,59.53848161148719,16.088483672223845,16.088483672223845,-10.57585260496019,218464.4716260812,218885.85063748053,13575.354375875695,184290246.43060738,200618.8249163681,240281.94170641224,39663.11679004415,39663.11679004415,8147.26245388668,78.11008048632462,78.2871735632466,5.262781673391564,27.69687094178611,70.99496165771687,85.54116281398366,14.54620115626679,14.54620115626679,-0.1350984799217798,81.36860316105069,81.437809909528,3.3566802766821655,11.267302479867059,76.22777207431345,86.69644205660005,10.468669982286599,10.468669982286599,-9.549789506121769,88.14782636812137,88.61128739697965,9.05101987212761,81.92096072564888,67.02245973761538,99.60165047440002,32.57919073678464,32.57919073678464,-16.737350557464225,-74.14782636812137,74.69820021822967,9.051019872127608,81.92096072564885,-85.60165047440002,-53.02245973761538,32.57919073678464,32.57919073678464,16.737350557464225,HIGH_RISK
494,SYNTHETIC,4940000,4949000,9000,51.978534973910804,52.30050862908809,5.794402887895291,33.57510482724929,41.1752286705229,58.9985321411796,17.823303470656704,17.823303470656704,-14.95171946901786,228911.06801951345,229179.46759839426,11088.34103232367,122951306.84911272,209697.69613799665,249038.6694123101,39340.97327431344,39340.97327431344,9584.657540605403,78.7270290437291,78.90263207858045,5.2612020371457975,27.680246875667088,70.12823370880322,86.91545191489618,16.78721820609296,16.78721820609296,16.78721820609296,77.94951177693005,78.16492695571944,5.799087836134188,33.6294197311995,70.56177789998931,86.7686920863161,16.206914186326784,16.206914186326784,0.4884908400101864,78.46146018813872,79.16891614487018,10.56013961548854,111.51654869861045,66.23787519336696,98.09056273108236,31.852687537715397,31.852687537715397,-24.651063380306766,-64.4614601881387,65.32071951751298,10.560139615488541,111.51654869861049,-84.09056273108237,-52.23787519336696,31.85268753771541,31.85268753771541,24.651063380306766,HIGH_RISK
495,SYNTHETIC,4950000,4959000,9000,51.74333575752862,52.23420234346172,7.144165391517858,51.03909914136152,41.34104486357828,59.67567469682001,18.334629833241728,18.334629833241728,-2.066650174658008,221844.4627406954,222243.93935369138,13319.269151851413,177402930.73946065,205606.66677625128,246999.08919118287,41392.422414931585,41392.422414931585,26403.111737422412,83.46573384801142,83.58869193210225,4.532184035629339,20.54069213281344,74.06025035679602,88.26179431432354,14.20154395752752,14.20154395752752,1.8619398281806951,78.51905384459664,78.68316332343018,5.079209971139402,25.79837393092193,70.77972538361246,89.29889695147574,18.519171567863282,18.519171567863282,4.651550049355677,81.60137295428848,82.02734033754061,8.348682220915626,69.70049482583265,67.00744186368114,94.2396496262562,27.232207762575058,27.232207762575058,-8.3726831362099,-67.6013729542885,68.1149478464943,8.348682220915626,69.70049482583266,-80.23964962625621,-53.00744186368114,27.232207762575072,27.232207762575072,8.3726831362099,HIGH_RISK
496,SYNTHETIC,4960000,4969000,9000,48.443902686488336,48.624475680091315,4.186636796503876,17.52792766584024,41.401074989416976,54.65093437787364,13.249859388456663,13.249859388456663,-9.00864004409226,218359.28959011257,218753.00705977253,13118.641217528506,172098747.39423782,200866.5566435668,247405.179444794,46538.622801227204,46538.622801227204,-3138.2735905090813,77.06741012132211,77.15947870447701,3.7682159092305785,14.199451138578434,70.46494505420664,80.94502160987135,10.48007655566471,10.48007655566471,-1.545385290537368,80.76986605115552,80.85268061445863,3.6585107109381823,13.384700622049403,74.02615931533983,86.34994187291514,12.323782557575313,12.323782557575313,0.7768324421821262,83.83868112545538,84.36701581804263,9.427030560365612,88.8689051860672,67.15275563156467,96.6680508096563,29.51529517809162,29.51529517809162,2.804947175910783,-69.83868112545538,70.4720532305474,9.427030560365612,88.8689051860672,-82.6680508096563,-53.15275563156467,29.51529517809162,29.51529517809162,-2.804947175910783,HIGH_RISK
497,SYNTHETIC,4970000,4979000,9000,52.04247982672324,52.311592096480126,5.299335916284836,28.08296115362644,42.00562847314925,59.75875927840619,17.753130805256937,17.753130805256937,-3.058241331277415,215749.84841453758,216125.4605467496,12736.46754986035,162217605.64864573,201288.20455604544,240805.2775372826,39517.07298123717,39517.07298123717,-10106.775907587697,77.03449329440306,77.24893880308947,5.751990010251604,33.08538907803425,70.53905942454402,88.34377754041184,17.804718115867814,17.804718115867814,-0.1373195445882942,80.92567267058807,81.174561446566,6.351765806069525,40.344928855154045,72.36072706389952,88.68807571096602,16.3273486470665,16.3273486470665,-1.429204535119112,84.91154828806432,85.323554845279,8.374842013975918,70.13797875905621,70.77377999056787,97.01381807058344,26.240038080015566,26.240038080015566,10.506383721483331,-70.91154828806432,71.40438123371376,8.374842013975917,70.13797875905618,-83.01381807058345,-56.773779990567874,26.24003808001558,26.24003808001558,-10.506383721483317,HIGH_RISK
498,SYNTHETIC,4980000,4989000,9000,51.48318916714059,51.755705399826056,5.304175205816897,28.13427461400272,42.364440637138216,59.94658864192138,17.582148004783164,17.582148004783164,-17.582148004783164,218260.15932231574,218812.48100064334,15537.203553222082,241404694.25425687,201330.92599469092,248574.98008909615,47244.05409440523,47244.05409440523,-20171.563094244426,81.60231305945376,81.81698727374356,5.922998387541623,35.081909898820676,71.2573551949324,88.32564345683818,17.068288261905778,17.068288261905778,-11.4379613199972,81.62255271088443,81.75728246878607,4.691708179305807,22.012125639765006,74.59319093179988,88.6918984255713,14.098707493771414,14.098707493771414,9.840189120055811,83.4753713496718,83.98160602611698,9.207199832756826,84.77252876031733,67.58855984733184,99.97032087101022,32.38176102367838,32.38176102367838,-9.964255712065167,-69.4753713496718,70.08280640025139,9.207199832756826,84.77252876031731,-85.97032087101022,-53.58855984733184,32.38176102367838,32.38176102367838,9.964255712065174,HIGH_RISK
499,SYNTHETIC,4990000,4999000,9000,51.778761353575625,52.094236191615174,5.724449063207046,32.769317077252026,42.980166454351455,58.21549479568387,15.235328341332412,15.235328341332412,0.8914455107997554,219833.04817044386,220265.45425161728,13794.972590136458,190301268.76261616,200968.8868872806,248481.3353836029,47512.44849632232,47512.44849632232,18006.91193724374,79.66318594181907,79.88594040702795,5.961566934487905,35.54028031437952,70.20218667412053,86.95657895192124,16.75439227780072,16.75439227780072,3.963166815781534,81.46067289359601,81.6011070468761,4.785336247149452,22.899442998282403,72.98171445567455,88.57412332959346,15.592408873918913,15.592408873918913,-5.17816645169485,79.80950030709072,80.47661025190523,10.340621759330684,106.92845836954322,66.43045017195243,99.08435621187142,32.65390603991899,32.65390603991899,-11.293193412709925,-65.80950030709072,66.61695571728356,10.340621759330684,106.92845836954322,-85.08435621187142,-52.43045017195243,32.65390603991899,32.65390603991899,11.293193412709925,HIGH_RISK
