timestamp,vibration,rpm,object_temperature_c,room_temperature_c,distance_cm,belt_height_from_ground_cm,status,data_source
1501000,15.117586965553741,146350.12872590014,47.350714789224355,47.79856278967867,30.40706225459082,-16.40706225459082,WARNING_1,SYNTHETIC
2586000,26.126467746010228,187763.79705033754,50.6902199083937,54.77552535295913,53.3365971705258,-39.3365971705258,WARNING_2,SYNTHETIC
2653000,21.522467502973992,185630.40480173632,56.68609472681098,53.879660548790206,52.155279408016604,-38.155279408016604,WARNING_2,SYNTHETIC
1055000,12.819386773540215,131912.23403869176,43.88996578502429,45.927661254723866,42.92114405278998,-28.921144052789977,WARNING_1,SYNTHETIC
705000,5.941106670846585,129732.57493726461,34.68405319615673,31.53100375803377,1.0314284658896236,12.968571534110376,NORMAL,SYNTHETIC
106000,4.954381218865341,112314.08334618859,37.13586609907417,33.31474323659124,2.193602875129744,11.806397124870255,NORMAL,SYNTHETIC
589000,1.2184435598274383,113395.99947545415,34.02370883172184,32.925945898491236,2.6739439375037617,11.326056062496239,NORMAL,SYNTHETIC
2468000,24.732677146451323,188159.06658672835,52.54762081777341,51.55749996736764,49.07955494843401,-35.07955494843401,WARNING_2,SYNTHETIC
2413000,25.230683541331835,185554.30712954502,59.495660254445646,52.80332072691309,53.733022029605465,-39.733022029605465,WARNING_2,SYNTHETIC
1600000,15.363398641841965,130872.23521079274,49.98171470606566,45.409752500234696,25.807236155901276,-11.807236155901276,WARNING_1,SYNTHETIC
2464000,22.583561593826584,188737.0803092941,58.44598431566197,56.8081443749914,53.69697662064767,-39.69697662064767,WARNING_2,SYNTHETIC
228000,6.578980982793549,128710.8388768531,30.387513315284295,36.480939302815166,1.7586463219248565,12.241353678075143,NORMAL,SYNTHETIC
915000,9.386392368358237,114055.80905218318,31.549851781060568,33.04911345284916,2.481726325345607,11.518273674654393,NORMAL,SYNTHETIC
794000,1.262545976877338,128195.93245466467,38.46598216287817,35.62329494417744,1.084328158247746,12.915671841752253,NORMAL,SYNTHETIC
3021000,39.02296465859585,197396.06367033234,60.45263570109881,68.34063735525812,60.698980850920506,-46.698980850920506,WARNING_3,SYNTHETIC
3543000,35.45536777529604,198936.3142776522,63.54856385802683,65.45250100987103,61.67282148626274,-47.67282148626274,WARNING_3,SYNTHETIC
1073000,15.10676350312512,139150.2636874099,45.34531238063783,44.546348623015604,32.13790462456357,-18.137904624563568,WARNING_1,SYNTHETIC
3351000,35.831384263347424,194929.53811628578,65.53568712895577,67.78197823089299,56.47294874012778,-42.47294874012778,WARNING_3,SYNTHETIC
1744000,16.832602468757937,134744.0066435293,47.889108884589234,45.71665280177004,37.56937978591181,-23.569379785911813,WARNING_1,SYNTHETIC
1084000,19.3374448906366,134788.99683113984,46.3625655362129,41.34661494471573,4.1536838416446855,9.846316158355314,WARNING_1,SYNTHETIC
926000,2.410745819843871,117044.24987130248,36.84000103561056,35.36615093529452,0.805113754230079,13.19488624576992,NORMAL,SYNTHETIC
3049000,39.80130781041477,197725.8728383815,60.26621649840176,65.15849575717559,61.75948464230913,-47.75948464230913,WARNING_3,SYNTHETIC
1117000,17.69034571557963,136591.47170887137,46.93125059108304,43.400287432875174,27.452815905159873,-13.452815905159873,WARNING_1,SYNTHETIC
642000,1.4308806464448574,119364.62811387167,35.74869042027734,38.15833355326606,1.5265497051284034,12.473450294871597,NORMAL,SYNTHETIC
4767000,42.41295195778059,216046.1768290245,89.57492758899642,75.55238003995822,99.07932852755968,-85.07932852755968,HIGH_RISK,SYNTHETIC
501000,8.800345403168627,129211.7392501325,36.83014956448998,35.70509152945591,1.474060929632926,12.525939070367073,NORMAL,SYNTHETIC
4066000,49.681289271740525,200730.16370174984,87.72761817056237,79.9650486765038,85.05061715121808,-71.05061715121808,HIGH_RISK,SYNTHETIC
333000,8.574327801267868,129308.31906963472,31.38580551442463,32.42674042955027,1.5273574045978828,12.472642595402117,NORMAL,SYNTHETIC
4684000,41.48529963279628,205410.83273330022,80.47797104569568,83.22107168965272,81.13977335410439,-67.13977335410439,HIGH_RISK,SYNTHETIC
486000,5.172367540793499,129627.74202506003,37.725058060224136,36.76393776717287,2.3723262498426685,11.627673750157332,NORMAL,SYNTHETIC
1962000,15.025840607433938,158819.88061913248,46.94196107773775,47.09285401827496,9.238730445527436,4.761269554472564,WARNING_1,SYNTHETIC
393000,7.03764801292795,111196.48674634598,30.109347211106638,30.283437705713986,2.0295065586207413,11.970493441379258,NORMAL,SYNTHETIC
4842000,44.702155781877266,227537.90681467275,83.51104788885779,80.38459806978946,84.16385641797942,-70.16385641797942,HIGH_RISK,SYNTHETIC
4866000,44.123922047147715,241995.25493441627,84.40245402120011,84.51252173349384,77.12211560997827,-63.122115609978266,HIGH_RISK,SYNTHETIC
1755000,16.133939982186238,134075.11752294318,49.09910200071818,42.456510459980066,21.90811404756805,-7.9081140475680485,WARNING_1,SYNTHETIC
2515000,21.79882011334694,183532.91265607486,57.49973022120251,58.51904462572901,52.11477825560173,-38.11477825560173,WARNING_2,SYNTHETIC
3585000,36.28810384012593,190304.6512428964,69.97788291733029,63.03658164576512,62.03812786173285,-48.03812786173285,WARNING_3,SYNTHETIC
4315000,48.42962348436598,236065.28464746688,74.63725170316167,79.5939134011087,97.30692340099331,-83.30692340099331,HIGH_RISK,SYNTHETIC
4966000,52.05410474311261,231429.0626935453,80.15221439495983,79.7311872961779,67.15275563156467,-53.15275563156467,HIGH_RISK,SYNTHETIC
2099000,22.40236611216965,184326.26259619207,56.130625409603134,53.877498273511485,51.337206014780016,-37.337206014780016,WARNING_2,SYNTHETIC
3599000,36.69892511662809,197050.43999194814,64.80301480872421,63.714666453782854,60.88113124525472,-46.88113124525472,WARNING_3,SYNTHETIC
4121000,46.756770555626005,213444.8740483976,87.75141974432877,77.18395408288076,68.96173879360063,-54.96173879360063,HIGH_RISK,SYNTHETIC
29000,7.010830788533601,118062.80408238164,35.93515592442192,33.77988673197234,2.7345217054275315,11.265478294572468,NORMAL,SYNTHETIC
65000,5.871498725790364,129522.56781383415,39.30105519250124,34.46031719229891,2.4095977116329936,11.590402288367006,NORMAL,SYNTHETIC
838000,4.689597013527085,125384.85162596442,33.71711259829534,37.95027407296155,0.5443181633697471,13.455681836630253,NORMAL,SYNTHETIC
3906000,35.72343998925385,194390.09476433645,66.32324005839718,60.600908463930686,62.22606615172852,-48.22606615172852,WARNING_3,SYNTHETIC
3773000,31.274542969935993,191439.81864744707,62.366096012545384,65.49391957595385,62.317902913153105,-48.317902913153105,WARNING_3,SYNTHETIC
4635000,53.90684494704257,208104.50894674208,74.75171241020722,85.39789912602211,68.7755323738647,-54.775532373864706,HIGH_RISK,SYNTHETIC
3161000,32.5730722533823,192458.26571120747,66.38419081617361,67.43787971032904,63.84868802029664,-49.84868802029664,WARNING_3,SYNTHETIC
2659000,24.832490826349463,189941.16183074206,52.29527834519066,51.29895839662099,48.590138590938935,-34.590138590938935,WARNING_2,SYNTHETIC
4615000,44.69766075589421,214166.5756891981,84.09844656485684,84.83546964454065,82.23276978082913,-68.23276978082913,HIGH_RISK,SYNTHETIC
4628000,54.95008237315043,226526.52538117993,78.79792504712995,76.57565621992389,86.84454449150812,-72.84454449150812,HIGH_RISK,SYNTHETIC
2451000,28.963360704043566,189603.82689684266,58.38031405643398,56.354038449428884,55.12309049647106,-41.12309049647106,WARNING_2,SYNTHETIC
2846000,27.095792421506612,187692.43718778266,54.33028720453076,57.63794856870835,48.17495975184534,-34.17495975184534,WARNING_2,SYNTHETIC
1144000,13.378664625125111,160604.5006628399,48.53475653325283,46.08776312495398,5.238288039081826,8.761711960918174,WARNING_1,SYNTHETIC
3078000,36.29848866362935,191020.5253757652,68.27246255515087,62.30094314872574,56.821274500275116,-42.821274500275116,WARNING_3,SYNTHETIC
1103000,16.18259218553677,171758.2396276957,40.716787525808755,47.28462278369351,33.843986061896736,-19.843986061896736,WARNING_1,SYNTHETIC
168000,3.7908222568398955,126383.99758587961,33.27807720693986,30.766386614508814,1.7021621707632122,12.297837829236787,NORMAL,SYNTHETIC
1670000,16.19037642946882,148376.04974432068,49.92010115125812,40.76318431145937,15.063961629236625,-1.0639616292366245,WARNING_1,SYNTHETIC
2570000,25.73244531121604,188325.35272223837,56.824905192837456,53.37774921241659,55.79818872914083,-41.79818872914083,WARNING_2,SYNTHETIC
2377000,22.624959347111798,183008.32071922862,58.69063692379027,57.45218696244179,52.19575486081633,-38.19575486081633,WARNING_2,SYNTHETIC
4395000,59.9341547567053,209322.65796067045,73.22884720213906,80.80766487664299,84.1918877728772,-70.1918877728772,HIGH_RISK,SYNTHETIC
4257000,48.953945461076316,249314.13725419028,75.37100990024177,87.42574780921913,95.0582733008772,-81.0582733008772,HIGH_RISK,SYNTHETIC
3862000,34.14060420952731,190895.70992629562,60.187732472308774,69.27226775790923,64.76587060723024,-50.76587060723024,WARNING_3,SYNTHETIC
23000,8.85946586763534,120628.27623194488,32.48294247885293,35.70730606120246,2.7266357767367975,11.273364223263203,NORMAL,SYNTHETIC
2633000,26.38079396139019,181415.4327521208,54.449143624109716,51.08519769185056,54.16660265100793,-40.16660265100793,WARNING_2,SYNTHETIC
3340000,32.17093258622836,195350.15233244168,65.72634560828723,63.7325828183215,62.548635400300604,-48.548635400300604,WARNING_3,SYNTHETIC
2215000,25.665271452989753,180916.49491695702,50.79498774023135,51.95721833851254,49.278520946274895,-35.278520946274895,WARNING_2,SYNTHETIC
3682000,30.380374766889652,193559.66164639322,64.32698768884624,60.270467042260684,61.737494981264675,-47.737494981264675,WARNING_3,SYNTHETIC
4724000,50.8369061796963,212098.1675983636,89.18534492504568,89.16667413836669,79.16209326990936,-65.16209326990936,HIGH_RISK,SYNTHETIC
1907000,16.27293466826704,170422.66212523053,48.305901029575224,48.15390058320225,36.892048904879815,-22.892048904879815,WARNING_1,SYNTHETIC
84000,1.1998662435779721,129564.08861529123,36.748127524058695,37.60952979517004,1.7123974665324817,12.287602533467519,NORMAL,SYNTHETIC
227000,5.885742772476058,119521.83513357321,30.67155677734973,31.94837686481392,0.6940814284809185,13.305918571519081,NORMAL,SYNTHETIC
296000,9.620221989162017,111892.79536498777,37.284818669019316,37.562942217034504,1.4455401259892129,12.554459874010787,NORMAL,SYNTHETIC
1001000,16.662984235550127,135943.78062052192,49.025585838939136,48.987534289406874,13.655844462884811,0.34415553711518854,WARNING_1,SYNTHETIC
2138000,23.68564047481455,184790.86148444007,58.27927726293369,53.054936910420345,48.5860935059399,-34.5860935059399,WARNING_2,SYNTHETIC
711000,6.936457797415412,117655.66325560512,32.472565733067704,37.58372276598543,0.8885974216495809,13.111402578350418,NORMAL,SYNTHETIC
2801000,22.570483675053293,184094.59784473802,56.58592356698507,57.73817291499982,52.80099596218883,-38.80099596218883,WARNING_2,SYNTHETIC
2527000,26.559631008375426,187236.38716705272,50.2122746837254,51.14882131034761,54.85045314945284,-40.85045314945284,WARNING_2,SYNTHETIC
3752000,35.02222297499108,193425.9675072896,69.46721986999881,69.20716022473826,58.18171254427149,-44.18171254427149,WARNING_3,SYNTHETIC
3321000,36.11728202533288,196544.69613040957,67.17438024461816,66.0380648800346,60.4664086615542,-46.4664086615542,WARNING_3,SYNTHETIC
3181000,38.042910640014824,197395.14860493294,63.21044158106269,63.08595509094488,61.686010528596675,-47.686010528596675,WARNING_3,SYNTHETIC
4183000,58.014626094363095,205078.76349507322,73.83591184345454,87.17333188770584,95.67113375181776,-81.67113375181776,HIGH_RISK,SYNTHETIC
1615000,12.345730697859102,136270.1115687587,48.10843162714893,46.37508398680041,21.880926662432454,-7.880926662432454,WARNING_1,SYNTHETIC
3024000,38.17349860367676,199631.4424641404,61.33220615122436,68.49028153951443,64.35785979355342,-50.357859793553416,WARNING_3,SYNTHETIC
1413000,11.96845228799533,177339.39628887112,45.990444285373215,43.01436912030791,44.366164498059305,-30.366164498059305,WARNING_1,SYNTHETIC
763000,2.216207270419071,111800.0278209018,33.15764477846091,32.48690380787865,1.6205071428605946,12.379492857139406,NORMAL,SYNTHETIC
655000,4.062676526003726,118040.95596314139,39.269489997325124,30.82936222868173,2.6362670909185617,11.363732909081438,NORMAL,SYNTHETIC
4797000,43.31100047943284,235521.54999879052,84.70713386245667,81.24125981003267,86.71785437489552,-72.71785437489552,HIGH_RISK,SYNTHETIC
3849000,39.43138792907489,194069.4093629327,65.33201045859956,61.092610601554135,63.210209030802005,-49.210209030802005,WARNING_3,SYNTHETIC
4153000,56.92700675677638,211624.2985169927,87.07767722867169,87.5689165776813,94.70833098509101,-80.70833098509101,HIGH_RISK,SYNTHETIC
468000,2.30626311129651,124438.13559025353,35.913626097517096,33.10362591287863,2.9773068924428756,11.022693107557124,NORMAL,SYNTHETIC
157000,6.802919185288736,110010.37488331411,32.75923842040813,30.56913202128451,0.39904471144622755,13.600955288553772,NORMAL,SYNTHETIC
1295000,15.876586159548804,169801.02358818764,49.84055717138405,44.20910193599983,19.930034251351948,-5.930034251351948,WARNING_1,SYNTHETIC
497000,6.508909832281303,122621.30885743775,32.11741102776125,37.58299543463637,1.5829472808323173,12.417052719167682,NORMAL,SYNTHETIC
4740000,49.73700959844055,221326.46861543157,80.58441038092653,87.15857897403144,84.20296951536116,-70.20296951536116,HIGH_RISK,SYNTHETIC
2940000,26.630759793477438,185400.04636737244,56.79969696906824,57.713831250591596,51.702633504741705,-37.702633504741705,WARNING_2,SYNTHETIC
3456000,37.79524133360386,197933.227048139,67.37994713309722,67.50633470205685,59.86393675426705,-45.86393675426705,WARNING_3,SYNTHETIC
373000,3.7670718257975135,126179.39205013498,32.50852891655122,31.631781570641436,0.6637726268345672,13.336227373165432,NORMAL,SYNTHETIC
79000,7.898304240136439,116682.22533917511,30.3106960006984,32.67299668810597,1.4619416428286824,12.538058357171318,NORMAL,SYNTHETIC
1553000,11.843364549757082,133928.16964665902,42.28949805015232,47.13089480853093,7.5225007945584945,6.4774992054415055,WARNING_1,SYNTHETIC
1669000,18.33960650061701,172238.5424053753,45.165851506499244,48.90359876081593,40.45570719193068,-26.455707191930678,WARNING_1,SYNTHETIC
2131000,21.155022904888547,182827.5946657178,51.84674774656588,58.01094432074958,55.57979545425951,-41.57979545425951,WARNING_2,SYNTHETIC
4439000,40.55034269222496,223369.42466566252,78.34691911735243,81.5524888314596,68.61475288793318,-54.61475288793318,HIGH_RISK,SYNTHETIC
465000,7.158028312383783,123457.06789369787,37.34016559788723,37.9302078860159,0.6236619001305912,13.37633809986941,NORMAL,SYNTHETIC
248000,4.292819581983208,127767.30906125682,33.88153834578065,38.794234089116586,0.7481604861872291,13.25183951381277,NORMAL,SYNTHETIC
931000,4.267023206376839,122208.08218348614,32.0763717209392,35.86109383914366,1.9634057692297715,12.036594230770229,NORMAL,SYNTHETIC
1335000,17.77847358304365,148952.9744945245,49.02714103784323,46.880870727523245,38.63303007296406,-24.63303007296406,WARNING_1,SYNTHETIC
4524000,49.62778683808108,239245.78162688416,85.3153078898582,89.59873501529923,91.73156700759237,-77.73156700759237,HIGH_RISK,SYNTHETIC
1338000,18.31134274561572,137546.83684671423,41.40821539489525,44.06265866627106,27.92024011361826,-13.92024011361826,WARNING_1,SYNTHETIC
1406000,13.61109020295801,178110.73056702467,49.5980608441876,41.97078920298938,24.1201661226933,-10.120166122693298,WARNING_1,SYNTHETIC
1090000,14.181083431908199,133318.64088368532,44.85046035573618,43.457486070022455,31.506790295821755,-17.506790295821755,WARNING_1,SYNTHETIC
4209000,52.812358611599166,203277.56467542337,85.58082684212683,86.43760944812865,74.13673918948577,-60.136739189485766,HIGH_RISK,SYNTHETIC
742000,8.592328160919728,110543.6426699517,31.749778374874882,38.56496000901592,2.38158784296211,11.61841215703789,NORMAL,SYNTHETIC
2323000,25.84614450838774,188598.137421224,53.68866960068396,59.83885114981472,49.42981197841839,-35.42981197841839,WARNING_2,SYNTHETIC
3601000,32.23906869117267,192377.43314877027,62.44716588549444,62.68986979434321,65.8404412127638,-51.84044121276381,WARNING_3,SYNTHETIC
2123000,21.35432435418274,180772.8190647686,59.479388637535585,59.32120988718967,51.513101075548555,-37.513101075548555,WARNING_2,SYNTHETIC
2094000,28.70018746211282,180431.78319549348,55.005656436012806,53.96231044977867,46.40730315407099,-32.40730315407099,WARNING_2,SYNTHETIC
240000,8.29897181096808,127205.63772437882,32.968684855074144,38.98250445178144,2.392435939279159,11.60756406072084,NORMAL,SYNTHETIC
2351000,24.973189723168204,184184.3685182699,55.082622677309864,58.9041974160459,53.53376691227676,-39.53376691227676,WARNING_2,SYNTHETIC
1370000,11.538843341148707,174058.38486597635,43.05233631476741,44.277140217994095,41.216952756546895,-27.216952756546895,WARNING_1,SYNTHETIC
1057000,15.541374725863143,158524.57875723531,41.48957391442191,43.11581114228064,45.78218514503509,-31.782185145035093,WARNING_1,SYNTHETIC
4816000,56.013335226983294,210113.11965524263,73.71741922517955,84.70832388522928,82.48297487786351,-68.48297487786351,HIGH_RISK,SYNTHETIC
199000,3.7308483215208343,124694.5026156116,36.62924451536921,39.317946195529835,0.48661430378113396,13.513385696218865,NORMAL,SYNTHETIC
2280000,26.745901511591,180918.17603477743,50.50021129377568,53.17925393688943,50.56129234212574,-36.56129234212574,WARNING_2,SYNTHETIC
4749000,55.21398283361734,226027.40309350824,74.29514867760959,83.84242193542298,67.4439660173164,-53.4439660173164,HIGH_RISK,SYNTHETIC
2220000,28.04871146477203,183715.61272278512,57.24146206780631,55.589515122744686,50.33236882930827,-36.33236882930827,WARNING_2,SYNTHETIC
4771000,45.31740161492772,217179.70583618514,71.84051959942093,73.78606402222391,70.96673670204213,-56.96673670204213,HIGH_RISK,SYNTHETIC
2819000,23.614962455974414,184534.0997564334,55.3473121578833,58.082454143137866,49.619061065299306,-35.619061065299306,WARNING_2,SYNTHETIC
3150000,30.44821870657043,192297.28405576665,68.74887747508708,67.2094623171526,59.69718514299465,-45.69718514299465,WARNING_3,SYNTHETIC
4256000,55.04223337654104,202799.33270587292,82.51776269275497,77.33739724311336,76.62788673614153,-62.627886736141534,HIGH_RISK,SYNTHETIC
3107000,32.455918797566135,196962.59051076253,60.13126543056533,64.53344591406419,61.35875773057864,-47.35875773057864,WARNING_3,SYNTHETIC
1973000,19.954549709290553,177561.0431286518,40.23967671691664,40.65971533150358,17.544457788015727,-3.544457788015727,WARNING_1,SYNTHETIC
1375000,16.84971448549952,140224.53327594328,41.54434287581327,45.8068353952302,12.422869784130443,1.5771302158695573,WARNING_1,SYNTHETIC
3968000,30.62359448666726,190127.16308724423,63.167810498509155,65.32992599097958,62.91891994345814,-48.91891994345814,WARNING_3,SYNTHETIC
4062000,40.17583778962909,224578.79021395187,77.69027522479628,87.15572973788,74.92830009634535,-60.92830009634535,HIGH_RISK,SYNTHETIC
4445000,48.300811687733784,243272.13415864046,74.55666357913945,77.25324732129477,82.61573200896702,-68.61573200896702,HIGH_RISK,SYNTHETIC
3557000,32.56310593477303,195317.38688692916,68.88771608743816,62.35133197037437,64.9292044280254,-50.9292044280254,WARNING_3,SYNTHETIC
964000,9.379797499442013,124795.400531323,32.571504740307766,33.448658031252975,0.859842275593294,13.140157724406706,NORMAL,SYNTHETIC
179000,7.587750571221154,114167.5868287003,39.6977157883101,35.07234177560821,2.71668729854337,11.28331270145663,NORMAL,SYNTHETIC
3698000,36.23311489441525,197855.27849126348,67.24591714652337,63.738817317804376,56.8182561914503,-42.8182561914503,WARNING_3,SYNTHETIC
3821000,33.257679218207926,199978.13745828182,62.045184472190044,66.36168302666547,57.78976795476073,-43.78976795476073,WARNING_3,SYNTHETIC
4878000,54.28991903473027,236991.70625157494,89.84833186131166,82.44583302038512,96.89736041917216,-82.89736041917216,HIGH_RISK,SYNTHETIC
3899000,34.95943320517758,194346.98959142485,64.35445079143913,65.88085813390977,58.97134030849868,-44.97134030849868,WARNING_3,SYNTHETIC
4487000,44.2098648321043,229015.1190901086,81.85845487999967,84.6583699408413,85.12307586955959,-71.12307586955959,HIGH_RISK,SYNTHETIC
3238000,37.353623089767375,191110.80266638534,63.166771765597765,63.56158093640986,60.141014759147794,-46.141014759147794,WARNING_3,SYNTHETIC
2974000,26.119803924099788,181039.4123612862,50.43733182126618,51.7830052890276,46.97949001372116,-32.97949001372116,WARNING_2,SYNTHETIC
3580000,30.85761145605041,197795.74562516485,62.01630487171093,62.32446033951159,58.239457323687944,-44.239457323687944,WARNING_3,SYNTHETIC
2887000,28.514229979647133,181076.1349094744,52.442167981160594,59.0089609671731,54.22379340783092,-40.22379340783092,WARNING_2,SYNTHETIC
2575000,26.80725840991265,180680.99889650522,54.07857572704465,58.308162732144254,48.31528913993195,-34.31528913993195,WARNING_2,SYNTHETIC
1419000,13.598729066885603,164545.46814119536,41.05558383112589,41.02594849794849,44.96400935495839,-30.964009354958392,WARNING_1,SYNTHETIC
3907000,31.749935282712688,198935.4344767214,66.56151196932069,62.260708875749835,58.168216164414,-44.168216164414,WARNING_3,SYNTHETIC
4673000,40.31577733311572,207037.00247875333,84.85791098151692,89.41864023074672,98.34129517538344,-84.34129517538344,HIGH_RISK,SYNTHETIC
4902000,42.006768574152225,237701.89271227753,73.37987168125672,74.51993744500415,68.22966779154788,-54.22966779154788,HIGH_RISK,SYNTHETIC
1860000,16.05621985447474,140872.20403969128,46.16744754089726,42.21782633784472,9.669570980309691,4.330429019690309,WARNING_1,SYNTHETIC
8000,2.127399967544804,124523.60256767803,31.526901338414206,30.795055630923702,0.6524201482402614,13.347579851759738,NORMAL,SYNTHETIC
2894000,26.8670879507185,180331.38998120453,56.28579287709853,51.78999643950446,50.21414576763737,-36.21414576763737,WARNING_2,SYNTHETIC
2847000,20.64172727380589,185131.9028819845,57.9901621654231,52.160587023347915,50.460868508445024,-36.460868508445024,WARNING_2,SYNTHETIC
3664000,31.899269027366973,196673.21532904851,62.203898411030686,63.67979134907026,58.17230310337299,-44.17230310337299,WARNING_3,SYNTHETIC
144000,5.166706729301194,118333.3199607976,33.0845962249775,38.27008014607999,1.528364925699403,12.471635074300597,NORMAL,SYNTHETIC
2104000,26.552171302531683,188675.42993381657,56.127809216708386,53.69850191389159,54.6438573364168,-40.6438573364168,WARNING_2,SYNTHETIC
3143000,34.55183562017082,199952.48297416218,60.72838295571168,60.92363097512125,63.88483361214826,-49.88483361214826,WARNING_3,SYNTHETIC
841000,8.00505129553133,121399.65807188067,34.32998215169814,36.4272531468006,1.3899487662195862,12.610051233780414,NORMAL,SYNTHETIC
1128000,19.175281273044963,156740.5608571069,48.527464359126725,46.12697238493887,15.189387839477613,-1.1893878394776127,WARNING_1,SYNTHETIC
151000,8.886214792189948,127581.3755931792,30.341794109282603,35.98528489043266,1.7059251171944478,12.294074882805551,NORMAL,SYNTHETIC
3591000,30.12801637349421,197079.61631660047,64.89242594967833,63.17349856099798,65.99219337552033,-51.99219337552033,WARNING_3,SYNTHETIC
1052000,15.629784261002275,172453.4333662217,43.75451255360941,49.097853159584915,42.552559115667826,-28.552559115667826,WARNING_1,SYNTHETIC
1590000,14.324625015811433,142708.36025366222,43.774162809872045,45.29316815948757,34.17636871835431,-20.17636871835431,WARNING_1,SYNTHETIC
3008000,34.3763791321764,195291.9432211378,66.42027962439967,61.102884897755864,56.28750731608801,-42.28750731608801,WARNING_3,SYNTHETIC
2029000,26.53952061370223,189367.45975920197,55.16402011088589,53.561807308185365,53.55650753508084,-39.55650753508084,WARNING_2,SYNTHETIC
3418000,33.37210175314761,194361.73451493864,60.56601808739128,67.952780520176,59.43495880377772,-45.43495880377772,WARNING_3,SYNTHETIC
1807000,18.320433722074256,177502.7077306187,43.460309964638085,47.90639238964094,5.530294407962295,8.469705592037705,WARNING_1,SYNTHETIC
2696000,24.751020656560705,187321.10688481198,56.948009313726516,51.68595702701393,47.89538835014307,-33.89538835014307,WARNING_2,SYNTHETIC
3039000,38.02174465171173,190762.11874765088,67.3738865926626,65.45157606085561,63.73049490668004,-49.73049490668004,WARNING_3,SYNTHETIC
472000,2.0491142305401526,112146.24725665041,37.233203309671566,35.52332750240699,2.0141197763508405,11.98588022364916,NORMAL,SYNTHETIC
3289000,34.112066617205265,195006.831811625,65.3369821085301,68.66237634217386,57.452160013828326,-43.452160013828326,WARNING_3,SYNTHETIC
4074000,43.14056177548157,203832.20648243683,84.45487214003904,73.3438120454554,68.50334964310599,-54.50334964310599,HIGH_RISK,SYNTHETIC
3496000,37.207941820204006,197212.1199143983,69.22057855392389,61.00801111489826,56.69291806249172,-42.69291806249172,WARNING_3,SYNTHETIC
279000,8.489958316035413,121786.62332254952,36.483976852033614,31.052575937831172,2.1600284313887874,11.839971568611212,NORMAL,SYNTHETIC
1741000,16.439372149132392,148106.76441984158,44.63263771558443,46.63450827694166,19.562791183240545,-5.562791183240545,WARNING_1,SYNTHETIC
4624000,50.75844051404595,246082.90572880287,75.13826102458047,78.39083941278255,69.7773225352937,-55.777322535293706,HIGH_RISK,SYNTHETIC
2886000,25.257957491563346,189776.76899036267,53.291282299611076,59.91025614988101,51.66284098043272,-37.66284098043272,WARNING_2,SYNTHETIC
1941000,15.9837961633945,154704.2373241557,43.690792955880916,41.26013667606252,12.938652520165599,1.0613474798344011,WARNING_1,SYNTHETIC
100000,8.995510078226943,110150.140656,37.47110872687411,39.532037745086484,1.0261123933903067,12.973887606609694,NORMAL,SYNTHETIC
2804000,25.54583800877923,186742.02807101878,56.39406487598128,55.977410843122385,52.105230255368085,-38.105230255368085,WARNING_2,SYNTHETIC
3570000,32.583962218236834,196379.2941144486,64.75386026425922,67.64764029894998,65.85996418462344,-51.859964184623436,WARNING_3,SYNTHETIC
3684000,31.344501317683772,194097.4310663772,66.0885785175057,69.04631382979994,60.19195762663481,-46.19195762663481,WARNING_3,SYNTHETIC
3661000,35.88701921197056,199836.762616038,62.08523469035164,61.08080838532969,64.88412824793646,-50.88412824793646,WARNING_3,SYNTHETIC
530000,7.051452432661614,116166.66407905688,36.20146657465548,30.487224267527278,2.3577061313876095,11.642293868612391,NORMAL,SYNTHETIC
1886000,12.67963623261221,151280.21710185506,43.05054202071438,40.573017549701724,35.202839235763,-21.202839235763,WARNING_1,SYNTHETIC
681000,2.777415531661278,126410.11887717208,38.536506690045,31.710034832361504,0.33037122484060155,13.6696287751594,NORMAL,SYNTHETIC
3794000,33.96495847763517,196950.69240096264,66.8841289046153,62.85523139395373,64.50121690182814,-50.501216901828144,WARNING_3,SYNTHETIC
3944000,32.41278773447137,199397.40300301457,67.27103029872251,63.97531775820396,56.580731253739366,-42.580731253739366,WARNING_3,SYNTHETIC
4666000,59.82265778636392,228831.73122801795,80.57920770273996,83.25153648449695,79.97541446986362,-65.97541446986362,HIGH_RISK,SYNTHETIC
2018000,22.727846720976746,181364.3056865738,55.88950965693769,53.94720276673532,49.73392889070689,-35.73392889070689,WARNING_2,SYNTHETIC
1096000,16.924866491334466,133254.8162812486,44.84091693945594,40.86678051976564,22.903685309522963,-8.903685309522963,WARNING_1,SYNTHETIC
829000,3.232247657744091,119870.13160872682,37.36354097147022,36.24362245117227,2.745124415539675,11.254875584460326,NORMAL,SYNTHETIC
2805000,25.886465214360705,186735.7106984058,52.234634799956005,50.31883058722865,53.34886567587951,-39.34886567587951,WARNING_2,SYNTHETIC
3829000,31.193949833121327,196514.8304834833,64.06561733233124,64.3899956574151,64.68922956684655,-50.68922956684655,WARNING_3,SYNTHETIC
4381000,54.6600970122962,230689.39807950845,75.19486759367753,86.61395498206431,68.81977305625702,-54.81977305625702,HIGH_RISK,SYNTHETIC
3891000,36.339709281492105,193294.76846200594,64.07045899293723,66.13860989347603,63.55694997880618,-49.55694997880618,WARNING_3,SYNTHETIC
764000,9.08564410307001,112402.21260202769,30.724549735958718,30.584143795546186,1.4275398534844166,12.572460146515583,NORMAL,SYNTHETIC
2767000,24.352818784949758,187545.99571514988,53.3269711299722,53.835121333656055,50.98353183423425,-36.98353183423425,WARNING_2,SYNTHETIC
4328000,55.9969798141421,225491.32695687568,83.63910734148163,73.16809519234357,81.55985072210625,-67.55985072210625,HIGH_RISK,SYNTHETIC
3295000,31.96514433071517,194258.59828187083,69.44841746183701,69.36992934290126,58.86768625471692,-44.86768625471692,WARNING_3,SYNTHETIC
2194000,20.10445030813513,186477.5810557779,52.565324363382196,53.8115953328751,55.01438560917287,-41.01438560917287,WARNING_2,SYNTHETIC
2357000,26.627274305890086,189227.39409601793,52.458743596889626,50.93697052793368,55.64401015396561,-41.64401015396561,WARNING_2,SYNTHETIC
3425000,33.996724009095374,191268.62244642968,69.29912746880171,61.06659958394788,57.05736586126171,-43.05736586126171,WARNING_3,SYNTHETIC
3979000,39.80019977836458,199497.87927734587,61.13217800896203,67.08578762769712,59.427971377228786,-45.427971377228786,WARNING_3,SYNTHETIC
911000,8.715055015928652,113572.08351394236,31.491841838863483,34.74530089187891,1.5037038280194126,12.496296171980587,NORMAL,SYNTHETIC
3145000,31.15384931932794,192179.63519646347,69.3643926284173,62.862955146783555,64.79939701476978,-50.79939701476978,WARNING_3,SYNTHETIC
999000,3.4718881964845654,120401.43824522976,30.980798270909325,31.80353721634483,1.9226441414988178,12.077355858501182,NORMAL,SYNTHETIC
3653000,33.25467222140156,194908.14298197426,68.49026039777615,62.388382191788295,65.09432011022551,-51.09432011022551,WARNING_3,SYNTHETIC
2483000,26.492593923621236,186989.95457107024,58.11987576366329,51.566828006012734,48.810963766704795,-34.810963766704795,WARNING_2,SYNTHETIC
4076000,44.68614049969272,217502.91616620007,86.88000281515997,87.00678122650218,89.43670634408038,-75.43670634408038,HIGH_RISK,SYNTHETIC
2370000,22.428207609904288,181707.76275618613,59.004304605018746,50.37069478692791,52.42543071967305,-38.42543071967305,WARNING_2,SYNTHETIC
4838000,57.87763421430616,229495.42423642488,70.23138883021163,82.0306041235671,85.17585425388847,-71.17585425388847,HIGH_RISK,SYNTHETIC
33000,4.260045413106846,128141.72653819017,34.21280127683254,32.30103154057339,1.7291905815226976,12.270809418477302,NORMAL,SYNTHETIC
3789000,37.869303863699024,192430.0082573332,61.28769576613411,68.57110008509727,60.84362236605517,-46.84362236605517,WARNING_3,SYNTHETIC
1020000,19.202785754249902,178948.83395626186,49.868448592409685,42.03334604678406,16.111564632633307,-2.111564632633307,WARNING_1,SYNTHETIC
1647000,10.904520470080472,131286.16287499215,43.91150374885125,42.55266360696135,24.578389528686003,-10.578389528686003,WARNING_1,SYNTHETIC
733000,4.383638526311367,115152.25232364073,33.340938596599536,35.7915318586398,0.8626925241636514,13.137307475836348,NORMAL,SYNTHETIC
4582000,42.916118486264544,249838.25185358847,88.95668373254054,76.78488021186163,90.1037121152658,-76.1037121152658,HIGH_RISK,SYNTHETIC
3274000,36.24337103513234,192731.18872534577,61.33730239664348,62.45402826569298,57.92602750744635,-43.92602750744635,WARNING_3,SYNTHETIC
1620000,14.484797430076213,170425.16729502074,43.26686734799946,49.36735502657244,10.30498343955148,3.6950165604485203,WARNING_1,SYNTHETIC
3135000,35.68742078896381,197105.92318561533,69.2171426370761,61.83489316944187,63.94494621440671,-49.94494621440671,WARNING_3,SYNTHETIC
2689000,29.85805288809884,186561.71799699968,56.443590986656375,53.22376498891193,54.73558355325524,-40.73558355325524,WARNING_2,SYNTHETIC
2707000,25.548066780492018,180800.1036608028,51.64174646689185,54.69989590444789,49.51063269497051,-35.51063269497051,WARNING_2,SYNTHETIC
297000,8.057827746407625,113321.25264827946,30.431752250568845,34.96979560460128,1.8500055702609584,12.149994429739042,NORMAL,SYNTHETIC
2339000,27.193967544999154,182176.5362420326,56.241264935560956,50.50895776349842,50.33256100500945,-36.33256100500945,WARNING_2,SYNTHETIC
653000,3.0913935975732567,112700.76192112472,37.44579759518034,32.03149575167397,0.548456775375386,13.451543224624615,NORMAL,SYNTHETIC
3774000,34.633854071056966,194919.75332870462,68.03313774595563,65.97231937584728,56.20272186403882,-42.20272186403882,WARNING_3,SYNTHETIC
1255000,18.77058466568404,175988.95099069833,40.58371307690469,42.084892109117945,12.080309290682528,1.9196907093174715,WARNING_1,SYNTHETIC
4520000,58.5748754816658,244574.75767361003,73.2827530194868,81.9580147935276,70.29625113802948,-56.296251138029476,HIGH_RISK,SYNTHETIC
230000,2.234988454162431,114303.56549257437,33.390158575732606,34.39350061856225,2.93336242020265,11.06663757979735,NORMAL,SYNTHETIC
3276000,31.921471383873385,191488.80539173225,69.4744883995944,63.29228716811024,56.32668568830853,-42.32668568830853,WARNING_3,SYNTHETIC
3230000,36.58463049785906,191380.52859680398,61.93428847581777,60.88656460528873,63.176890810989605,-49.176890810989605,WARNING_3,SYNTHETIC
691000,8.893571829202358,128263.07500694416,33.81307538456434,36.00273281391082,0.8847759612004449,13.115224038799555,NORMAL,SYNTHETIC
2754000,26.48324712068479,186688.30905734815,59.29308683793893,52.945443197868485,55.281431387763114,-41.281431387763114,WARNING_2,SYNTHETIC
4863000,42.31730808993024,210485.90860946226,70.68451949332298,82.55136554818496,89.98248982064561,-75.98248982064561,HIGH_RISK,SYNTHETIC
969000,2.8279118294935452,120196.60732114098,31.833181618695402,31.433422221033016,1.9394528989982578,12.060547101001742,NORMAL,SYNTHETIC
633000,4.279780603499261,123808.03909031003,36.301519692743845,34.15683409146429,0.9595674035823756,13.040432596417624,NORMAL,SYNTHETIC
4092000,49.782221487062095,226790.087206235,86.43926023766413,71.28187314841674,89.18368636576648,-75.18368636576648,HIGH_RISK,SYNTHETIC
4077000,52.971848688351685,205734.3660481404,82.15633036009814,89.15631420656156,73.66842212697995,-59.66842212697995,HIGH_RISK,SYNTHETIC
1321000,16.378413832412317,148925.95131783502,40.464830252039526,45.48721872572658,15.217496660385008,-1.2174966603850077,WARNING_1,SYNTHETIC
1831000,13.053902507584814,160920.50349297523,46.89127780008772,45.60065662379999,12.729809588651992,1.2701904113480076,WARNING_1,SYNTHETIC
2178000,22.75446015430981,189208.29222584143,53.39173868662113,52.422562761218636,50.66379480895858,-36.66379480895858,WARNING_2,SYNTHETIC
1417000,19.603429951509547,140145.38684850602,48.78858448838342,48.582541120231745,34.70980381257656,-20.70980381257656,WARNING_1,SYNTHETIC
1782000,14.703498272484776,160849.04549559086,45.09865589798936,49.58694104390534,31.449662647116487,-17.449662647116487,WARNING_1,SYNTHETIC
4715000,41.66132832864279,223997.79113318026,81.533961789679,71.47234570232926,86.16010841563086,-72.16010841563086,HIGH_RISK,SYNTHETIC
4701000,59.44650356488106,238068.36327892612,77.93821639024702,75.09129523865995,77.65650270846699,-63.65650270846699,HIGH_RISK,SYNTHETIC
4118000,48.391169122095874,211986.964337227,86.5523603936035,77.31929612938606,78.97737521824173,-64.97737521824173,HIGH_RISK,SYNTHETIC
1652000,15.948660111511595,163472.87022730362,45.32948759078678,49.798759085932545,10.094782129678025,3.905217870321975,WARNING_1,SYNTHETIC
1483000,13.724948041243957,166746.5445132962,47.71129120331517,45.55145210383799,30.487786899258477,-16.487786899258477,WARNING_1,SYNTHETIC
2275000,21.43002732459659,183530.79527829387,54.509946755839366,59.48492062254236,53.197653156678435,-39.197653156678435,WARNING_2,SYNTHETIC
877000,3.8083658996770615,116417.00148134374,34.01306335382196,39.529287906260144,2.105206971058877,11.894793028941123,NORMAL,SYNTHETIC
3525000,36.763189240129805,195115.1437433877,64.09291423149706,64.07381173371293,63.75096952567502,-49.75096952567502,WARNING_3,SYNTHETIC
2016000,26.387418593376086,185168.03566302278,59.98979301840109,56.92549772165052,49.83981654596097,-35.83981654596097,WARNING_2,SYNTHETIC
426000,3.0992648215210186,111795.0647050239,30.68620857108859,30.86359674501597,0.7228894094754112,13.27711059052459,NORMAL,SYNTHETIC
626000,7.9844029249277595,117430.86416812723,35.60373895967873,38.85162876633841,2.5784930922036513,11.42150690779635,NORMAL,SYNTHETIC
1589000,16.1757667855866,155685.41722487786,44.44988410242314,46.410286833912274,8.976678593975352,5.023321406024648,WARNING_1,SYNTHETIC
2223000,27.103088371734444,184809.57557003843,57.25345266954947,52.220056179812644,55.54330957380653,-41.54330957380653,WARNING_2,SYNTHETIC
2217000,20.100130368706456,183767.639981934,53.49794336853527,55.84620249309397,52.65416092784461,-38.65416092784461,WARNING_2,SYNTHETIC
4483000,47.62237071036687,212742.1786371427,86.69585407267155,75.70662736142147,76.65749131008353,-62.65749131008353,HIGH_RISK,SYNTHETIC
1485000,19.134567222203287,174425.29983572537,47.92509355143964,48.39794254614457,13.917974546585633,0.08202545341436718,WARNING_1,SYNTHETIC
1739000,13.869454449476823,146595.37509840532,44.46100915415588,46.431412660836195,31.393081989658185,-17.393081989658185,WARNING_1,SYNTHETIC
2480000,29.744067704904822,186238.3798138933,58.615351430400224,53.563819059981526,53.892046184081266,-39.892046184081266,WARNING_2,SYNTHETIC
2584000,24.36826477805548,188656.47384830625,56.400952748806766,55.2728081477759,53.90654522753244,-39.90654522753244,WARNING_2,SYNTHETIC
2893000,24.69207885915057,187981.90152710857,51.27906453655442,54.842266957095255,54.47516678688693,-40.47516678688693,WARNING_2,SYNTHETIC
149000,1.1901863029469077,127860.62039072606,30.932709053243272,31.83792069856108,1.3638989407142557,12.636101059285744,NORMAL,SYNTHETIC
676000,9.054629090512883,124567.49931492818,34.72144451020646,33.22034081531052,0.5118219238024463,13.488178076197554,NORMAL,SYNTHETIC
1261000,15.892180685319254,136921.0015480111,48.28400549163284,40.92657454235897,7.949958514794483,6.050041485205517,WARNING_1,SYNTHETIC
4917000,40.8690692885118,226652.1929695854,73.49225728136693,78.82381566530806,69.13557326047672,-55.13557326047672,HIGH_RISK,SYNTHETIC
12000,6.666013056709849,119455.67945517997,31.39787590469868,37.62073021030176,2.803351100378205,11.196648899621795,NORMAL,SYNTHETIC
1833000,16.568306437370016,178687.9146306646,46.96245348264421,45.72320965446155,33.59202188263801,-19.592021882638008,WARNING_1,SYNTHETIC
3248000,35.85739912958308,193890.28001639858,63.64329843209556,69.2664949432047,63.18385637472282,-49.18385637472282,WARNING_3,SYNTHETIC
1491000,16.666056482254458,163240.08988608557,49.99977250213517,49.32385243676722,43.72071234099021,-29.72071234099021,WARNING_1,SYNTHETIC
2727000,26.15738286223482,186925.04542064975,56.66870183362065,56.73888473035251,47.20905542719021,-33.20905542719021,WARNING_2,SYNTHETIC
3686000,39.47315097523291,199543.15542276576,62.695296033715636,60.920674401380865,60.806223554363505,-46.806223554363505,WARNING_3,SYNTHETIC
1424000,19.33147330822714,134008.28034631722,47.51263685767114,43.49254208252732,29.024648616303256,-15.024648616303256,WARNING_1,SYNTHETIC
4605000,52.17461094790693,240040.8103056907,81.27089751368881,72.71180380711434,75.19434447613982,-61.19434447613982,HIGH_RISK,SYNTHETIC
4595000,51.56356171139811,217294.91696678379,73.90772531239789,74.20781860653334,88.89668431707415,-74.89668431707415,HIGH_RISK,SYNTHETIC
731000,1.4484522466589973,111017.61469090029,32.98759070622632,39.06902418055531,2.765168726148075,11.234831273851924,NORMAL,SYNTHETIC
1231000,19.162839670219427,154497.29006222318,42.29843445165259,42.16730744942575,37.10543292865676,-23.10543292865676,WARNING_1,SYNTHETIC
1634000,11.22085110176981,169623.55158504948,41.25163829281783,41.16735706580116,30.761990906600037,-16.761990906600037,WARNING_1,SYNTHETIC
3936000,39.02673400799067,197864.2908136771,61.2346416912761,61.27720834259917,60.416946714946285,-46.416946714946285,WARNING_3,SYNTHETIC
1210000,14.566765610781971,131617.4109633758,45.19119112386784,44.34348303506171,43.66085929931752,-29.660859299317522,WARNING_1,SYNTHETIC
3268000,30.36741875712471,198174.74104019642,67.80793546238662,61.72034408029814,61.847692122986736,-47.847692122986736,WARNING_3,SYNTHETIC
1934000,12.74857371382867,162198.25337251244,46.266305783217135,48.11434657240932,40.75342747261036,-26.753427472610362,WARNING_1,SYNTHETIC
553000,8.982511874974692,117385.45682681937,39.50001770574208,35.19226104288296,2.0920958323695946,11.907904167630406,NORMAL,SYNTHETIC
491000,6.701946643370649,126444.27092187613,34.021380749035536,30.02477930857023,2.5812073165618257,11.418792683438173,NORMAL,SYNTHETIC
2962000,29.63550474768377,187538.09585835758,57.93945561310594,58.77214990797815,46.64626066122047,-32.64626066122047,WARNING_2,SYNTHETIC
2329000,28.897109347711954,189618.28957983377,55.65481065867889,55.14870205922494,48.02781599908275,-34.02781599908275,WARNING_2,SYNTHETIC
2195000,29.217436556009673,186108.3048952332,51.54401940179523,55.051512648094615,53.79750303073844,-39.79750303073844,WARNING_2,SYNTHETIC
3064000,35.08025076867532,193475.03581737797,68.81927076695146,67.3432137697864,59.823970880191645,-45.823970880191645,WARNING_3,SYNTHETIC
657000,3.630704129846369,126933.42101016486,35.65465916276238,34.17052883396148,0.5006243791222844,13.499375620877716,NORMAL,SYNTHETIC
2374000,27.286608241525045,180627.8545378784,51.90128381485756,59.36450247320986,47.771118169003095,-33.771118169003095,WARNING_2,SYNTHETIC
2225000,27.271337233838935,182483.5931226616,52.30380459232498,53.61080176281558,55.73330008425586,-41.73330008425586,WARNING_2,SYNTHETIC
4264000,53.87939018916866,224672.88994749758,83.30936372674452,74.28506813623748,99.15946462766262,-85.15946462766262,HIGH_RISK,SYNTHETIC
1170000,17.19268843998346,179049.0660698497,45.087130614617664,49.6503072295967,10.443820046180091,3.5561799538199086,WARNING_1,SYNTHETIC
132000,6.113338029363476,111903.98173921728,39.90809765551122,30.983165911258645,1.3968017343758103,12.60319826562419,NORMAL,SYNTHETIC
471000,5.172684819447039,113758.07158072953,38.64108353815345,34.47125550243837,0.9801263657828827,13.019873634217117,NORMAL,SYNTHETIC
3225000,33.21907607164617,194361.418272227,62.93914849080443,67.97055795949998,61.83824054560774,-47.83824054560774,WARNING_3,SYNTHETIC
1405000,17.320569405026184,166212.40454376923,40.235418578309414,48.2705727569916,29.290213255072914,-15.290213255072914,WARNING_1,SYNTHETIC
2876000,22.403062230744997,187924.01543740585,58.018589694591135,51.80220077614794,55.23907939298276,-41.23907939298276,WARNING_2,SYNTHETIC
4504000,55.560206006395326,218478.6799462382,77.74416101568968,88.90487664092728,78.91785660724412,-64.91785660724412,HIGH_RISK,SYNTHETIC
4692000,46.057823180244206,240761.37674668853,83.29085826726974,81.10598701788876,69.15531829541186,-55.15531829541186,HIGH_RISK,SYNTHETIC
2826000,26.936957057172176,184701.00378104762,58.728362952929814,53.4872477065682,54.49728422932747,-40.49728422932747,WARNING_2,SYNTHETIC
287000,4.28780441844423,116585.24919195539,37.642103495801166,34.21054912995712,0.805890064312329,13.19410993568767,NORMAL,SYNTHETIC
1869000,12.03192778332932,158174.37659900147,46.97274889091111,46.51869139052549,42.77889716454999,-28.77889716454999,WARNING_1,SYNTHETIC
3114000,30.436286587053893,190234.60253348172,62.903388307721485,62.39406643689278,57.0760733343692,-43.0760733343692,WARNING_3,SYNTHETIC
3625000,35.53326366195223,196986.68074933978,67.12729037320682,63.382053161289676,56.60060578744593,-42.60060578744593,WARNING_3,SYNTHETIC
2312000,25.76720819426255,185609.2323242832,51.96391999826296,50.2315975057218,54.11099441521557,-40.11099441521557,WARNING_2,SYNTHETIC
4923000,47.63200153871263,246141.2609677624,82.8964606816539,78.44809664198243,68.95794867220009,-54.95794867220009,HIGH_RISK,SYNTHETIC
1618000,16.095357271588263,142245.10253707186,47.28946438189717,41.862585192796296,28.639517819288603,-14.639517819288603,WARNING_1,SYNTHETIC
994000,9.129293181619987,119506.11235767209,35.63010760086359,32.377143753709774,1.8673991765483304,12.13260082345167,NORMAL,SYNTHETIC
1803000,15.687097738796329,148980.19724207238,44.88565037609055,42.203706491698,34.47438087971745,-20.47438087971745,WARNING_1,SYNTHETIC
2642000,27.88260195725021,184051.7779738618,53.30539499078063,54.12296042178992,52.55593384207309,-38.55593384207309,WARNING_2,SYNTHETIC
4802000,58.594355530232015,239032.54853116968,77.07389672163576,81.94613769780537,90.13130105197732,-76.13130105197732,HIGH_RISK,SYNTHETIC
3535000,31.155777209316625,191645.4998333571,67.63084959406436,60.768294040405166,64.56942300161623,-50.56942300161623,WARNING_3,SYNTHETIC
4831000,42.240493646774375,246948.55197437468,84.71714869602238,78.56841525138633,70.94264507517946,-56.942645075179456,HIGH_RISK,SYNTHETIC
3911000,36.37401344571718,193730.215855548,67.34822545981113,63.504317330470954,60.37048149785083,-46.37048149785083,WARNING_3,SYNTHETIC
2107000,29.47798362313926,184501.76184621654,51.123205056677264,53.47725248063656,48.30005367160293,-34.30005367160293,WARNING_2,SYNTHETIC
3044000,35.86649277819019,197981.03938712453,67.00954734103125,68.99870030323609,58.93723210279401,-44.93723210279401,WARNING_3,SYNTHETIC
416000,2.258592501466388,120913.51388162095,32.36701994526604,36.200315427116706,1.6972068087835879,12.302793191216413,NORMAL,SYNTHETIC
977000,4.523970958158449,128851.36800628676,37.100009412225454,31.393973831209887,0.7831839844202544,13.216816015579745,NORMAL,SYNTHETIC
2417000,20.92728514793282,185091.07528353596,50.12588213445069,54.031940027433606,53.43690224473691,-39.43690224473691,WARNING_2,SYNTHETIC
505000,8.038859614721762,120115.24629485482,30.533250849333406,35.671093654887926,1.3129274343338149,12.687072565666185,NORMAL,SYNTHETIC
4152000,57.24336050154592,242922.4129845812,76.04746988505993,78.21759532084452,98.90754071354344,-84.90754071354344,HIGH_RISK,SYNTHETIC
4255000,42.520001310268604,205978.38140366817,87.29873062139845,84.40279014922366,84.67917204298824,-70.67917204298824,HIGH_RISK,SYNTHETIC
3941000,36.48610617515609,195900.44160460925,61.38184522033089,61.287973246229384,62.89717519761443,-48.89717519761443,WARNING_3,SYNTHETIC
414000,1.2551956281993308,112538.7051358184,34.871154199164216,32.99512490274646,0.9196560438156818,13.080343956184318,NORMAL,SYNTHETIC
4148000,41.06199296402344,230489.6452220583,80.75110637775398,83.1910034743643,74.15623732805042,-60.15623732805042,HIGH_RISK,SYNTHETIC
1183000,16.771522428635606,163028.7290925823,43.63259395931394,40.43600136966328,45.30595698442873,-31.305956984428732,WARNING_1,SYNTHETIC
485000,4.681920388580371,111016.66923896954,33.83342793410508,37.49729350721248,0.984562534867993,13.015437465132006,NORMAL,SYNTHETIC
893000,1.8705356449224364,110423.12022846586,36.10289951703851,35.231679607443795,0.9524024163058569,13.047597583694143,NORMAL,SYNTHETIC
805000,2.2647242208087004,123651.76244433766,32.4476504355611,31.574476086651917,2.2431095820640787,11.75689041793592,NORMAL,SYNTHETIC
555000,3.049100107504615,125263.10979639801,36.92771569254997,37.9910744843994,2.2890918498002035,11.710908150199796,NORMAL,SYNTHETIC
3825000,36.19426186097768,195523.8317570823,68.97083537551563,65.54185300895577,61.86997842784692,-47.86997842784692,WARNING_3,SYNTHETIC
1197000,13.510598031607714,137436.57098480593,48.85074344118903,42.20684919699388,13.622670335839294,0.37732966416070646,WARNING_1,SYNTHETIC
4253000,43.45650262135719,220190.5216495295,86.24179443123465,82.42183219231275,81.0827676901969,-67.0827676901969,HIGH_RISK,SYNTHETIC
4058000,53.382358528969576,235986.17471956988,84.26039647927357,72.64121280016674,81.80352282583053,-67.80352282583053,HIGH_RISK,SYNTHETIC
1293000,16.71484812090573,179551.49922149844,41.530068855240806,40.185189060115114,6.637341701220466,7.362658298779534,WARNING_1,SYNTHETIC
2221000,27.205245551805007,186491.3774436215,55.20668649772609,56.70998662258599,49.24642421784872,-35.24642421784872,WARNING_2,SYNTHETIC
3504000,31.84650458450881,194459.2778420401,63.47874638042813,66.6904452150787,65.31610418499406,-51.31610418499406,WARNING_3,SYNTHETIC
3654000,30.435821865306593,190878.3853692188,62.09880808470319,68.8329228410656,61.11091043430297,-47.11091043430297,WARNING_3,SYNTHETIC
4758000,45.002171336348475,223605.38620131806,80.61442251508362,75.38899557518883,76.3941103142791,-62.394110314279104,HIGH_RISK,SYNTHETIC
3006000,33.19506048854139,197884.77774012828,67.99599006553069,69.1246944181116,65.21263145856979,-51.21263145856979,WARNING_3,SYNTHETIC
2093000,26.376427683084373,183747.06963806637,53.98166305429396,57.63362376159789,52.590241251053314,-38.590241251053314,WARNING_2,SYNTHETIC
2187000,23.547356755002447,185017.2682815722,51.82198222835338,51.037385315591784,50.42763343723284,-36.42763343723284,WARNING_2,SYNTHETIC
3036000,38.70439058376866,192333.22029771373,69.64365601395764,65.47856182616479,58.597429469308345,-44.597429469308345,WARNING_3,SYNTHETIC
3918000,31.615768725433174,190014.69557405793,65.97701195513694,60.31408984870963,56.517715915171635,-42.517715915171635,WARNING_3,SYNTHETIC
1272000,18.269784099282333,159686.34163161952,40.308334416527416,49.75031633777076,42.63353296689208,-28.633532966892083,WARNING_1,SYNTHETIC
290000,8.334435273339327,119236.35822899497,39.72070177130885,33.52744871858293,0.43616570442727154,13.563834295572729,NORMAL,SYNTHETIC
4827000,56.4261606201881,200401.16926014726,71.64353899064854,78.86619830614956,75.34861441270394,-61.34861441270394,HIGH_RISK,SYNTHETIC
252000,4.994292562271438,112306.52876221976,33.788679563479576,32.70920393386312,0.7229133159919292,13.27708668400807,NORMAL,SYNTHETIC
3245000,39.63388645567152,193369.8788745519,63.24996557328889,67.86419014065494,57.25888492884409,-43.25888492884409,WARNING_3,SYNTHETIC
350000,6.422258160212268,125895.01116835144,30.56288812981991,30.32867670266469,0.7121289151627106,13.28787108483729,NORMAL,SYNTHETIC
1187000,15.35170372024066,143127.6982432342,43.316807110991,44.19100677846318,29.18792208050264,-15.187922080502641,WARNING_1,SYNTHETIC
1961000,11.640396015134026,138786.17392811374,42.66844150373576,43.81481305172043,22.425276807709626,-8.425276807709626,WARNING_1,SYNTHETIC
422000,1.047782540332564,119128.0771580369,37.65321223938636,36.59004065970322,1.9180630256051105,12.081936974394889,NORMAL,SYNTHETIC
90000,2.340346503875882,114804.52552298007,33.61298898852683,38.74823154274054,0.4826633580347177,13.517336641965283,NORMAL,SYNTHETIC
3729000,39.927426678348965,198159.28379702,64.63519403772943,66.658065752773,63.3854873523627,-49.3854873523627,WARNING_3,SYNTHETIC
2236000,28.226329630463187,184389.13279428473,56.8614276135082,51.19287321399983,55.454911824470294,-41.454911824470294,WARNING_2,SYNTHETIC
670000,2.2040272466607114,116116.00457477134,36.142818504715784,33.599326754648054,0.6410493804883206,13.35895061951168,NORMAL,SYNTHETIC
3040000,34.135392230541754,199612.33519673653,64.59872246064616,61.03188088331204,61.65955997059267,-47.65955997059267,WARNING_3,SYNTHETIC
26000,5.107144832797901,128950.71199331986,38.103025552734664,32.66933648937729,2.0254945688926393,11.97450543110736,NORMAL,SYNTHETIC
429000,8.048481912046752,118921.45785840452,37.57349432739919,38.216131370114034,0.2835299024363582,13.716470097563642,NORMAL,SYNTHETIC
683000,4.988863265201438,115757.09752096309,35.82682461730759,34.87045493379157,2.264024890808154,11.735975109191846,NORMAL,SYNTHETIC
4463000,48.37749960253026,246214.2650443307,87.37430443421344,84.54049501345645,67.24738325068499,-53.24738325068499,HIGH_RISK,SYNTHETIC
3945000,32.170365488684745,198457.41249091545,68.30228986324855,68.30394872079529,62.56529903030335,-48.56529903030335,WARNING_3,SYNTHETIC
3523000,31.359032696448143,190615.69496779618,64.39867502845642,61.37381342518731,60.89324722773662,-46.89324722773662,WARNING_3,SYNTHETIC
1541000,15.541327853121084,142334.84618972568,43.89716377964683,40.173891822076506,44.023871554095585,-30.023871554095585,WARNING_1,SYNTHETIC
2031000,27.53825324431111,182632.47287123397,56.29284948306539,53.57577580608781,52.9359048848422,-38.9359048848422,WARNING_2,SYNTHETIC
2232000,23.413607406031026,180545.145867069,51.80496325911537,56.75916436275565,53.9771006005483,-39.9771006005483,WARNING_2,SYNTHETIC
4120000,57.12622615578963,200596.31769336842,81.57665498420367,89.18631740591606,72.29865752708689,-58.29865752708689,HIGH_RISK,SYNTHETIC
3235000,39.13381509304237,190971.39231658576,60.79116805704738,66.97080432452975,56.44330708124175,-42.44330708124175,WARNING_3,SYNTHETIC
254000,3.082628794378714,112439.37928419246,39.66202625368176,30.373102924029276,2.569308282165966,11.430691717834033,NORMAL,SYNTHETIC
1029000,10.352765187670657,138692.1586300761,49.006958241792915,45.95820050213115,6.494764074157853,7.505235925842147,WARNING_1,SYNTHETIC
4392000,42.90796934983249,208178.2572796401,81.09687853882929,85.11325819021425,67.43947269927995,-53.439472699279946,HIGH_RISK,SYNTHETIC
3800000,37.20987755244187,194521.32704364823,65.8370564317896,62.17738013299168,61.462810815317404,-47.462810815317404,WARNING_3,SYNTHETIC
4310000,40.7428896844637,245475.9882549263,83.66934062092511,72.42871568999567,91.01770545301895,-77.01770545301895,HIGH_RISK,SYNTHETIC
2509000,27.84320339748852,183059.73298524224,56.856095338158504,58.20328259072634,55.2469787232414,-41.2469787232414,WARNING_2,SYNTHETIC
2292000,28.475319889212905,181636.34339601832,52.28937313153094,56.58393851348977,52.02485169939539,-38.02485169939539,WARNING_2,SYNTHETIC
1323000,10.507416680518762,135496.01567990764,49.30939598117956,49.39220104566809,32.19440324806503,-18.19440324806503,WARNING_1,SYNTHETIC
1550000,12.949827864858747,173174.73238624333,48.853679411493545,46.12477392769025,42.53307699294964,-28.53307699294964,WARNING_1,SYNTHETIC
4647000,55.19175286573736,202590.07410878193,75.35822119521195,89.55873583126959,90.64150782335167,-76.64150782335167,HIGH_RISK,SYNTHETIC
315000,3.8819609668304005,123608.37611339844,32.87473018548423,30.639725424082734,1.9350966139800094,12.06490338601999,NORMAL,SYNTHETIC
1242000,13.128835664662692,131861.26470563374,47.06551384606473,49.94652345817397,4.342423900487701,9.657576099512298,WARNING_1,SYNTHETIC
2450000,24.81030719006943,188374.798836142,52.85862047697254,54.19394118724044,53.95995888257027,-39.95995888257027,WARNING_2,SYNTHETIC
1578000,18.521837256286748,178445.65526363076,40.27951323955168,46.25512291166894,8.246096583271175,5.753903416728825,WARNING_1,SYNTHETIC
4625000,40.63242967811338,220327.80588101345,70.17667712740692,87.76339991716974,70.47803063632448,-56.478030636324476,HIGH_RISK,SYNTHETIC
3116000,30.747588965794048,192042.05067022238,64.25293047511467,62.84811740542867,62.80916690887268,-48.80916690887268,WARNING_3,SYNTHETIC
69000,4.843113025244789,118001.22892269511,35.04545239703937,34.48458262268858,0.7068275818764826,13.293172418123518,NORMAL,SYNTHETIC
859000,5.549771484274977,115257.42664319565,34.57897369751385,30.814424812408177,0.9803885055577517,13.019611494442248,NORMAL,SYNTHETIC
2753000,21.87084616540437,185673.30176904183,51.56626999819534,51.02090054454122,54.81050545782465,-40.81050545782465,WARNING_2,SYNTHETIC
1632000,14.265265324533598,174042.4456939978,48.88061857605206,40.15164157854245,13.02864388999336,0.9713561100066403,WARNING_1,SYNTHETIC
1650000,18.845473702706073,163033.28009704148,48.215846707032405,43.290988377453026,39.55298010205245,-25.55298010205245,WARNING_1,SYNTHETIC
3860000,33.79559607653929,198042.79155586046,68.80720220859867,67.1469985401388,56.65508757862578,-42.65508757862578,WARNING_3,SYNTHETIC
3106000,34.66032943077739,191520.3233074265,68.74929104221087,61.212403747669164,62.64891710876242,-48.64891710876242,WARNING_3,SYNTHETIC
1074000,19.844708716640206,170543.8900215134,47.986907458158626,49.84846995512608,34.90249655543384,-20.902496555433842,WARNING_1,SYNTHETIC
4001000,59.916548666874476,236639.8682349624,76.8607046249108,70.78282358814921,84.35751800948378,-70.35751800948378,HIGH_RISK,SYNTHETIC
787000,3.801912236890445,123720.997390118,35.391682923569974,31.278823843523163,2.2988694887588665,11.701130511241134,NORMAL,SYNTHETIC
2605000,21.27450037510195,181012.32073567566,57.57380156281901,56.58412269740938,54.50566914585686,-40.50566914585686,WARNING_2,SYNTHETIC
3630000,36.4005301416301,190152.18196804693,65.6107318997675,62.35480717228341,63.318926657599825,-49.318926657599825,WARNING_3,SYNTHETIC
2121000,22.322416132472377,185504.2047503656,57.185918187331524,55.451752104273716,48.8874285569876,-34.8874285569876,WARNING_2,SYNTHETIC
1874000,11.739610087349966,141322.53306979872,45.465267698714314,40.324317575462835,11.78380123599252,2.21619876400748,WARNING_1,SYNTHETIC
811000,1.1459022566985009,118819.25263596073,38.73239936353881,31.375563474932115,2.106706480350445,11.893293519649555,NORMAL,SYNTHETIC
387000,9.370513008033802,116035.29733393862,30.448803224762766,39.44529665852626,0.6318821418661995,13.3681178581338,NORMAL,SYNTHETIC
2882000,27.696635253214932,185923.07662468444,53.25477493205427,54.83718596362011,46.94067437847704,-32.94067437847704,WARNING_2,SYNTHETIC
1175000,10.580096364492467,179531.2480436514,40.156735917059905,48.94440070727751,45.89460105872753,-31.89460105872753,WARNING_1,SYNTHETIC
3197000,31.031095778933462,192544.35317067837,62.52386230392293,60.75353137461187,62.12289090030047,-48.12289090030047,WARNING_3,SYNTHETIC
2623000,25.823260274890167,186739.27715962435,55.88175421404831,59.92548218159104,53.51040956929997,-39.51040956929997,WARNING_2,SYNTHETIC
1351000,17.556264388306676,175963.54379714222,41.660700992630204,48.83815960405769,24.850249292275603,-10.850249292275603,WARNING_1,SYNTHETIC
410000,6.858025677737525,126600.38358318056,36.818959050670735,36.58846148473426,1.2395853650241555,12.760414634975845,NORMAL,SYNTHETIC
4212000,40.622183783873126,212726.77626867717,73.79858382997391,80.58016973109868,75.88285981699579,-61.88285981699579,HIGH_RISK,SYNTHETIC
109000,8.942901089585806,113851.8164646182,31.628565512427024,39.37705432535979,1.6520256585837898,12.34797434141621,NORMAL,SYNTHETIC
4995000,53.3040753733216,219039.9323894641,77.928068503968,72.98171445567455,66.43045017195243,-52.43045017195243,HIGH_RISK,SYNTHETIC
3429000,37.91627172672439,190214.45410122714,63.227705531462924,65.14488688724494,65.75777821097648,-51.75777821097648,WARNING_3,SYNTHETIC
2809000,29.363196064940823,188428.19106583158,53.000230817340714,59.63003695210584,46.16542984564781,-32.16542984564781,WARNING_2,SYNTHETIC
2594000,28.042132980975065,184167.87571858536,56.35899209289451,57.97955825607059,47.45139199603949,-33.45139199603949,WARNING_2,SYNTHETIC
2836000,23.515632941821075,185251.95176572853,59.347553094842695,58.09127652316682,51.971029953724745,-37.971029953724745,WARNING_2,SYNTHETIC
2372000,21.20258883422666,181289.24344754106,51.62419323285108,50.45837690798683,55.26312000664493,-41.26312000664493,WARNING_2,SYNTHETIC
1235000,16.30652795547642,133755.39394227893,47.841258222958196,41.19122952797367,16.189779406737248,-2.189779406737248,WARNING_1,SYNTHETIC
2146000,20.183960558771737,181235.3000956506,54.14788512830526,59.642777095368245,49.722099279461176,-35.722099279461176,WARNING_2,SYNTHETIC
4975000,55.94382301131212,236467.97482564193,82.64717865019199,72.36072706389952,97.01381807058345,-83.01381807058345,HIGH_RISK,SYNTHETIC
599000,6.459147844990788,115294.23421239074,39.50664841469486,34.38316309414488,1.3126532151445915,12.687346784855409,NORMAL,SYNTHETIC
1434000,17.343560556331113,159957.6972334578,40.195664232226456,47.65441793873224,36.21560081849244,-22.21560081849244,WARNING_1,SYNTHETIC
4996000,58.21549479568387,216830.031463825,70.20218667412053,77.17860100841565,79.53990132609198,-65.53990132609198,HIGH_RISK,SYNTHETIC
538000,2.4599804373134964,126301.46192437508,30.12397213915796,31.54444643485386,0.5960076064724158,13.403992393527584,NORMAL,SYNTHETIC
721000,4.810157937236351,114403.157823046,38.07447376410155,35.149397215727724,1.7205867457486954,12.279413254251304,NORMAL,SYNTHETIC
4410000,40.379019264385505,249103.17370371494,78.71186434265165,86.93934114576679,87.69056835536182,-73.69056835536182,HIGH_RISK,SYNTHETIC
1872000,11.282386120317746,151895.74121770074,42.686970143017994,40.261124308388176,31.269762169788734,-17.269762169788734,WARNING_1,SYNTHETIC
2845000,29.067627426496372,184822.26628282256,55.400107253503755,51.277023554436084,47.759919830395226,-33.759919830395226,WARNING_2,SYNTHETIC
2053000,24.18518646570048,184188.67635259018,54.444701478364976,53.894635220597394,54.33355234717284,-40.33355234717284,WARNING_2,SYNTHETIC
2907000,20.33424739998922,188128.5073653118,57.04880908851579,54.54958662343029,47.1199348007884,-33.1199348007884,WARNING_2,SYNTHETIC
2254000,26.946675782072745,184742.37921033002,50.617819755396326,57.06967934017531,55.089277262713864,-41.089277262713864,WARNING_2,SYNTHETIC
3912000,32.749785014603745,194409.67963290692,62.61249641157765,69.8638265875209,58.48249139213298,-44.48249139213298,WARNING_3,SYNTHETIC
177000,9.732904963691366,117358.08680443635,38.23912361050797,33.646782903787965,2.9603889612385177,11.039611038761482,NORMAL,SYNTHETIC
2890000,22.987180129731314,184865.64598078412,57.10662326322436,59.19838270775826,55.963357001839924,-41.963357001839924,WARNING_2,SYNTHETIC
3673000,35.401212922055464,193688.15177861595,62.73128349809942,66.45335550382009,58.27098738330262,-44.27098738330262,WARNING_3,SYNTHETIC
80000,6.845959154881011,114884.10001531776,33.918377099100525,32.21952251447067,1.2345189293075078,12.765481070692491,NORMAL,SYNTHETIC
2561000,25.234073528290473,185439.15402903163,53.46176759182127,50.776936709145595,55.30693496703027,-41.30693496703027,WARNING_2,SYNTHETIC
1723000,18.89928318179566,136466.33329843637,44.05230497950469,47.53195525426483,19.026218734487546,-5.026218734487546,WARNING_1,SYNTHETIC
1617000,18.372769264627912,172582.62346722095,46.87983553973964,46.891390697680954,6.14600771204945,7.85399228795055,WARNING_1,SYNTHETIC
1654000,12.958536248874047,156046.4757559284,42.22113264704127,43.50381685556802,39.858318667016746,-25.858318667016746,WARNING_1,SYNTHETIC
2328000,23.772119654274395,188299.95637298707,52.31452890717852,50.757976820866254,55.66507069210352,-41.66507069210352,WARNING_2,SYNTHETIC
4613000,45.632179089055874,209356.34473792068,87.33269591696586,86.93443455526537,75.7623862791995,-61.762386279199504,HIGH_RISK,SYNTHETIC
221000,5.299539599093493,114245.54277681487,34.52450234834758,38.11870153187586,0.23946500729319622,13.760534992706804,NORMAL,SYNTHETIC
93000,4.352986789649046,115156.16819404709,32.138308212779975,39.64581204436311,0.7220748209448173,13.277925179055183,NORMAL,SYNTHETIC
2609000,27.701921568685577,180038.4205410621,58.49540603034801,53.05815493160456,55.763414827661435,-41.763414827661435,WARNING_2,SYNTHETIC
3382000,38.9976429790793,198597.87018726303,69.30982927462381,63.191859074564825,60.23461914470135,-46.23461914470135,WARNING_3,SYNTHETIC
4415000,53.99654252040723,229059.23409334788,84.99424588304892,73.48665039131733,83.41975932330811,-69.41975932330811,HIGH_RISK,SYNTHETIC
1397000,13.324378616402084,137776.4745380126,43.26219588644522,47.59184738517097,40.137121865500205,-26.137121865500205,WARNING_1,SYNTHETIC
4686000,59.20029728787439,238355.30000253022,79.26295263710198,89.22729931251915,92.32442074934619,-78.32442074934619,HIGH_RISK,SYNTHETIC
1292000,18.640374844955602,175390.19483607024,48.30641671672591,44.64532380892912,33.276114503272424,-19.276114503272424,WARNING_1,SYNTHETIC
2164000,21.16672252868527,188276.5826028113,50.797021914290916,52.92426492098869,47.11036151684932,-33.11036151684932,WARNING_2,SYNTHETIC
2939000,29.196000963061316,187233.17365378415,53.54535346112491,58.940411901086556,48.193815588185224,-34.193815588185224,WARNING_2,SYNTHETIC
3668000,32.50997669051337,194938.0352201707,65.18575616846803,66.03214540623127,63.34072719694516,-49.34072719694516,WARNING_3,SYNTHETIC
812000,9.739144320988459,124858.12619716165,36.93505424356061,35.64071818925157,1.621584761892747,12.378415238107253,NORMAL,SYNTHETIC
1258000,14.323686475789062,154110.15729012547,47.14619362051173,47.61893710998842,19.914674523424996,-5.9146745234249956,WARNING_1,SYNTHETIC
889000,7.02414624586436,118925.64677160882,31.268587479617167,32.54772424097537,2.9992015829761,11.0007984170239,NORMAL,SYNTHETIC
1451000,15.787175716037662,144233.2370057073,43.2102494578851,41.00025472866209,13.850677212222102,0.14932278777789776,WARNING_1,SYNTHETIC
3316000,37.363630275202546,197030.51912747903,67.23342400397424,60.31588336599762,61.105363482225684,-47.105363482225684,WARNING_3,SYNTHETIC
2559000,28.444362071348177,185930.34323965662,52.63464847621015,57.17982388698974,49.09624367272162,-35.09624367272162,WARNING_2,SYNTHETIC
3574000,35.13412638386023,199072.8780386209,65.9291146705046,65.79227582451935,64.68611240362767,-50.686112403627675,WARNING_3,SYNTHETIC
2680000,25.0383634898274,184043.7168440211,59.79624535606925,51.85434702606815,54.65596663628128,-40.65596663628128,WARNING_2,SYNTHETIC
4651000,47.4572807281458,224673.0055333528,76.20655463929704,81.64644024980194,93.0063656043712,-79.0063656043712,HIGH_RISK,SYNTHETIC
4811000,58.1528762517989,202771.73512147876,83.44562775742449,85.96933121836494,73.90407113473806,-59.90407113473806,HIGH_RISK,SYNTHETIC
4679000,46.07715005309112,224648.0684897234,83.68785197073979,74.24272688436687,97.9043502987364,-83.9043502987364,HIGH_RISK,SYNTHETIC
2964000,25.409409697001763,182532.83097649843,54.939570368370696,58.422139468876274,51.41409058988005,-37.41409058988005,WARNING_2,SYNTHETIC
2672000,22.999038126901276,184748.76154599251,51.49629446236017,52.16192126451037,51.43827760595062,-37.43827760595062,WARNING_2,SYNTHETIC
561000,3.1442735956902794,122270.32969459664,36.783106084017085,35.03932964430234,0.8793510318717441,13.120648968128256,NORMAL,SYNTHETIC
2778000,27.46701793783005,183617.26632914328,54.74407772972152,51.69348037889607,55.188390304005146,-41.188390304005146,WARNING_2,SYNTHETIC
2948000,24.677820833760954,185233.80905948268,52.69788150180508,59.48317063731274,54.14359830490707,-40.14359830490707,WARNING_2,SYNTHETIC
2817000,27.294012787321964,182373.41089519148,58.47145622568755,58.399141084072156,55.4313608349563,-41.4313608349563,WARNING_2,SYNTHETIC
2758000,29.30505895223689,182998.36945043606,53.87700174683051,52.00717542022529,46.425523146812914,-32.425523146812914,WARNING_2,SYNTHETIC
1756000,11.514409223554487,169936.63823268516,41.29234603873393,42.77288849975667,35.25640982494506,-21.25640982494506,WARNING_1,SYNTHETIC
724000,1.9064236203453975,119912.10156402286,31.67937980598864,38.19726771144733,0.39644827855858755,13.603551721441413,NORMAL,SYNTHETIC
219000,4.498688105659478,111321.5842183879,33.14717447465363,33.30600554140978,2.116675540040273,11.883324459959727,NORMAL,SYNTHETIC
4139000,49.99323616727684,248478.6120032057,76.42350937431897,72.61267763812062,95.86515098384848,-81.86515098384848,HIGH_RISK,SYNTHETIC
3957000,36.54589016534211,194737.52156843696,69.3917784661338,60.20864731159638,58.20029644794966,-44.20029644794966,WARNING_3,SYNTHETIC
1588000,14.946335113371727,173192.56424403022,46.218062597123215,44.91315520553946,36.27660142680392,-22.27660142680392,WARNING_1,SYNTHETIC
3347000,34.310920567757904,198247.92750604035,64.60490204402268,67.37873883636057,56.635627164979645,-42.635627164979645,WARNING_3,SYNTHETIC
3970000,33.04639975013798,197608.20726153284,68.11167363869727,64.51959339265122,65.02305563095821,-51.02305563095821,WARNING_3,SYNTHETIC
4707000,42.38148370143036,242595.30222198492,75.58505054823132,73.38105213770528,81.31087787258308,-67.31087787258308,HIGH_RISK,SYNTHETIC
43000,3.7488264441619616,123258.1942842019,39.2916263227107,34.473840728041196,2.789020615043695,11.210979384956305,NORMAL,SYNTHETIC
3001000,31.11779170658502,193657.20980549947,61.34728745675723,68.01163537803282,65.82606284321953,-51.82606284321953,WARNING_3,SYNTHETIC
210000,7.109509433657402,125158.20637465721,39.997653369143435,33.51702390850264,2.1579582652390266,11.842041734760974,NORMAL,SYNTHETIC
677000,5.372866045947076,118824.45496961116,38.178353099580804,35.715158013452765,0.5706788155121811,13.429321184487819,NORMAL,SYNTHETIC
354000,5.100669346234801,127486.68512669626,34.26244203180057,34.95491341268682,2.6989479735911055,11.301052026408895,NORMAL,SYNTHETIC
1433000,14.326625411686729,175833.0813498265,41.428635704383105,46.48828712483467,22.59878224830248,-8.59878224830248,WARNING_1,SYNTHETIC
949000,3.9860348824817367,128499.24945413892,38.75294483650848,32.953275760767326,2.1351696407050804,11.86483035929492,NORMAL,SYNTHETIC
2843000,28.07242403623111,185348.20078375246,52.30272777812942,56.14858140922161,52.19633892172357,-38.19633892172357,WARNING_2,SYNTHETIC
577000,6.1666906767254295,126956.73734447309,38.58966249693431,32.56675892142167,0.421393696630276,13.578606303369725,NORMAL,SYNTHETIC
3928000,33.86742114516723,191451.86239473402,66.36587832992942,67.53281055843904,62.35210315732254,-48.35210315732254,WARNING_3,SYNTHETIC
544000,2.2460438194052177,119349.69078857143,35.275448744971825,33.30024343248666,1.1954532521786898,12.80454674782131,NORMAL,SYNTHETIC
367000,6.906836437115615,112792.47308358242,34.18574791361454,36.4741082287607,1.8485581923708017,12.151441807629197,NORMAL,SYNTHETIC
1612000,12.940248855939906,155475.4207582836,46.712439981634596,46.4638215174583,30.259802644751915,-16.259802644751915,WARNING_1,SYNTHETIC
3550000,37.01801759552944,192295.08162565538,63.94548420528143,66.78380389030887,63.430326841915374,-49.430326841915374,WARNING_3,SYNTHETIC
3716000,31.089780998694078,195302.91153690137,64.94873741162974,65.06087085089017,64.29634858098612,-50.29634858098612,WARNING_3,SYNTHETIC
3779000,34.01043524327984,190386.97744540585,63.264661131554206,63.25947380139735,57.81118981490031,-43.81118981490031,WARNING_3,SYNTHETIC
135000,1.200674065061338,116366.52775258041,35.31823855777934,37.61021572981497,0.2570317263162575,13.742968273683742,NORMAL,SYNTHETIC
4480000,48.29529347229101,234267.1724647465,88.00034388385646,71.99412679475799,97.35747110216477,-83.35747110216477,HIGH_RISK,SYNTHETIC
1437000,12.121467532455842,145710.56012595387,43.64175036293696,48.00625133680879,35.463456256038974,-21.463456256038974,WARNING_1,SYNTHETIC
47000,3.5372873145861483,125563.02845088024,35.46987787578218,36.42525887888533,0.9422164080099213,13.057783591990079,NORMAL,SYNTHETIC
1360000,16.481592864359904,147410.46271152498,44.84273720939376,41.80077736479202,15.082775676789236,-1.082775676789236,WARNING_1,SYNTHETIC
734000,1.532650367273518,127332.17664307344,32.72045189177669,31.672912284042294,2.7460436837927573,11.253956316207242,NORMAL,SYNTHETIC
1534000,18.41215473643822,152434.88724287122,43.402986867550716,47.41842944111832,42.45284663115192,-28.45284663115192,WARNING_1,SYNTHETIC
2004000,23.107615265889986,187421.8198700484,51.83025989457798,54.311662240997016,46.48797694523832,-32.48797694523832,WARNING_2,SYNTHETIC
3795000,36.89948822042767,195722.87093514166,65.17198513683111,69.96937081191338,57.883134096669664,-43.883134096669664,WARNING_3,SYNTHETIC
2519000,29.52510200799156,185697.73994316076,52.105958776820486,55.782221455379826,52.232224060466066,-38.232224060466066,WARNING_2,SYNTHETIC
1972000,15.400910658482921,142438.7274236583,45.29699555275967,48.29162792150081,45.33172130388354,-31.33172130388354,WARNING_1,SYNTHETIC
996000,6.623320113524649,115702.44800830378,36.551138914247645,30.952336102883756,0.6714910162070526,13.328508983792947,NORMAL,SYNTHETIC
61000,5.145646614059567,122201.20965774347,32.658094132750655,34.419010737450705,2.1702426823957115,11.829757317604289,NORMAL,SYNTHETIC
1108000,15.14889040216746,148386.32252781856,43.441052228437286,46.04849540242205,37.89939424515,-23.89939424515,WARNING_1,SYNTHETIC
2405000,22.089605368762804,184162.55513288712,57.29068695867711,54.93871082783041,54.830150085415916,-40.830150085415916,WARNING_2,SYNTHETIC
95000,6.546486819446219,118199.64776450087,33.42650296033641,30.474734974330943,1.104980410579792,12.895019589420208,NORMAL,SYNTHETIC
478000,6.584736233280715,119725.61225341164,33.733835432586744,39.321102598153615,2.5197914551501635,11.480208544849837,NORMAL,SYNTHETIC
4359000,56.35924127900006,203732.7650502694,82.31603378343434,77.56563872420904,70.09823843918241,-56.09823843918241,HIGH_RISK,SYNTHETIC
4112000,47.13013511870561,217238.3801707729,70.89895174736004,83.98761980719755,93.92738981928484,-79.92738981928484,HIGH_RISK,SYNTHETIC
3707000,39.76296468964092,194655.92012132978,62.302376975252066,62.35723567998831,64.1792331892148,-50.1792331892148,WARNING_3,SYNTHETIC
1101000,13.016105142167353,139889.15831579157,42.63555105037475,41.87885195225839,25.416384102877892,-11.416384102877892,WARNING_1,SYNTHETIC
2746000,25.018492227789494,182890.79378268364,58.52372001658345,58.61117072130979,49.64605697012795,-35.64605697012795,WARNING_2,SYNTHETIC
2170000,25.086845552894694,180719.18022051535,55.23413083630493,59.92489547138154,54.39233381698279,-40.39233381698279,WARNING_2,SYNTHETIC
322000,3.8895786040412617,110109.46217669256,34.03273582930344,37.076809100800766,1.9319126622089569,12.068087337791043,NORMAL,SYNTHETIC
4254000,40.24941434850759,227849.33135390712,83.17742434365171,72.33356627579822,84.03640028025747,-70.03640028025747,HIGH_RISK,SYNTHETIC
3142000,30.558090506341877,191993.99523118616,65.34479920799724,69.57874600725043,58.70843583061743,-44.70843583061743,WARNING_3,SYNTHETIC
3537000,30.44601796976823,198815.8204426443,61.97163276175193,68.10798619275113,58.967522619369504,-44.967522619369504,WARNING_3,SYNTHETIC
4925000,58.148779407825664,200953.68029334128,77.375313379552,81.63770785248295,91.84515432503309,-77.84515432503309,HIGH_RISK,SYNTHETIC
2924000,23.026879764054765,181908.36815532102,59.49474755459009,56.70710244111153,47.139820529502586,-33.139820529502586,WARNING_2,SYNTHETIC
1149000,12.840352545171367,166660.49734882673,46.048823142433015,41.01796104299603,7.940850728314551,6.059149271685449,WARNING_1,SYNTHETIC
3617000,32.11095088939766,198799.24361358708,62.52099116460645,65.90585267327229,60.155830938196345,-46.155830938196345,WARNING_3,SYNTHETIC
291000,1.4572644248929174,123175.06819633402,37.08184486759117,37.2045915285595,0.3827762565402476,13.617223743459752,NORMAL,SYNTHETIC
3749000,33.619527056060605,195556.90718785016,64.08650871364927,63.64509999936927,63.5710541200632,-49.5710541200632,WARNING_3,SYNTHETIC
3586000,31.09849018934771,197249.94747895154,68.5749084246938,60.71444421899813,57.43525022469436,-43.43525022469436,WARNING_3,SYNTHETIC
533000,6.639819984358203,124100.56393048386,30.16482200596157,31.643787259244437,1.5481451970526356,12.451854802947365,NORMAL,SYNTHETIC
3607000,35.2509510843914,192792.07188101904,61.354911836529354,67.18189542135238,65.26435605387738,-51.26435605387738,WARNING_3,SYNTHETIC
2648000,22.726891613432237,183389.9295215923,52.0037742366991,51.06795506598157,54.94450362055945,-40.94450362055945,WARNING_2,SYNTHETIC
4810000,53.577213015710434,239817.01437012994,87.68572917071624,72.69434832010667,96.83193476468945,-82.83193476468945,HIGH_RISK,SYNTHETIC
1983000,13.431782391285488,168322.7126115897,49.73107588834857,48.28313996792702,28.770676815468672,-14.770676815468672,WARNING_1,SYNTHETIC
2932000,27.277302180617465,181400.34491638793,54.78915575584443,55.86508076230493,54.3213257520198,-40.3213257520198,WARNING_2,SYNTHETIC
1536000,13.048960942166747,136148.10987544965,45.124295694539384,41.20269258624096,39.884055950784784,-25.884055950784784,WARNING_1,SYNTHETIC
4534000,49.007208757605646,222892.7041738359,86.12250074803634,87.66253903238879,86.88946242221378,-72.88946242221378,HIGH_RISK,SYNTHETIC
4172000,53.231253017940226,208300.60118335424,88.1387246636761,85.25429361554734,85.08359996936277,-71.08359996936277,HIGH_RISK,SYNTHETIC
3360000,38.421527359042145,192002.37250510405,69.46539351248678,66.06712227825781,64.49950189200455,-50.499501892004545,WARNING_3,SYNTHETIC
3665000,38.01315097713869,191151.77855462252,62.30926467239007,65.05731851837825,59.17115107286185,-45.17115107286185,WARNING_3,SYNTHETIC
4005000,48.362369621172746,211581.898939516,82.38371239334823,88.91825772683815,76.37212614264214,-62.372126142642145,HIGH_RISK,SYNTHETIC
3626000,34.55688091165498,192622.33285872664,64.18504952386267,64.38963007495053,63.09725326557324,-49.09725326557324,WARNING_3,SYNTHETIC
586000,2.562057925445314,116892.81773023236,33.343592267173925,33.9044651039696,1.6161231792997222,12.383876820700278,NORMAL,SYNTHETIC
3256000,37.142514767703034,196197.5587453412,64.98543280337353,64.960217001337,59.28309844427121,-45.28309844427121,WARNING_3,SYNTHETIC
2298000,25.872666355016907,187347.29442096135,52.102819932407826,55.18895539006336,47.037799765758,-33.037799765758,WARNING_2,SYNTHETIC
3988000,30.73833825674142,195673.66858175435,66.8896211964486,65.11290891888278,61.788605677444636,-47.788605677444636,WARNING_3,SYNTHETIC
584000,9.072571518454751,122125.9879638543,30.038941463811327,39.151384037450995,2.081644022438843,11.918355977561157,NORMAL,SYNTHETIC
2423000,22.7141998326193,181205.21168919868,50.207575162134326,55.31308698239175,55.42637122033045,-41.42637122033045,WARNING_2,SYNTHETIC
1391000,13.938010697261433,161301.41898418922,40.24070899278896,44.40603928657497,39.34405744262961,-25.344057442629612,WARNING_1,SYNTHETIC
4525000,55.84444217506143,232659.71592329175,82.07738209986083,78.94789396181233,82.45027277956731,-68.45027277956731,HIGH_RISK,SYNTHETIC
4920000,51.96712941168966,212687.1082719175,88.66737472262399,72.29658298784084,66.33504862124902,-52.335048621249015,HIGH_RISK,SYNTHETIC
4800000,41.38860917289071,227661.61638810846,74.59788245070419,84.22957935667637,76.31490079262032,-62.31490079262032,HIGH_RISK,SYNTHETIC
3240000,36.07821666064712,195492.76445002411,62.387384909685856,64.47407591317622,63.151495476222216,-49.151495476222216,WARNING_3,SYNTHETIC
4281000,50.76739397162619,224489.45258352187,88.14364973476482,78.37758885520569,76.49152805546845,-62.49152805546845,HIGH_RISK,SYNTHETIC
3338000,39.00639451853697,195009.03419666126,66.29096894601886,68.10282260424216,64.59109982001493,-50.59109982001493,WARNING_3,SYNTHETIC
3220000,31.924974054281734,192389.7115510681,67.75742879682876,66.75127126024698,58.40013218557914,-44.40013218557914,WARNING_3,SYNTHETIC
2111000,23.04717446373126,185200.07630462584,54.35135777051985,51.065867723187765,50.448062940135934,-36.448062940135934,WARNING_2,SYNTHETIC
1174000,11.82647800644818,151277.77285851803,43.648127669627435,40.84755276334894,41.82188789749866,-27.821887897498662,WARNING_1,SYNTHETIC
4862000,42.39112289251171,217885.3288564767,87.14872251793244,87.14867692804113,94.20333118196058,-80.20333118196058,HIGH_RISK,SYNTHETIC
3811000,36.277097042374194,199360.81878941058,68.7787449714767,67.59409428500449,65.67672893076835,-51.67672893076835,WARNING_3,SYNTHETIC
1867000,17.183885571463072,132171.95959165748,41.92427298680153,44.12151972868356,36.82585382380119,-22.82585382380119,WARNING_1,SYNTHETIC
2614000,25.882961025591644,188575.22882208435,51.66876897597025,58.72697160749619,54.192500567653155,-40.192500567653155,WARNING_2,SYNTHETIC
3866000,34.84255281406677,193923.99273560123,62.974228099465705,61.48273825781922,64.6474841371032,-50.647484137103206,WARNING_3,SYNTHETIC
4885000,46.53221384026814,210398.67537138562,80.50013406386523,79.11164035690778,71.90285529479716,-57.90285529479716,HIGH_RISK,SYNTHETIC
3778000,35.85027469837179,195167.4257145549,60.767283265612285,60.24108994422193,57.06161389725578,-43.06161389725578,WARNING_3,SYNTHETIC
3846000,33.19719295963399,192548.17041643642,69.20886805066996,68.64926517243924,64.5149438083394,-50.514943808339396,WARNING_3,SYNTHETIC
2416000,24.767698760343407,187687.8628393347,59.12308175010562,58.82122664578521,54.59200727235601,-40.59200727235601,WARNING_2,SYNTHETIC
70000,2.888345120811857,127502.15226645023,38.595307918093255,30.162571098927184,1.3000019480832667,12.699998051916733,NORMAL,SYNTHETIC
4880000,49.53058110268162,237115.1305483975,79.26629867765608,77.2222786400198,78.92762526554733,-64.92762526554733,HIGH_RISK,SYNTHETIC
1126000,14.450869489131033,142249.79796864913,43.239563978109686,44.25181009506145,14.133759061664753,-0.13375906166475282,WARNING_1,SYNTHETIC
4024000,57.10396831710487,226348.24243987302,82.85796637264951,79.07010274900122,78.34703266862812,-64.34703266862812,HIGH_RISK,SYNTHETIC
3250000,37.56625064349396,191732.73795895764,66.37935932515627,62.694118992503434,60.350029883968595,-46.350029883968595,WARNING_3,SYNTHETIC
3901000,33.2541102147324,190107.98938018724,65.03701264993565,62.591826773762456,60.01061138424738,-46.01061138424738,WARNING_3,SYNTHETIC
1095000,15.600583804334484,148728.09951329124,42.70854400013333,48.603786463224836,28.83796279106948,-14.83796279106948,WARNING_1,SYNTHETIC
4545000,49.94713607899263,202411.5646002464,84.65958966927087,83.87135548265975,89.26377731935257,-75.26377731935257,HIGH_RISK,SYNTHETIC
1212000,19.630669136507727,149100.04596137005,46.62155263540884,46.711192649713354,8.886183333469022,5.113816666530978,WARNING_1,SYNTHETIC
3921000,37.43674882969164,196899.6879720199,69.28714952777781,60.91516408830612,64.73857766532839,-50.73857766532839,WARNING_3,SYNTHETIC
1425000,16.49529565600981,131126.91958092034,41.94858642999238,45.55957399088726,36.62304792467391,-22.623047924673912,WARNING_1,SYNTHETIC
3066000,38.299397640982804,191648.6695484068,63.0319638655814,61.857458169463506,61.53476014676856,-47.53476014676856,WARNING_3,SYNTHETIC
4519000,53.73197418421953,244293.18584205466,77.71238042604392,81.99107830202709,95.2160755788808,-81.2160755788808,HIGH_RISK,SYNTHETIC
2100000,29.75217609085677,188591.05749380865,51.54641162755992,50.447543699872945,47.01523214903984,-33.01523214903984,WARNING_2,SYNTHETIC
807000,2.521906640690287,118936.77684828306,37.31029873148411,36.29585416472596,1.8651674813692807,12.13483251863072,NORMAL,SYNTHETIC
4743000,43.04087616814326,239658.80515681044,85.30547288533934,73.03809496978812,84.53036052283493,-70.53036052283493,HIGH_RISK,SYNTHETIC
3750000,30.60623216128406,191979.01350619816,64.67513770773768,63.43616625121589,56.41409301280331,-42.41409301280331,WARNING_3,SYNTHETIC
1362000,11.507641528848769,156003.04387976875,48.98138745517087,44.89770769703571,30.153842714885116,-16.153842714885116,WARNING_1,SYNTHETIC
2317000,25.13825535754168,180141.52282551295,55.3781254080004,53.39121538909755,53.22784306067882,-39.22784306067882,WARNING_2,SYNTHETIC
4581000,49.570978975450664,240592.9661428521,87.41841098732957,75.12314751372254,70.61049707056102,-56.610497070561024,HIGH_RISK,SYNTHETIC
4741000,59.80401894601283,235781.0659272617,79.74933624605656,86.93251432592743,69.82364868425569,-55.82364868425569,HIGH_RISK,SYNTHETIC
1025000,16.13106696878789,173554.421907125,45.26955087431814,44.922371643706015,25.57998157914574,-11.579981579145741,WARNING_1,SYNTHETIC
3109000,38.51247080234631,199015.48754529972,65.88356736878437,68.35338688449458,58.13090745542198,-44.13090745542198,WARNING_3,SYNTHETIC
2110000,23.79534743444497,183856.35588781297,54.60095096959579,54.21130689820943,55.692123257927165,-41.692123257927165,WARNING_2,SYNTHETIC
1041000,11.592367246133326,130280.96634377317,42.0542244652728,44.165149471964725,9.076413055821659,4.923586944178341,WARNING_1,SYNTHETIC
1876000,16.113115988952025,131303.59656642296,46.51737141552408,48.80866506797768,38.63848368822273,-24.638483688222728,WARNING_1,SYNTHETIC
881000,6.295617851635835,122733.40559832612,30.935663856088006,39.14599244371762,1.8711445367412498,12.12885546325875,NORMAL,SYNTHETIC
4299000,42.95910956425859,215208.75456582292,76.81920513327384,89.4002990938746,91.30066598592127,-77.30066598592127,HIGH_RISK,SYNTHETIC
1192000,11.311847592531624,139742.7303870716,45.58323856493179,41.22830881170292,25.415638745443825,-11.415638745443825,WARNING_1,SYNTHETIC
4587000,51.89113159177561,203672.3529863401,80.94582560568688,81.98528556189666,68.08164613770501,-54.08164613770501,HIGH_RISK,SYNTHETIC
4510000,43.936026135046774,248097.13217104474,78.64369660996145,87.61509782821415,90.14055353368653,-76.14055353368653,HIGH_RISK,SYNTHETIC
3670000,38.232761163363485,199547.99547937582,65.92636827359549,69.44913851618934,57.37030820493553,-43.37030820493553,WARNING_3,SYNTHETIC
624000,9.605669415849794,117904.69307517789,35.712131913519976,36.68443570705774,0.5059592648917153,13.494040735108285,NORMAL,SYNTHETIC
2796000,21.91389905134723,184894.61320211683,58.75617890151098,50.578611957935564,50.88402905283117,-36.88402905283117,WARNING_2,SYNTHETIC
4291000,52.63664187981941,223609.71141916674,84.44849599186347,83.53580927538674,69.09678433047455,-55.09678433047455,HIGH_RISK,SYNTHETIC
4968000,45.95545864657042,221404.7901251259,70.46494505420664,82.7454065583503,94.04089365764246,-80.04089365764246,HIGH_RISK,SYNTHETIC
233000,6.245174468462482,123590.54018417916,39.49851379915863,30.999318089723637,2.3643916733359966,11.635608326664004,NORMAL,SYNTHETIC
4566000,51.8621060233696,230003.94758672343,78.63857907582793,70.15988697101405,86.27691874918412,-72.27691874918412,HIGH_RISK,SYNTHETIC
1662000,15.330836471724599,136790.15549550406,46.57529170367753,49.92206874777324,14.424408044607766,-0.42440804460776604,WARNING_1,SYNTHETIC
415000,3.119286910762094,125915.7713033394,31.072870575237268,32.32080460669788,2.3706531061410017,11.629346893858997,NORMAL,SYNTHETIC
4246000,44.09917068883663,248886.577858322,72.0015655555626,85.60561814497171,84.10074139115031,-70.10074139115031,HIGH_RISK,SYNTHETIC
2173000,21.97543305674472,189566.3969262144,55.59394936904371,54.75398833183732,51.61539273705975,-37.61539273705975,WARNING_2,SYNTHETIC
1456000,11.864635431195826,153602.47526371616,47.3385227044777,49.52670611031941,11.876085291103607,2.123914708896393,WARNING_1,SYNTHETIC
746000,3.931228616893613,124879.89445389982,32.06272903405346,32.501710528050296,1.4408983642868056,12.559101635713194,NORMAL,SYNTHETIC
17000,1.561591853716743,126920.15122615817,30.32043589378177,30.91559834370569,1.4677608863158897,12.53223911368411,NORMAL,SYNTHETIC
1200000,12.647316079104801,155296.4947512298,43.805578881710474,40.317569121516094,10.072376254625814,3.927623745374186,WARNING_1,SYNTHETIC
1699000,10.631782114937735,157833.93615788632,45.818684971092935,41.217527376485826,12.550075719737322,1.4499242802626782,WARNING_1,SYNTHETIC
3253000,32.48151382987683,190707.98048384595,62.10540540870168,62.13303610871595,59.9659772489959,-45.9659772489959,WARNING_3,SYNTHETIC
596000,7.186694498150255,113838.42322822171,30.887344930078893,38.69457123234689,1.4169090100641768,12.583090989935823,NORMAL,SYNTHETIC
3226000,33.201894525073676,199844.06030827688,64.0865671000835,60.61121232456543,56.57901894642229,-42.57901894642229,WARNING_3,SYNTHETIC
4405000,58.32058292338571,202373.51201612863,85.18751071246353,77.36116683823711,68.26190915820396,-54.26190915820396,HIGH_RISK,SYNTHETIC
4719000,40.33168477880544,225267.75229443217,79.7067700578335,79.87593284494517,75.41117264075905,-61.41117264075905,HIGH_RISK,SYNTHETIC
1505000,13.688936929856983,132037.62250701,47.3820971823964,42.86571937019012,29.935595197194424,-15.935595197194424,WARNING_1,SYNTHETIC
1412000,13.37887412738149,151700.799827868,41.042063936707166,46.4060645990425,13.684390279402322,0.3156097205976778,WARNING_1,SYNTHETIC
1965000,12.482469408101068,158242.5527075444,48.15989849157971,41.75736248318753,3.5321293326664103,10.467870667333589,WARNING_1,SYNTHETIC
371000,3.3807074800095465,128946.39591459208,33.26898351876989,30.363056761044753,0.5327171183336727,13.467282881666327,NORMAL,SYNTHETIC
1340000,13.46286888214815,173651.6726632673,45.51348699589053,41.7206603090367,5.409109764745137,8.590890235254863,WARNING_1,SYNTHETIC
598000,9.639892338374313,126239.76403021089,39.42504619233481,39.51279947606618,1.1280988695482168,12.871901130451784,NORMAL,SYNTHETIC
238000,1.156963698997492,113522.76598346159,33.68344164206344,33.55204323596008,1.703599827571798,12.296400172428202,NORMAL,SYNTHETIC
3400000,32.997166908265065,198962.6109753637,68.48362188190501,67.47403398058617,62.587327977430704,-48.587327977430704,WARNING_3,SYNTHETIC
2067000,29.604996233664842,184316.44187837007,59.64859827335535,58.29105066015036,53.589043584113355,-39.589043584113355,WARNING_2,SYNTHETIC
810000,1.0352669216533876,114447.35855793621,30.449642424988276,35.67756116841191,1.6490146843019375,12.350985315698063,NORMAL,SYNTHETIC
1094000,19.948749416800812,178623.13676458405,46.79389020409851,40.54157234648188,12.646209286497067,1.3537907135029332,WARNING_1,SYNTHETIC
4324000,58.18954086993897,221197.69584424922,82.53648160040444,78.08482255974451,76.76193920467747,-62.761939204677475,HIGH_RISK,SYNTHETIC
4760000,42.231665981409705,216751.45923942508,85.01743330107774,81.10254753444806,68.15851724577175,-54.15851724577175,HIGH_RISK,SYNTHETIC
3676000,38.1209564504144,198165.816731211,68.51085579590637,66.30325096940885,62.167136256569606,-48.167136256569606,WARNING_3,SYNTHETIC
3464000,38.20850335090018,193143.1155372697,66.29110772069507,67.83521786739703,57.12091133563702,-43.12091133563702,WARNING_3,SYNTHETIC
3103000,30.342247153963534,193661.07354885113,69.88285180354515,63.86942821172932,62.575333844521914,-48.575333844521914,WARNING_3,SYNTHETIC
2749000,21.678677198603655,187593.3574593408,53.46462484730681,55.8088915663339,54.962523508459775,-40.962523508459775,WARNING_2,SYNTHETIC
2295000,26.69069414757053,188500.32877026076,57.664353452825736,52.64221454131071,54.848664848700245,-40.848664848700245,WARNING_2,SYNTHETIC
4192000,53.25148762462719,216100.2023142215,70.2709662477642,75.88604724490159,77.73970684778203,-63.73970684778203,HIGH_RISK,SYNTHETIC
3708000,33.15013108515666,196435.85097934777,68.43370874234348,68.91590816225104,59.371384726483754,-45.371384726483754,WARNING_3,SYNTHETIC
3018000,30.412498950788557,197072.9413313528,66.68654798102486,66.54113617047165,57.898070288092626,-43.898070288092626,WARNING_3,SYNTHETIC
4252000,46.381962278278024,242335.71817118052,83.2377262756341,70.57654801367968,83.15011904837465,-69.15011904837465,HIGH_RISK,SYNTHETIC
803000,6.225708822650339,123870.8093917344,35.95857950730985,31.782068564804653,1.4953648945516467,12.504635105448353,NORMAL,SYNTHETIC
4190000,46.86420108398193,245831.32999692005,83.60796942075386,78.18917442489484,92.14404632560466,-78.14404632560466,HIGH_RISK,SYNTHETIC
3705000,31.094838966402076,194261.88884196058,64.09551202116366,64.34504003445878,62.168721763238864,-48.168721763238864,WARNING_3,SYNTHETIC
751000,3.837915880516023,114030.69950784766,37.24012252184348,35.115311366376474,1.683441710540919,12.316558289459081,NORMAL,SYNTHETIC
4644000,55.75896355025694,204385.62191482243,80.1114414872334,80.0402374913929,77.17288286803002,-63.172882868030015,HIGH_RISK,SYNTHETIC
2531000,20.747152825172247,180497.8205754535,55.633185569814316,50.83883402688567,47.052472900269194,-33.052472900269194,WARNING_2,SYNTHETIC
621000,5.309357727988772,120378.29284974169,39.595962620594946,32.775111194340155,2.8281098781650935,11.171890121834906,NORMAL,SYNTHETIC
2297000,24.297745291050557,188761.5187288807,50.49830045732216,52.35772060993136,49.7119472558836,-35.7119472558836,WARNING_2,SYNTHETIC
3828000,37.213280944237084,197625.82969200338,65.05412060963154,66.82820458282322,59.811073329382864,-45.811073329382864,WARNING_3,SYNTHETIC
566000,7.713546567547857,111623.08000847799,30.412530325065624,38.607333618648696,2.3140738570016195,11.68592614299838,NORMAL,SYNTHETIC
1135000,15.050358527882633,142346.21499713513,46.8000656280617,44.25209315804661,32.93443842852308,-18.93443842852308,WARNING_1,SYNTHETIC
1204000,11.784231615594935,137359.04697041452,46.10440774049319,43.07247879702484,4.352534358471722,9.647465641528278,WARNING_1,SYNTHETIC
1047000,18.323284787130284,134804.76053147286,43.325336256865754,49.7821853832611,20.632442823593276,-6.632442823593276,WARNING_1,SYNTHETIC
51000,1.0647879738088486,112587.2560691655,30.162304563424716,30.975447067729828,2.07330480434617,11.92669519565383,NORMAL,SYNTHETIC
3651000,37.600209255042486,197847.10083915154,67.23635395937427,67.84775002637478,58.88508893931264,-44.88508893931264,WARNING_3,SYNTHETIC
1044000,12.533268297339342,156435.01481423437,49.62337613927192,49.31840812111799,16.29561590870079,-2.295615908700789,WARNING_1,SYNTHETIC
2181000,26.13515259502641,180176.72192914147,58.114360615718226,59.29522871558604,54.39571434932668,-40.39571434932668,WARNING_2,SYNTHETIC
2688000,24.856797467322256,185960.89575640042,51.54384343135405,53.990875930900984,53.680013656437225,-39.680013656437225,WARNING_2,SYNTHETIC
534000,1.094403275785951,111398.63262953723,39.5809257916065,37.05125945999222,1.608844782646056,12.391155217353944,NORMAL,SYNTHETIC
3184000,39.78093189571071,190284.0851900202,65.55662765071335,66.40131158480396,64.80455545188491,-50.80455545188491,WARNING_3,SYNTHETIC
3857000,30.99025047213223,197639.61334424268,66.44299915228784,69.60964982161029,63.52628591424312,-49.52628591424312,WARNING_3,SYNTHETIC
443000,2.6987651196463562,111266.56957405116,35.3943775866439,33.64361576475611,2.7535654132001466,11.246434586799854,NORMAL,SYNTHETIC
3604000,35.6121549837751,196255.1563739857,60.79255729530434,64.95972227581092,56.77323887801093,-42.77323887801093,WARNING_3,SYNTHETIC
195000,2.5775611117881043,113846.01358070267,38.15901215463094,33.880535473022476,1.653594195651194,12.346405804348805,NORMAL,SYNTHETIC
1115000,19.27127717822912,168133.7802565171,48.9741624905264,49.38329872722326,39.377585700911766,-25.377585700911766,WARNING_1,SYNTHETIC
765000,1.081486080025886,111426.09068369691,39.448051719440386,37.90029769163916,0.9629680579281572,13.037031942071843,NORMAL,SYNTHETIC
1945000,12.71549746602949,168695.00235886767,42.58397909669111,46.9842229510683,4.620982280292503,9.379017719707498,WARNING_1,SYNTHETIC
3247000,33.013679815149274,190719.58823240097,61.483018025219565,65.63944145293935,61.34485218432314,-47.34485218432314,WARNING_3,SYNTHETIC
3002000,33.090477814519474,192271.99493031792,61.99740516466163,69.8830406560381,65.43266650283023,-51.43266650283023,WARNING_3,SYNTHETIC
1432000,16.614519872802717,135455.38909391066,47.183380668229894,48.83393856237579,28.230788064623653,-14.230788064623653,WARNING_1,SYNTHETIC
4200000,46.05328216155973,205514.0541602539,86.239687955949,79.23154426327685,97.24127356669905,-83.24127356669905,HIGH_RISK,SYNTHETIC
3095000,39.57700422551748,193060.76121384228,67.46246037580404,61.35068014788354,60.912021358717794,-46.912021358717794,WARNING_3,SYNTHETIC
2922000,27.200333952402058,187321.1569755642,51.87505442573997,54.354796255124,49.89460577885736,-35.89460577885736,WARNING_2,SYNTHETIC
644000,6.472700405702163,113707.50545604971,32.9105035245065,30.518051156398734,0.9642314729697203,13.03576852703028,NORMAL,SYNTHETIC
1049000,19.804421790231878,155107.13729894292,42.987712105527265,46.95262059657553,19.95913821381527,-5.959138213815269,WARNING_1,SYNTHETIC
3745000,31.88053136902379,195826.05262641402,66.38519418373869,69.12768412548779,62.40013617275144,-48.40013617275144,WARNING_3,SYNTHETIC
4093000,40.42134528392499,236500.04850928066,78.10418249835749,77.95678999361428,83.72964928648491,-69.72964928648491,HIGH_RISK,SYNTHETIC
4403000,44.8428203453886,225275.9306420291,82.71511821151135,88.79887515010182,90.24158155310904,-76.24158155310904,HIGH_RISK,SYNTHETIC
120000,6.140062126432073,123269.06514458173,32.73906168606045,31.621799349437847,2.8629255916840903,11.13707440831591,NORMAL,SYNTHETIC
2052000,26.933972014336906,188719.9060696737,50.985416688419576,51.53661949516562,55.51361715303845,-41.51361715303845,WARNING_2,SYNTHETIC
4258000,44.05462835045765,208945.60570970507,70.91825104273886,87.46677996701665,73.14045420093723,-59.14045420093723,HIGH_RISK,SYNTHETIC
4888000,47.35932154244145,223019.89806507845,86.28008224308888,84.32514096313065,73.77765499446959,-59.777654994469586,HIGH_RISK,SYNTHETIC
4334000,42.267869119290104,244018.54994153703,80.92023398337759,75.64017356243647,88.57916717432961,-74.57916717432961,HIGH_RISK,SYNTHETIC
4691000,43.33916034048044,224845.54039130796,83.66242617615488,84.70432191304015,74.17372592721472,-60.17372592721472,HIGH_RISK,SYNTHETIC
134000,6.200056325036468,129533.28156433179,35.042193555377686,37.2136887751384,1.626040877029501,12.373959122970499,NORMAL,SYNTHETIC
2460000,29.734934180607464,184927.9289079873,58.100283980860524,50.64120127874751,52.69433792720383,-38.69433792720383,WARNING_2,SYNTHETIC
1954000,14.359242610825435,165846.61037024384,48.393027168875044,44.79994324290127,32.28664478339823,-18.28664478339823,WARNING_1,SYNTHETIC
2463000,27.07958193866203,182898.15114160394,50.88357990679877,52.73010838273093,48.597944406411344,-34.597944406411344,WARNING_2,SYNTHETIC
184000,7.793709402576695,113506.93022907844,35.26460090635014,30.576926716664403,2.7726343803505586,11.227365619649442,NORMAL,SYNTHETIC
1392000,19.78586520000252,145943.83861165526,42.23929632953821,44.53232706210358,26.817269830986163,-12.817269830986163,WARNING_1,SYNTHETIC
2276000,27.46732991757571,181345.28526832577,59.4419868825862,55.344973024059,52.911871370792625,-38.911871370792625,WARNING_2,SYNTHETIC
511000,8.409540257147276,113971.67327062617,34.197653670987584,37.07267194195341,1.644044506684549,12.35595549331545,NORMAL,SYNTHETIC
4729000,49.60281761208137,220383.07505995187,85.04848474607434,71.47737729772393,78.89361114050848,-64.89361114050848,HIGH_RISK,SYNTHETIC
4054000,56.905433049247875,202829.87734154175,88.48720580729525,78.19875943862804,99.39929081234295,-85.39929081234295,HIGH_RISK,SYNTHETIC
3137000,32.572730897409635,192154.54928569,61.97588601483279,69.9025542384713,64.3791968599752,-50.379196859975195,WARNING_3,SYNTHETIC
2669000,21.115676365412032,186695.5419633282,58.92728087313195,57.14047096928843,48.247844748161576,-34.247844748161576,WARNING_2,SYNTHETIC
4773000,58.16084224573166,210588.9231427353,70.38835367047636,71.30273182106536,67.6399382862028,-53.639938286202806,HIGH_RISK,SYNTHETIC
4861000,55.775830814757335,243404.97532027838,88.992314559203,77.98092835420911,74.94587703761063,-60.94587703761063,HIGH_RISK,SYNTHETIC
2117000,25.47209991630981,183631.15396621454,57.2209399374774,59.479143058992406,46.331012433220586,-32.331012433220586,WARNING_2,SYNTHETIC
251000,8.63391755942046,112148.05912577154,37.71860540843926,35.53013006344406,0.6195319315384566,13.380468068461543,NORMAL,SYNTHETIC
3526000,34.45620092674879,191976.66073031002,69.43126909900818,61.4288137690241,57.97325092840861,-43.97325092840861,WARNING_3,SYNTHETIC
3559000,39.62878419335062,190144.6377056259,66.44792055459895,67.57081404129983,56.40973583189768,-42.40973583189768,WARNING_3,SYNTHETIC
4011000,57.215070414827025,246225.16876047564,79.60451914648507,70.38159967773923,77.35349167037073,-63.35349167037073,HIGH_RISK,SYNTHETIC
1507000,14.060247458265689,132333.29856602638,48.497927925242486,42.47856158529184,11.086369846126614,2.9136301538733864,WARNING_1,SYNTHETIC
122000,1.7431100260310242,126650.58569848014,32.79354812193729,33.31251060311328,2.6837092569255474,11.316290743074452,NORMAL,SYNTHETIC
4259000,58.66725111700914,216778.11629872548,72.19587291370917,77.4249884827271,67.21300892591091,-53.21300892591091,HIGH_RISK,SYNTHETIC
3333000,35.70017865549368,197791.45618547263,68.41727448823933,69.75249153976813,60.14213225149181,-46.14213225149181,WARNING_3,SYNTHETIC
1871000,12.965219722204658,158363.32353354603,40.528984359258956,48.76007234515695,38.31177665281391,-24.31177665281391,WARNING_1,SYNTHETIC
3692000,34.43934339732967,195830.13664449262,69.78618585480599,66.71182863207628,63.0615334201993,-49.0615334201993,WARNING_3,SYNTHETIC
567000,1.5113546391487365,110316.11110880268,30.99951855774513,34.82907832371071,0.3040498530942001,13.6959501469058,NORMAL,SYNTHETIC
1371000,19.970560980227813,132581.33164094816,48.41937964233423,45.53265348948018,6.7112594724129995,7.2887405275870005,WARNING_1,SYNTHETIC
3185000,34.69113584293537,191382.20519490575,65.53186853856474,61.4840775552294,62.83724054670506,-48.83724054670506,WARNING_3,SYNTHETIC
3955000,38.89325981102351,191423.67522696464,62.370909810201326,67.8416489739377,65.53108859083854,-51.531088590838536,WARNING_3,SYNTHETIC
1056000,15.537772025856471,136709.30609653762,48.58163412900954,45.813660660464535,30.40771629523958,-16.40771629523958,WARNING_1,SYNTHETIC
856000,7.454755160152903,114478.91331187917,36.608681959247996,38.04291865876687,1.4965310589072258,12.503468941092773,NORMAL,SYNTHETIC
3838000,39.488470044818285,193453.9945180528,64.97776555892193,60.62449290666702,61.07810894262967,-47.07810894262967,WARNING_3,SYNTHETIC
2860000,23.97112322721664,189518.61465551818,55.69761326802685,54.57974056476018,48.45442820730179,-34.45442820730179,WARNING_2,SYNTHETIC
4769000,56.08839993018818,228584.2609770077,83.39797885937614,88.42060324633155,68.10959832423032,-54.10959832423032,HIGH_RISK,SYNTHETIC
776000,6.448247960557372,124254.99387522599,36.48596791470432,37.04458288033417,1.4057077269463354,12.594292273053664,NORMAL,SYNTHETIC
720000,5.51204216584098,110489.0168176403,35.122890427049455,36.38287023912544,1.4510297651335928,12.548970234866408,NORMAL,SYNTHETIC
2710000,28.320844740987496,186141.26825921264,56.66550687081125,52.09354990136443,47.875517201773505,-33.875517201773505,WARNING_2,SYNTHETIC
2654000,23.423394985179126,182132.00201631995,52.75033221620333,53.40046174100393,46.910505797579454,-32.910505797579454,WARNING_2,SYNTHETIC
4877000,58.56559331804368,207637.81326418734,73.25931651579252,86.36214930000081,81.70927724884599,-67.70927724884599,HIGH_RISK,SYNTHETIC
602000,8.949285273283667,123554.17228908939,34.567455983539986,35.012091335384646,2.962452212581855,11.037547787418145,NORMAL,SYNTHETIC
3822000,35.217932418898876,196869.15278957738,64.11694407455066,68.42008099180202,56.69809342620634,-42.69809342620634,WARNING_3,SYNTHETIC
1244000,14.66153653628873,138352.74333385687,44.707862501963255,49.4442925045446,19.14475049833257,-5.14475049833257,WARNING_1,SYNTHETIC
4845000,53.73168694357793,237737.5969814153,83.61125764564433,82.02813653894363,81.90036354056342,-67.90036354056342,HIGH_RISK,SYNTHETIC
4841000,41.87363064763973,249425.87139634218,87.59656162088831,79.70349265075244,74.99586680863251,-60.99586680863251,HIGH_RISK,SYNTHETIC
318000,3.6125129762273107,124869.1992244477,34.96288742829236,30.855576410183932,2.590175738012606,11.409824261987394,NORMAL,SYNTHETIC
828000,8.690218781553453,128433.69968475141,38.12516340247964,39.356067864697415,2.403085616779635,11.596914383220366,NORMAL,SYNTHETIC
3263000,32.68269159912709,190435.63751371426,65.8245887443512,64.65580469337279,59.35280687365707,-45.35280687365707,WARNING_3,SYNTHETIC
274000,6.990287835835657,112561.05221095574,38.69053786277003,37.04118890354581,0.792487228070315,13.207512771929686,NORMAL,SYNTHETIC
2664000,22.30881199955752,187212.36151946598,52.072759299045416,57.84241479471455,46.25261820480879,-32.25261820480879,WARNING_2,SYNTHETIC
549000,4.817255440438819,115456.08660291671,32.939604709245714,38.51965035601591,0.9945226682566146,13.005477331743386,NORMAL,SYNTHETIC
3641000,34.16442671449098,193621.8056727339,69.49628061079257,60.81612571632258,60.51975744480439,-46.51975744480439,WARNING_3,SYNTHETIC
4053000,41.62972316865215,230811.28795101785,75.01603423904871,87.23026848344418,70.15140814886229,-56.15140814886229,HIGH_RISK,SYNTHETIC
4892000,40.96838880013778,224541.5729728893,80.16109439771087,79.42498352042138,89.6364526047084,-75.6364526047084,HIGH_RISK,SYNTHETIC
2934000,23.95139956943469,188870.70577709115,59.9226665100125,57.64994736828156,55.031064461181295,-41.031064461181295,WARNING_2,SYNTHETIC
605000,7.88164550249596,115524.14726913132,31.441571489213583,30.04003162442779,1.1011216751504493,12.898878324849552,NORMAL,SYNTHETIC
896000,3.4473975404690935,123117.45721965682,39.745008925422894,33.1106383510459,0.8184607375787125,13.181539262421287,NORMAL,SYNTHETIC
527000,9.760087358736007,119568.09852173355,39.02489967422919,31.535282940446304,2.1078906988508117,11.892109301149189,NORMAL,SYNTHETIC
4607000,45.29228072411124,246694.35855266443,88.35671382226043,75.7601161211166,74.76497725905693,-60.764977259056934,HIGH_RISK,SYNTHETIC
2347000,25.69003047603032,180573.42444774692,51.64308117919865,57.85315010525601,54.87398061440369,-40.87398061440369,WARNING_2,SYNTHETIC
3439000,36.19442384763334,193789.35999054133,68.77131885189952,61.735100778431146,58.22341267907351,-44.22341267907351,WARNING_3,SYNTHETIC
4998000,56.53622828398929,225893.5718690369,78.9904144929425,76.23030858594691,71.54377051711779,-57.54377051711779,HIGH_RISK,SYNTHETIC
4826000,55.70563994262791,203049.96445581567,81.14593259940578,82.66755750825757,72.56347271538209,-58.56347271538209,HIGH_RISK,SYNTHETIC
3922000,30.963561257904942,198179.34085341063,69.28550195171104,69.0719674531894,64.33018717273221,-50.33018717273221,WARNING_3,SYNTHETIC
298000,7.859402358787695,124462.27604290772,30.04857337777279,34.79222612888978,1.692513693401796,12.307486306598204,NORMAL,SYNTHETIC
2119000,23.192461066525922,186689.07927151505,53.49355060041851,56.32424218987283,48.80489484439625,-34.80489484439625,WARNING_2,SYNTHETIC
2536000,26.930112192425618,184988.86710163977,52.9774953908107,57.50199502807659,49.66014450211044,-35.66014450211044,WARNING_2,SYNTHETIC
4203000,57.2886183284493,227115.77847999806,80.49326772717448,80.67252144027555,68.31224139536477,-54.312241395364765,HIGH_RISK,SYNTHETIC
3254000,31.688077882100984,191774.5632822239,66.97873221874426,68.70206622617602,58.09452825429805,-44.09452825429805,WARNING_3,SYNTHETIC
3725000,32.41254897216096,194318.15536069422,66.96553579709085,67.05155087619796,61.76643646158209,-47.76643646158209,WARNING_3,SYNTHETIC
1260000,16.54290971902703,174245.89824356092,48.85152359329532,43.73045391128298,45.34890429333942,-31.348904293339423,WARNING_1,SYNTHETIC
1558000,16.736608587907217,173772.03655147227,48.55698317941835,43.06966768171866,25.474247026540212,-11.474247026540212,WARNING_1,SYNTHETIC
3269000,31.119499088764748,198419.29150226267,67.45122723223972,66.82834151758166,56.38736129346524,-42.38736129346524,WARNING_3,SYNTHETIC
4046000,56.77304393180216,222402.05001467207,76.75319391648665,74.03935653332037,99.11071804610992,-85.11071804610992,HIGH_RISK,SYNTHETIC
756000,3.9104745300828267,112820.54599900029,38.696842957069656,32.61654915632944,1.3623377097138125,12.637662290286187,NORMAL,SYNTHETIC
1010000,12.425960898005393,168003.6784722737,40.82875774878217,49.662685139353975,22.351006023349758,-8.351006023349758,WARNING_1,SYNTHETIC
2794000,21.55116281873278,186692.07083932328,52.01650891418258,52.563546062924274,50.20279079735651,-36.20279079735651,WARNING_2,SYNTHETIC
2905000,20.755531664140346,187147.80686533145,58.90371460869313,59.37177255547461,52.47037205516474,-38.47037205516474,WARNING_2,SYNTHETIC
1870000,16.407373290464562,164048.6323264687,40.430940295847854,45.5395942729347,4.986645383218218,9.013354616781783,WARNING_1,SYNTHETIC
2229000,23.675087437971445,187471.05380922172,56.13458989348375,57.37386578363646,49.66498634170283,-35.66498634170283,WARNING_2,SYNTHETIC
1173000,10.563884524404834,151406.24550477977,46.529899423049216,45.44249590887333,9.971614392503579,4.028385607496421,WARNING_1,SYNTHETIC
1832000,13.395380831101775,142874.23719153297,40.99217061239071,40.992949874380415,33.554739128882204,-19.554739128882204,WARNING_1,SYNTHETIC
376000,9.237921677706549,123033.38935869987,38.72104302003574,30.101293373414588,2.226065786087899,11.773934213912101,NORMAL,SYNTHETIC
3853000,34.28383949694178,196251.2424100901,62.33768008067107,67.05770504703499,64.5069706145346,-50.506970614534595,WARNING_3,SYNTHETIC
3616000,39.56512827182929,196306.55241799765,69.19318329301719,60.19396576990487,64.83793576373265,-50.837935763732645,WARNING_3,SYNTHETIC
798000,7.381613223487646,121085.71171452856,36.79485218258104,34.152814137387914,2.5594178738774978,11.440582126122502,NORMAL,SYNTHETIC
378000,4.373214440441207,122684.68867933456,31.337864255938555,34.54925227334306,2.7095982821732187,11.290401717826782,NORMAL,SYNTHETIC
1158000,14.606780441746459,130198.2940553997,42.01152375386207,42.487714771230486,12.973559207337834,1.0264407926621661,WARNING_1,SYNTHETIC
3819000,37.305216452040185,196616.24535496012,63.75754399186119,68.01882100108935,65.44640129398526,-51.44640129398526,WARNING_3,SYNTHETIC
2792000,25.278452523636908,186523.25656238943,55.00465417460305,52.69749834574895,54.89200486510802,-40.89200486510802,WARNING_2,SYNTHETIC
2240000,23.065153428345667,187926.53209713573,56.771556377488224,51.39925117881314,46.66049052585448,-32.66049052585448,WARNING_2,SYNTHETIC
4035000,49.29330468245432,204490.42772099702,79.8330589166475,72.13735305460933,73.2137503555444,-59.213750355544406,HIGH_RISK,SYNTHETIC
2662000,29.92394457263255,183014.21715679197,55.622686953813826,59.32610034495302,53.925266477997695,-39.925266477997695,WARNING_2,SYNTHETIC
4012000,47.31896191640454,243439.22212299774,82.6957551025263,86.49975599001814,98.99083068977248,-84.99083068977248,HIGH_RISK,SYNTHETIC
2957000,25.595070217450534,181282.77880684868,54.12494236462034,53.95667499425658,49.276544309127,-35.276544309127,WARNING_2,SYNTHETIC
3927000,36.88312699655177,192689.20310409725,69.17737074357032,66.07707544449727,61.61625500227398,-47.61625500227398,WARNING_3,SYNTHETIC
1038000,18.85669837493008,141005.8585356992,48.881523646527995,40.92665906271669,18.56477625678877,-4.564776256788772,WARNING_1,SYNTHETIC
3259000,31.779996378241506,198066.78465023803,66.7951912891379,67.41035424858991,58.352012547374656,-44.352012547374656,WARNING_3,SYNTHETIC
1344000,13.051410689648563,144204.0255439676,43.20936148156276,48.33662451460575,30.137925092426915,-16.137925092426915,WARNING_1,SYNTHETIC
2505000,27.5848814819024,183017.83520707878,50.56121732977649,56.66982379461038,52.747211915528474,-38.747211915528474,WARNING_2,SYNTHETIC
1721000,10.737107388993742,148952.10930330513,48.64849598864478,44.980324482563525,45.49344199077928,-31.49344199077928,WARNING_1,SYNTHETIC
4663000,44.93040703253344,230220.89735371852,78.75507667458328,78.69467139222779,67.58645412720023,-53.58645412720023,HIGH_RISK,SYNTHETIC
175000,1.3952134506524951,125005.31975896466,35.65790219374091,30.401815726284703,1.7555637091305187,12.244436290869482,NORMAL,SYNTHETIC
4893000,57.1348340160761,202127.17055164004,82.6736182393307,78.66683108508091,96.32951641268029,-82.32951641268029,HIGH_RISK,SYNTHETIC
1909000,11.42343718316216,148517.003419334,43.68551939071047,42.42279069679065,39.95069003042679,-25.95069003042679,WARNING_1,SYNTHETIC
45000,8.081926345971857,116530.9368534356,30.423461139987047,39.75404323826221,0.9274350877536579,13.072564912246342,NORMAL,SYNTHETIC
3409000,31.54647596673008,194767.85214303512,67.3203533034119,66.26807223790179,64.67058501850761,-50.67058501850761,WARNING_3,SYNTHETIC
4674000,50.676569909536,216025.73095166447,75.67765768936746,80.54794704974985,74.82927167496592,-60.82927167496592,HIGH_RISK,SYNTHETIC
1075000,12.31089362280321,156173.81586476744,44.67194607118303,44.938002798533,8.528420507769086,5.471579492230914,WARNING_1,SYNTHETIC
2829000,24.390866237001415,180899.41058088106,51.43360556499059,50.18942818327069,54.94780256702189,-40.94780256702189,WARNING_2,SYNTHETIC
1504000,18.761500798509296,168649.9967596738,45.37204827893084,46.842711423146405,27.95396889909975,-13.953968899099749,WARNING_1,SYNTHETIC
2309000,21.407862878797534,182275.17222797254,53.573863352017106,53.24393634626381,49.77783992585449,-35.77783992585449,WARNING_2,SYNTHETIC
1436000,18.3168678249504,155345.85226642687,40.9862373707492,44.26255178488269,15.08724004923148,-1.0872400492314807,WARNING_1,SYNTHETIC
2418000,20.276639237827595,188154.72391131998,56.412412915835475,52.51322924585134,50.193044068713455,-36.193044068713455,WARNING_2,SYNTHETIC
3986000,37.26335848178051,191093.72680075528,60.36759723348491,60.80593867084701,63.80548015693511,-49.80548015693511,WARNING_3,SYNTHETIC
3098000,38.30867103541878,194041.24807931876,68.61529352597769,67.84008880755715,56.40703866262734,-42.40703866262734,WARNING_3,SYNTHETIC
4588000,40.967516850160386,243213.08490386148,77.26274045030968,74.85909111165827,67.07653052405978,-53.07653052405978,HIGH_RISK,SYNTHETIC
283000,3.1946106673234644,122662.98364289419,37.03777694540224,30.942298644461,0.5633201322025432,13.436679867797457,NORMAL,SYNTHETIC
4918000,43.824583238840695,213335.192622998,72.04483065149287,75.35607827904884,77.96827361970169,-63.96827361970169,HIGH_RISK,SYNTHETIC
842000,5.5780245900047465,113085.66250826952,34.38238357087573,36.526280491413054,0.9698087375170688,13.030191262482932,NORMAL,SYNTHETIC
1513000,13.338411334609498,167605.59452998528,47.01313430642323,49.60423025370574,37.73698762922135,-23.736987629221353,WARNING_1,SYNTHETIC
1168000,11.329085127815715,147285.50583551225,45.39206429860978,42.10391279582596,10.072673774505253,3.927326225494747,WARNING_1,SYNTHETIC
1592000,15.887670800936792,151740.6194264118,48.229798901088536,48.72797198856987,42.278451110092625,-28.278451110092625,WARNING_1,SYNTHETIC
3460000,36.77061504755167,192546.0838005668,68.1056087021867,62.789373826085026,57.03968026890646,-43.03968026890646,WARNING_3,SYNTHETIC
3165000,32.034960512394576,190737.89842310245,67.03260144637042,60.25119675136457,60.976681882756175,-46.976681882756175,WARNING_3,SYNTHETIC
2284000,22.075297707148863,188627.58199566742,56.320125279157025,59.73370965384365,51.36967237612142,-37.36967237612142,WARNING_2,SYNTHETIC
3575000,33.15429240808251,193223.391055798,65.34364797539979,65.15604022063908,57.203971333206184,-43.203971333206184,WARNING_3,SYNTHETIC
4870000,46.79608021283298,239959.89578706914,88.97386503847531,80.4956142775397,73.7823032669584,-59.782303266958394,HIGH_RISK,SYNTHETIC
2305000,26.089574566028954,185776.01794163501,53.82734151104917,52.13706513045218,50.76819436927938,-36.76819436927938,WARNING_2,SYNTHETIC
952000,3.15420921364128,125260.38593553496,31.479469133047115,39.44369219157774,0.8661476826601262,13.133852317339874,NORMAL,SYNTHETIC
4942000,58.9985321411796,220714.03719648469,74.14860468816464,70.56177789998931,74.89716075761764,-60.89716075761764,HIGH_RISK,SYNTHETIC
3053000,35.68656130865634,197100.99289756626,62.94952316210741,60.291558411015274,62.92218965391723,-48.92218965391723,WARNING_3,SYNTHETIC
4559000,46.675431001411994,230933.25471176012,89.50828901473471,76.42229214464983,74.7384929092289,-60.738492909228896,HIGH_RISK,SYNTHETIC
2685000,25.352502491129894,188416.72597742607,54.68650691933183,51.76850948129669,55.21246870744903,-41.21246870744903,WARNING_2,SYNTHETIC
1489000,17.48426310672073,179555.34511475547,40.31436346281716,47.11678486737637,41.91055955017021,-27.910559550170213,WARNING_1,SYNTHETIC
927000,8.497011788594229,124228.18695419484,35.8814634811407,38.28647847926995,1.5578887006821218,12.442111299317878,NORMAL,SYNTHETIC
1209000,10.824488836751499,172302.67880842695,46.27126325713768,49.6132690778372,35.06639526117402,-21.066395261174023,WARNING_1,SYNTHETIC
3973000,34.609058631411344,190870.8239224362,68.78637536629974,61.18045863599642,63.599784227209035,-49.599784227209035,WARNING_3,SYNTHETIC
3545000,32.23105691197858,194968.54786062005,61.45054661706897,66.44948595777345,64.76964220222693,-50.76964220222693,WARNING_3,SYNTHETIC
4361000,46.504119715854195,240346.14208406527,87.58027967994578,89.14325574274606,94.57973023208002,-80.57973023208002,HIGH_RISK,SYNTHETIC
1921000,10.192412274878247,169550.26330699585,44.00333110475448,47.497555685625194,26.012032471407924,-12.012032471407924,WARNING_1,SYNTHETIC
351000,2.5073634760165415,126754.33716374083,38.53630173146734,31.160993079015565,0.39137409310775667,13.608625906892243,NORMAL,SYNTHETIC
4898000,52.5767521887916,246767.34258723035,72.40225507359763,75.95215195986385,84.89729935005319,-70.89729935005319,HIGH_RISK,SYNTHETIC
3393000,35.589492900444505,199817.28141519704,60.38127634980402,69.20454803607052,60.58951490592728,-46.58951490592728,WARNING_3,SYNTHETIC
2721000,22.86589506386015,185479.2595416603,51.04166017380663,52.450309447265084,48.332249978420386,-34.332249978420386,WARNING_2,SYNTHETIC
4981000,54.911704137987996,219994.75996001315,83.53616260939594,82.27455077403548,83.96548808777752,-69.96548808777752,HIGH_RISK,SYNTHETIC
718000,6.745714713763187,123169.61536786584,30.121409009220436,39.3468322786741,1.6185111913275896,12.38148880867241,NORMAL,SYNTHETIC
2702000,21.508267617988743,182063.22147724457,57.0067178741242,51.043293249126165,51.926775135745295,-37.926775135745295,WARNING_2,SYNTHETIC
2722000,20.44366147286128,185925.78395106367,50.34898006079331,56.848916162961196,53.25645808851739,-39.25645808851739,WARNING_2,SYNTHETIC
4561000,56.59268981515645,241159.12426239747,79.74943934002276,86.39968168809347,74.1083903374629,-60.10839033746289,HIGH_RISK,SYNTHETIC
308000,3.3448771940074455,111051.5198064611,35.98167880040775,35.99618899512869,2.831951262373979,11.168048737626021,NORMAL,SYNTHETIC
1675000,19.047528009971906,136860.7532208249,45.33315864853079,47.3168228594057,7.787565177646275,6.212434822353725,WARNING_1,SYNTHETIC
833000,6.963062719678188,113617.6886064418,38.264105499727094,34.70182273203016,2.272409384348811,11.727590615651188,NORMAL,SYNTHETIC
366000,7.814028462048221,114286.52805709973,32.63317282256486,36.94045013186147,1.5309336638732687,12.469066336126732,NORMAL,SYNTHETIC
4506000,43.28813444679944,217664.4970847901,79.81790664229274,84.84193132541904,92.44613883953198,-78.44613883953198,HIGH_RISK,SYNTHETIC
2078000,27.209063769432326,182279.4279275198,51.34963169570873,57.25664101906818,50.34244321136558,-36.34244321136558,WARNING_2,SYNTHETIC
4038000,42.99706120985725,209860.5284677062,79.209335341468,71.41686333093644,95.100834620272,-81.100834620272,HIGH_RISK,SYNTHETIC
4846000,53.3680302044405,201222.45698718622,84.9675856435032,75.71497864635272,92.76702182481314,-78.76702182481314,HIGH_RISK,SYNTHETIC
4479000,53.546052333861105,204614.2527174723,79.89854216441388,86.76877594232668,76.47902954988842,-62.47902954988842,HIGH_RISK,SYNTHETIC
1746000,11.913089423912824,160544.87797991012,45.46035460949342,46.97125764915186,31.619952840591264,-17.619952840591264,WARNING_1,SYNTHETIC
19000,6.558646712274171,118992.65376845362,33.737180028823516,32.346722654615945,2.2195564085868797,11.780443591413121,NORMAL,SYNTHETIC
1322000,18.651867007611173,173262.15226322503,43.989531756889484,40.72734300250222,8.919031876194493,5.080968123805507,WARNING_1,SYNTHETIC
3567000,35.29861012324064,195143.44156371104,65.04278120861714,62.75503779410797,57.80301300386067,-43.80301300386067,WARNING_3,SYNTHETIC
2521000,27.519360863183653,180550.54892103057,55.55939765099961,58.37251766850782,49.08411230159802,-35.08411230159802,WARNING_2,SYNTHETIC
218000,9.162550448857267,123533.04765019275,39.47493045044785,32.805886205327496,2.9325048583877056,11.067495141612294,NORMAL,SYNTHETIC
1487000,11.517469629811872,162953.30258089484,40.293544719265434,40.727903533103046,25.022168187736423,-11.022168187736423,WARNING_1,SYNTHETIC
438000,7.557655529293832,128723.53863280392,34.37128042199801,30.07085354169948,1.0298849686204345,12.970115031379565,NORMAL,SYNTHETIC
4174000,50.89304396702248,202454.82009104485,70.76013975177372,82.97830984576638,73.39913191636256,-59.39913191636256,HIGH_RISK,SYNTHETIC
2750000,23.197698445205425,188598.68024301296,59.12365105561611,56.2453212690987,47.99273682257969,-33.99273682257969,WARNING_2,SYNTHETIC
3288000,37.79332351554996,190433.0335964839,63.654681234549734,60.36551259038037,58.82650777278667,-44.82650777278667,WARNING_3,SYNTHETIC
3433000,38.05220992389475,199044.44070712317,63.37532590573519,65.93299237397073,56.46275564235126,-42.46275564235126,WARNING_3,SYNTHETIC
2525000,24.393145772333327,187918.79517731443,51.610204523783686,51.098321824114585,52.3148042316467,-38.3148042316467,WARNING_2,SYNTHETIC
4650000,44.12371991244082,239503.8064019027,86.14229995144346,70.26363717484996,99.79851324139761,-85.79851324139761,HIGH_RISK,SYNTHETIC
3688000,32.625877588909724,195100.59083235858,68.03419970617684,65.07483481269729,57.413989749996595,-43.413989749996595,WARNING_3,SYNTHETIC
2763000,28.25071263168153,181483.27352735898,57.222502103669896,53.195011330456545,48.331504419750246,-34.331504419750246,WARNING_2,SYNTHETIC
802000,8.832171222635722,112701.59584435048,30.613040657734423,33.12387812202037,0.32898172028613515,13.671018279713865,NORMAL,SYNTHETIC
2997000,27.662121894473493,184049.12353651074,53.61121590217026,54.601219772175895,47.221354936392984,-33.221354936392984,WARNING_2,SYNTHETIC
2228000,20.726388359796786,186741.36775870624,58.770418562876664,51.878831343753674,53.7718186615065,-39.7718186615065,WARNING_2,SYNTHETIC
4785000,50.24712316859056,241903.06412757983,82.78647369491713,83.23359503827622,91.82361393566664,-77.82361393566664,HIGH_RISK,SYNTHETIC
2077000,21.832668056404287,185200.8988016408,59.90108138169207,57.838821099016045,49.616610692497666,-35.616610692497666,WARNING_2,SYNTHETIC
582000,1.9238214998854213,118033.23268018753,30.767404265596973,34.01698775502482,2.579603935091048,11.420396064908953,NORMAL,SYNTHETIC
203000,2.266298022451007,124210.65543485356,31.85974419875709,36.493926171077405,1.9203969855468646,12.079603014453136,NORMAL,SYNTHETIC
4346000,52.1769578616184,230422.00087088943,84.43329727546985,72.7306969240017,87.14393087821921,-73.14393087821921,HIGH_RISK,SYNTHETIC
3478000,31.193813658370157,197413.97243264547,65.64394673140639,67.22408841590241,58.53040711929461,-44.53040711929461,WARNING_3,SYNTHETIC
2929000,23.663662678861154,188333.82868615194,56.011772554727045,55.92006659756967,50.20662568363692,-36.20662568363692,WARNING_2,SYNTHETIC
3085000,38.30397332560009,195355.4213769242,63.813596060585844,61.699205080722336,59.54790604301178,-45.54790604301178,WARNING_3,SYNTHETIC
1018000,16.04840882642959,167192.72580560797,40.36666407754695,43.377119233817936,33.60663513895849,-19.606635138958488,WARNING_1,SYNTHETIC
1583000,17.19789009935529,138903.23671458245,47.927429680738484,40.1185609939452,38.48113995669134,-24.481139956691337,WARNING_1,SYNTHETIC
1032000,10.55959804329846,136223.0019489504,42.17820367690699,45.689846226555424,20.18593671685142,-6.185936716851419,WARNING_1,SYNTHETIC
1718000,11.073558742036658,161261.11426774363,47.71420589749395,45.36029674217603,39.40181023387954,-25.401810233879537,WARNING_1,SYNTHETIC
1281000,13.096366891576153,143421.79247684634,40.95012090010458,45.972754971063544,45.65253318641708,-31.65253318641708,WARNING_1,SYNTHETIC
2498000,26.638935187447665,185334.2506539167,52.391040344297565,51.04337235263771,50.78147901873032,-36.78147901873032,WARNING_2,SYNTHETIC
3350000,31.70165776913215,190202.24913807548,62.777349209292666,64.12242987454846,58.36244119189097,-44.36244119189097,WARNING_3,SYNTHETIC
517000,7.535694587180754,129120.93319045258,32.26698651914711,31.721706636829243,1.0359182965059905,12.96408170349401,NORMAL,SYNTHETIC
1747000,19.544384004444133,156293.7356828947,46.48169869822422,48.580273530100925,41.462577820501174,-27.462577820501174,WARNING_1,SYNTHETIC
4652000,58.83032229598602,208568.0606185451,83.54827095332779,87.22989291477303,69.60716062429195,-55.60716062429195,HIGH_RISK,SYNTHETIC
3732000,31.788454975375945,196537.17491860432,67.80436496956239,68.93271222466569,59.21501198414113,-45.21501198414113,WARNING_3,SYNTHETIC
668000,3.6079861016982515,111010.71977300115,35.748207312401156,33.79998394513891,2.64971216132325,11.35028783867675,NORMAL,SYNTHETIC
4059000,59.686680568389065,204690.91309966383,85.5024737673357,86.85844374290592,97.23146728195512,-83.23146728195512,HIGH_RISK,SYNTHETIC
3026000,32.61678744920527,198016.44239331363,69.13331924740287,65.9402786911997,57.023920597924146,-43.023920597924146,WARNING_3,SYNTHETIC
4932000,56.24818496754125,237993.25586029715,83.87620310656595,82.79974534711123,67.02245973761538,-53.02245973761538,HIGH_RISK,SYNTHETIC
3286000,39.37050008896377,194631.34590724355,65.65745131469865,64.55103687468912,62.92371169638924,-48.92371169638924,WARNING_3,SYNTHETIC
2650000,27.27586234523206,184219.90965352353,51.4216343493194,57.99135188273519,52.023177544678575,-38.023177544678575,WARNING_2,SYNTHETIC
4453000,47.2943910532634,224880.8828060873,79.63386650966832,85.83711501459622,72.00985699447203,-58.00985699447203,HIGH_RISK,SYNTHETIC
3192000,33.32897377383646,199890.48262164192,62.718224572665264,62.32163514442429,60.08646042929461,-46.08646042929461,WARNING_3,SYNTHETIC
2124000,21.718813786850074,189544.7158264466,59.97784333266217,59.34582003623974,52.44484477317873,-38.44484477317873,WARNING_2,SYNTHETIC
3375000,33.36729455111074,198168.9317449468,67.3297433155851,65.45160502966829,60.89158461279515,-46.89158461279515,WARNING_3,SYNTHETIC
3392000,38.55383247851584,194819.44641886328,65.69316192314353,62.230395928707416,60.69171442648786,-46.69171442648786,WARNING_3,SYNTHETIC
3485000,38.276517033252006,199469.8517218823,60.3548314308547,63.558715859516816,64.71870946743394,-50.71870946743394,WARNING_3,SYNTHETIC
759000,5.0547725261081835,128437.950129984,35.25093233344864,31.650786020878122,2.8099176554392815,11.190082344560718,NORMAL,SYNTHETIC
3379000,38.687864365569716,193497.02833093554,64.92844860324296,69.02912845790951,63.8255995184654,-49.8255995184654,WARNING_3,SYNTHETIC
4440000,57.61875730683833,201964.17304351483,70.9491068426051,76.66279031996493,79.53000764117013,-65.53000764117013,HIGH_RISK,SYNTHETIC
2526000,29.62524262416865,180759.15627821398,57.16615590703111,57.38565046343899,55.45965696650358,-41.45965696650358,WARNING_2,SYNTHETIC
4858000,42.892012900427986,220829.12252809355,85.15366805151258,84.36683124924032,86.06000857785526,-72.06000857785526,HIGH_RISK,SYNTHETIC
907000,1.974090251460622,111435.94284720092,30.576010503789746,38.81233215671709,0.5407328046474505,13.459267195352549,NORMAL,SYNTHETIC
2683000,28.497827062514816,189623.3963209357,51.513943882524565,57.24990180014831,53.233798397735356,-39.233798397735356,WARNING_2,SYNTHETIC
214000,7.295582740619055,115413.93522990214,39.223576385460035,31.464361745569796,1.7891408023349367,12.210859197665064,NORMAL,SYNTHETIC
3331000,36.85939115790547,196070.69129171397,63.29315267022943,67.83558266851182,62.48053387996868,-48.48053387996868,WARNING_3,SYNTHETIC
4458000,55.59090841205631,234730.83956547646,70.39448827710642,73.35533015831345,94.23253078508523,-80.23253078508523,HIGH_RISK,SYNTHETIC
693000,3.8630160285467583,124730.46435403776,39.86944581203895,35.425440710475264,2.5926752305181493,11.40732476948185,NORMAL,SYNTHETIC
1503000,16.297883884729558,173873.2488246404,44.493526677445395,46.027510512718635,11.967601582669678,2.032398417330322,WARNING_1,SYNTHETIC
2414000,23.165755528755938,189471.46325802672,56.3388364710434,52.42677230181493,46.93165192324538,-32.93165192324538,WARNING_2,SYNTHETIC
2118000,24.559413322424646,184430.17378258487,50.8083256808784,55.426202982993885,52.86689338747418,-38.86689338747418,WARNING_2,SYNTHETIC
3858000,37.051064591899454,190240.0384833703,60.92493881795882,62.47627996991799,65.03278064118892,-51.03278064118892,WARNING_3,SYNTHETIC
2462000,20.260332106090832,186527.79390081685,51.342486620400635,55.67933736057628,52.60540714772018,-38.60540714772018,WARNING_2,SYNTHETIC
3635000,39.22437592886739,194003.32804289839,66.68488764790791,67.91461578792446,64.20630675381224,-50.20630675381224,WARNING_3,SYNTHETIC
4105000,51.36552904973747,201501.96934608577,86.36352247257796,80.30031251805325,84.3019360457546,-70.3019360457546,HIGH_RISK,SYNTHETIC
4478000,49.94812498207809,249999.1244396235,78.30843949694012,75.87572780655728,93.43937947002478,-79.43937947002478,HIGH_RISK,SYNTHETIC
196000,6.274568565383423,114415.95842417868,30.675273144180533,35.550102459399056,0.5289431205495242,13.471056879450476,NORMAL,SYNTHETIC
4667000,59.29452103902018,236044.24930836787,86.18722143854336,84.11337472569348,81.77144028271947,-67.77144028271947,HIGH_RISK,SYNTHETIC
1543000,16.03892511420522,155900.0706359322,49.76365511370963,49.74437082882775,25.57682085178188,-11.576820851781878,WARNING_1,SYNTHETIC
1330000,17.681822787407242,151842.79811478252,42.194277947139945,41.9985425095912,29.863793157047372,-15.863793157047372,WARNING_1,SYNTHETIC
879000,6.112706488982846,121215.54749124024,30.00989993926386,34.18586125554533,1.2177098952440548,12.782290104755946,NORMAL,SYNTHETIC
4502000,42.43000955336211,234555.86244284088,71.84782042245797,70.21564737003759,94.13452090787439,-80.13452090787439,HIGH_RISK,SYNTHETIC
3501000,39.57339962798306,191721.85754817654,69.63279535588362,67.95641843895231,56.82038353105623,-42.82038353105623,WARNING_3,SYNTHETIC
3894000,37.776644330036106,190753.26817428952,61.83007809344323,69.0263589553768,63.13961696714483,-49.13961696714483,WARNING_3,SYNTHETIC
4990000,44.405420984256764,202994.33749755903,80.55889337930215,84.09285368658941,99.08435621187142,-85.08435621187142,HIGH_RISK,SYNTHETIC
887000,2.153756498630735,113774.24420057838,39.41366901270247,38.49391551708439,2.146107485867771,11.853892514132228,NORMAL,SYNTHETIC
1345000,10.787223661348719,161896.54955629157,45.41460117190126,45.15551603196246,27.85533683382415,-13.85533683382415,WARNING_1,SYNTHETIC
68000,1.2711969441978668,110464.55164693517,32.588356372373994,37.31627015430233,2.748251087564557,11.251748912435442,NORMAL,SYNTHETIC
4210000,58.300414154399036,234682.85121515504,74.66677706653438,78.22734802715502,85.0926553613636,-71.0926553613636,HIGH_RISK,SYNTHETIC
1815000,17.958609878732652,139613.81444619066,43.25202384572385,43.20106343198405,10.585235355157325,3.414764644842675,WARNING_1,SYNTHETIC
568000,4.226153787406989,119544.01266565849,36.549959242014644,38.372015493375976,1.750533863942633,12.249466136057366,NORMAL,SYNTHETIC
2167000,28.281323412477228,188836.81039476025,59.940693707478935,53.10085177831138,53.57170368422953,-39.57170368422953,WARNING_2,SYNTHETIC
96000,4.183950972869836,114377.13217589265,30.389793775373203,30.835620321484782,1.855017327470739,12.144982672529261,NORMAL,SYNTHETIC
4181000,55.020534766463825,200952.6935120239,81.38553849290075,74.66312873282085,85.66054935449404,-71.66054935449404,HIGH_RISK,SYNTHETIC
3353000,37.383724444824054,198927.85736087835,61.397611803782006,64.55065858405541,58.07872912145419,-44.07872912145419,WARNING_3,SYNTHETIC
139000,1.7280239993174593,123445.2886244689,38.442723575824445,33.76538732796582,2.4279841419500134,11.572015858049987,NORMAL,SYNTHETIC
4954000,45.45909809700997,205606.66677625128,81.15080408000546,80.96236623995392,84.4851338125141,-70.4851338125141,HIGH_RISK,SYNTHETIC
2602000,28.757483709782576,182625.2383696424,59.20033755562379,54.286052942689686,51.63682103605321,-37.63682103605321,WARNING_2,SYNTHETIC
4023000,40.45101070777403,235053.33126533864,89.13869712197183,82.83224251032337,77.96124710265042,-63.96124710265042,HIGH_RISK,SYNTHETIC
4772000,56.044871204408736,220699.0479637769,75.13584878352475,77.13992083788023,67.95390999256696,-53.95390999256696,HIGH_RISK,SYNTHETIC
1606000,10.66980475584515,173299.8392571212,47.80821724599819,42.30139471911048,24.841666240534458,-10.841666240534458,WARNING_1,SYNTHETIC
1629000,13.106218329387703,164997.6093252464,48.39928604673356,48.66018684650781,31.465933837818092,-17.465933837818092,WARNING_1,SYNTHETIC
1539000,10.110414528347842,167143.5863491911,42.75397994585608,42.64499347566776,6.90145453208935,7.09854546791065,WARNING_1,SYNTHETIC
1694000,17.51982852831364,152813.10098524863,42.5485004080437,47.946970378546915,26.682530359353656,-12.682530359353656,WARNING_1,SYNTHETIC
2059000,29.720104560437928,180816.81533647954,55.14055016125032,55.56074310510641,47.14794812925214,-33.14794812925214,WARNING_2,SYNTHETIC
463000,3.651815166129518,116414.68237906904,35.92274950444404,32.881993012005644,2.914190888356042,11.085809111643957,NORMAL,SYNTHETIC
2330000,23.939745428626892,186076.76438861733,52.7629372907749,52.6774521614209,48.404057644482286,-34.404057644482286,WARNING_2,SYNTHETIC
3043000,35.16426804170835,192708.9365574996,60.49458968700788,62.78815880052457,60.53492771108968,-46.53492771108968,WARNING_3,SYNTHETIC
4734000,45.42727221671616,243399.96786533296,89.31584465864118,78.15950425371459,76.46027787722879,-62.46027787722879,HIGH_RISK,SYNTHETIC
594000,1.0643672153785375,126682.41784004217,32.95390794709851,30.4439729691059,0.791751421133539,13.208248578866462,NORMAL,SYNTHETIC
3814000,31.021755757068437,199191.8577353608,68.35453218829429,65.7580013547284,63.03877596823582,-49.03877596823582,WARNING_3,SYNTHETIC
625000,4.621868819307727,124941.51601259773,34.224950839181524,35.606528407291684,1.9439827043972895,12.056017295602711,NORMAL,SYNTHETIC
450000,1.3726848539054703,126011.672413477,36.573339617683736,36.918796596669495,2.5582782941792503,11.44172170582075,NORMAL,SYNTHETIC
1499000,12.623518947645447,159319.6509302787,40.338099709165384,40.16031481441849,12.201977136372932,1.798022863627068,WARNING_1,SYNTHETIC
2456000,25.318215229944066,182230.41038152797,52.355056723968204,51.43213129730246,48.709849315471764,-34.709849315471764,WARNING_2,SYNTHETIC
4722000,44.53653986518876,214241.25604123395,73.51533396513888,76.09943240456289,74.34317704436259,-60.34317704436259,HIGH_RISK,SYNTHETIC
2984000,27.143465045569766,181788.11502987327,54.004983113440105,59.7739666357976,54.628058766849776,-40.628058766849776,WARNING_2,SYNTHETIC
1569000,18.804458367109778,174917.21696781524,49.769036631380054,47.96098515597391,30.226175761886317,-16.226175761886317,WARNING_1,SYNTHETIC
1034000,16.188378853201485,179704.52939788604,41.74440200609731,40.110811535692186,22.938414851902202,-8.938414851902202,WARNING_1,SYNTHETIC
3518000,32.37522624606943,194842.99178713214,63.8070991304103,66.57757337395053,65.78892494530888,-51.78892494530888,WARNING_3,SYNTHETIC
1557000,13.39553799159906,137230.123670974,43.28343518292914,47.39651693202278,30.538092013705427,-16.538092013705427,WARNING_1,SYNTHETIC
3624000,30.476102758018662,190068.02949564133,69.71125811728817,64.02883877232432,56.119688540356435,-42.119688540356435,WARNING_3,SYNTHETIC
4664000,58.44188034316183,208765.22619328715,71.20762552112475,70.78556527892428,91.26996968594159,-77.26996968594159,HIGH_RISK,SYNTHETIC
150000,8.271368932910349,112878.17392157117,36.562296481050005,30.008246168346854,0.8999629112798249,13.100037088720175,NORMAL,SYNTHETIC
1420000,13.909466886457501,147062.59899393053,41.14565009295767,42.87337003755093,5.464760137260431,8.53523986273957,WARNING_1,SYNTHETIC
2011000,25.140909550333024,188529.42638226302,50.62255546978577,56.09265042036717,50.53528335128175,-36.53528335128175,WARNING_2,SYNTHETIC
2686000,28.296005281299486,181990.95209444367,57.47204063964021,55.17121332820367,48.331031999386525,-34.331031999386525,WARNING_2,SYNTHETIC
1786000,18.8043359824543,152651.8526882178,46.96206654307886,46.19893403449756,12.299884042392485,1.7001159576075153,WARNING_1,SYNTHETIC
88000,2.4191916554956956,119612.15261884613,37.16751750163609,35.46813460240511,0.40508876126914395,13.594911238730855,NORMAL,SYNTHETIC
457000,5.03533365363471,118756.83131351674,31.011933667533324,39.02303204918027,1.8353773595489418,12.164622640451059,NORMAL,SYNTHETIC
1305000,16.359072417174367,134444.2693418478,44.57922925225774,41.28238755924383,23.06555961847254,-9.065559618472541,WARNING_1,SYNTHETIC
2925000,21.903211409022294,183491.1656455543,51.06984974578244,55.18790444967328,52.7519077740708,-38.7519077740708,WARNING_2,SYNTHETIC
3270000,33.25336301228482,199783.43571055974,60.20306150016078,60.86155501742445,56.56743484704023,-42.56743484704023,WARNING_3,SYNTHETIC
3227000,37.47665889251857,198944.74426471646,65.50211406564786,63.669753751492436,59.60550153999769,-45.60550153999769,WARNING_3,SYNTHETIC
1988000,19.505341185720933,130260.08231001804,46.69470050273842,40.41578236352659,17.66465166877974,-3.66465166877974,WARNING_1,SYNTHETIC
3754000,34.74268558865237,196044.4935647961,64.15252819771003,61.07273846441531,60.195563132653064,-46.195563132653064,WARNING_3,SYNTHETIC
3646000,35.059426457114114,197050.7511858621,65.17219615203786,63.401889169159936,64.76520357394642,-50.76520357394642,WARNING_3,SYNTHETIC
831000,5.871159392788582,129243.99977069403,34.51215294157266,36.209217397084075,1.0382369613920366,12.961763038607963,NORMAL,SYNTHETIC
239000,1.9604671715384674,112693.84049846695,35.37172648326818,33.220806062960364,2.034859180020413,11.965140819979586,NORMAL,SYNTHETIC
4681000,55.01906010854626,241171.466324768,78.53125022697304,70.41004320507037,93.36019908747656,-79.36019908747656,HIGH_RISK,SYNTHETIC
3022000,37.58859800808179,199479.726276202,60.551328254113436,62.073550745677096,62.64462643206788,-48.64462643206788,WARNING_3,SYNTHETIC
3148000,33.18373272647513,192478.1782964719,62.44535856424962,68.50730629443164,59.659795935666246,-45.659795935666246,WARNING_3,SYNTHETIC
1946000,10.664883277626416,166177.02065994352,49.33387724433554,40.62758926671113,38.23284988861262,-24.23284988861262,WARNING_1,SYNTHETIC
2775000,23.419301903236356,180255.80388135376,50.617415075240906,53.754256327716845,46.94937189877894,-32.94937189877894,WARNING_2,SYNTHETIC
192000,2.080269805221077,127501.68398108165,37.21040554666725,35.53431369886984,1.7466040280612114,12.253395971938788,NORMAL,SYNTHETIC
4849000,45.78971439153674,213575.45304933004,81.20663052679177,75.74389931611424,72.38874570945224,-58.38874570945224,HIGH_RISK,SYNTHETIC
4939000,45.30709585120751,227769.68428800188,70.99496165771687,77.14665255047828,82.86429991693579,-68.86429991693579,HIGH_RISK,SYNTHETIC
944000,4.958761839508311,126488.31085366986,32.83601149605574,31.778144640455427,1.688213249159696,12.311786750840303,NORMAL,SYNTHETIC
1268000,19.177870200031666,131867.70030745506,49.137839530433524,47.33900225112232,42.02970439226037,-28.02970439226037,WARNING_1,SYNTHETIC
4231000,56.62877128504612,211137.3783169773,78.11885827205737,83.86433124053146,80.11551716581832,-66.11551716581832,HIGH_RISK,SYNTHETIC
2307000,21.317848763945616,188754.51483185258,58.35892832980752,51.83111790819633,55.878229806286775,-41.878229806286775,WARNING_2,SYNTHETIC
4424000,56.27034660766519,216107.60803539387,85.73189803406537,89.04510659592066,75.93768243513567,-61.93768243513567,HIGH_RISK,SYNTHETIC
4711000,48.552281141061165,240745.7760169478,89.48466101549302,77.07217486775345,97.76191859491692,-83.76191859491692,HIGH_RISK,SYNTHETIC
2313000,29.99063520760141,181758.98244802645,54.88389643843004,57.802420490025526,50.878681535561284,-36.878681535561284,WARNING_2,SYNTHETIC
3214000,32.81684128496051,197069.73269607354,62.083560079407896,68.90053270912377,61.27694559291952,-47.27694559291952,WARNING_3,SYNTHETIC
2732000,27.12301862374252,189643.7146518222,52.51273916903579,54.39969615333044,47.458113773103086,-33.458113773103086,WARNING_2,SYNTHETIC
1926000,18.212055120629852,143026.60974222142,41.931332638073535,47.51244162933236,31.607579392408507,-17.607579392408507,WARNING_1,SYNTHETIC
4227000,55.90622840903616,213345.04959245693,84.36461743711547,76.01497713786057,80.49440505940912,-66.49440505940912,HIGH_RISK,SYNTHETIC
4676000,58.29151152830721,240261.4827496788,77.14836035490049,83.88278980098787,68.38130935051963,-54.38130935051963,HIGH_RISK,SYNTHETIC
800000,7.499507400824968,122206.7077758036,39.98228481117854,30.15580700042525,1.4231856211057679,12.576814378894232,NORMAL,SYNTHETIC
3671000,30.722607020532447,199109.06747485237,64.86867040929376,66.68282208423508,59.18363137141849,-45.18363137141849,WARNING_3,SYNTHETIC
4193000,51.699563837794784,223166.1406657055,71.57891323501397,79.68941473013417,96.57580766113419,-82.57580766113419,HIGH_RISK,SYNTHETIC
2968000,26.06862410115185,185183.28185200648,50.654931042301435,52.344504273752584,54.00916851059609,-40.00916851059609,WARNING_2,SYNTHETIC
4793000,55.1780325534538,249584.72398581344,79.44837408806873,70.12810650402932,94.06013744158177,-80.06013744158177,HIGH_RISK,SYNTHETIC
4368000,59.32293742424616,221271.91605676757,81.99177548829539,88.14723584108216,98.52804605111073,-84.52804605111073,HIGH_RISK,SYNTHETIC
2776000,28.867410503622793,180016.7089371317,53.37202697522567,54.39802999912609,53.68697039018904,-39.68697039018904,WARNING_2,SYNTHETIC
2970000,25.55591971450477,187747.2378869635,50.713196119280646,58.21726392790276,53.44344231738129,-39.44344231738129,WARNING_2,SYNTHETIC
3867000,30.592314658637406,195733.36235773852,62.025991955798,66.86366473616589,58.218312146303454,-44.218312146303454,WARNING_3,SYNTHETIC
1743000,18.979733639149742,130424.06749294746,49.11742835552599,47.27229052301009,30.701248805125942,-16.701248805125942,WARNING_1,SYNTHETIC
3948000,32.542694241095205,192278.82091962345,62.4761315755397,65.43464771913662,59.42164741885775,-45.42164741885775,WARNING_3,SYNTHETIC
3802000,34.34611962578213,192104.49034203292,64.31877186352872,61.57468627624886,62.22335121856072,-48.22335121856072,WARNING_3,SYNTHETIC
2024000,22.22426572265778,182425.70514226164,56.596934480359636,51.16892494518052,51.62194781966279,-37.62194781966279,WARNING_2,SYNTHETIC
2274000,21.96012329774685,180626.1409744416,57.38189650641181,56.23701722724213,50.09470729888847,-36.09470729888847,WARNING_2,SYNTHETIC
99000,9.464699448035729,113353.99039355562,32.384664437157426,31.699405913610672,2.7345397173976953,11.265460282602305,NORMAL,SYNTHETIC
4921000,40.201739011029105,213508.82127482767,74.50375612033002,86.20022522338975,67.83670217670179,-53.83670217670179,HIGH_RISK,SYNTHETIC
3407000,31.785285777332074,193885.41023457743,63.321021189172285,64.5956650557365,57.868662048061495,-43.868662048061495,WARNING_3,SYNTHETIC
4245000,41.155823142457415,237990.712561687,75.18868605796014,88.41953282799327,87.69183176654468,-73.69183176654468,HIGH_RISK,SYNTHETIC
4619000,49.952499033843594,216912.34658947683,82.04075514197967,84.83817290647039,78.62069698552109,-64.62069698552109,HIGH_RISK,SYNTHETIC
4916000,56.831619015235674,224792.06216757282,88.1234290077748,75.59587310644721,88.39851101998065,-74.39851101998065,HIGH_RISK,SYNTHETIC
191000,3.120541060050026,117858.36353394148,35.63862403471314,30.26855776926428,2.2262993424091433,11.773700657590856,NORMAL,SYNTHETIC
4696000,47.958517800624655,212348.38805925916,80.5313051750298,81.35633521472946,99.97259016837538,-85.97259016837538,HIGH_RISK,SYNTHETIC
1784000,12.511328702475012,162768.0905508392,43.851403608809434,47.293687773178576,25.276205433982202,-11.276205433982202,WARNING_1,SYNTHETIC
1532000,15.236261066622621,165232.2213079888,43.97366458390378,42.049212424511346,44.382864490374644,-30.382864490374644,WARNING_1,SYNTHETIC
2834000,23.363486567966287,182670.12818614306,52.78404938990138,57.406167913853274,54.95635846195229,-40.95635846195229,WARNING_2,SYNTHETIC
4444000,44.16580914096769,236692.81302433633,78.94389154890932,72.84470567486315,90.49747788951657,-76.49747788951657,HIGH_RISK,SYNTHETIC
4915000,47.08640697766356,202566.54021085572,71.41877022325825,89.85811435984769,85.21300416945509,-71.21300416945509,HIGH_RISK,SYNTHETIC
1598000,15.787229826786447,134668.21893778793,44.10403264967974,44.32644861718205,34.2936052421057,-20.2936052421057,WARNING_1,SYNTHETIC
1779000,10.967466822924717,166145.60719164484,47.096124243110594,42.449621595989086,38.04320209327391,-24.043202093273912,WARNING_1,SYNTHETIC
4900000,50.71185642033221,206359.39448667062,72.86270215230684,71.38855983893174,75.72136080114707,-61.72136080114707,HIGH_RISK,SYNTHETIC
2574000,28.19786612088733,188060.70266766413,56.11335994379947,55.4544818441819,50.900157396691576,-36.900157396691576,WARNING_2,SYNTHETIC
3398000,39.61440398726071,195459.7514833908,68.03909605158123,69.04387144017312,64.53539026090552,-50.535390260905515,WARNING_3,SYNTHETIC
3975000,36.30281389091228,191495.6574093195,68.88294418717747,62.01617452934238,59.66948769858631,-45.66948769858631,WARNING_3,SYNTHETIC
3770000,39.59070124713275,199981.0150083447,69.08965406910303,64.80696099211592,57.80470198640416,-43.80470198640416,WARNING_3,SYNTHETIC
166000,8.302149739565237,126462.49219900189,38.937431287162724,30.961910000144748,0.254337221383249,13.745662778616751,NORMAL,SYNTHETIC
1751000,13.88623686269924,143549.90308730514,42.745449915500124,44.19775408848826,41.355744769438786,-27.355744769438786,WARNING_1,SYNTHETIC
1479000,19.98874607987766,147384.25386101668,49.092537783557574,48.125978350032085,33.95964590923482,-19.959645909234823,WARNING_1,SYNTHETIC
1024000,16.386578367021983,171932.01810229747,41.09451247739838,42.52537718355866,34.109403386764455,-20.109403386764455,WARNING_1,SYNTHETIC
1788000,18.13656337458746,167913.03084446106,45.45193575752074,43.351438224202056,12.380934954821873,1.619065045178127,WARNING_1,SYNTHETIC
2264000,23.078491703883753,180620.74773905115,57.24177523519278,52.06391350804069,52.954077862107994,-38.954077862107994,WARNING_2,SYNTHETIC
2473000,28.36604830418277,180817.99074715603,50.41945451173867,51.35323519119693,46.41850105414305,-32.41850105414305,WARNING_2,SYNTHETIC
1822000,17.2370900817789,154494.8997118696,43.24379344948697,46.436517861116,25.999261499209766,-11.999261499209766,WARNING_1,SYNTHETIC
1220000,11.113466267149715,152233.3038595995,42.217139507014394,43.174745787515455,45.043735658672915,-31.043735658672915,WARNING_1,SYNTHETIC
1666000,12.645706167697842,170311.22281816072,47.7389152410481,44.62308831409996,44.53236913994171,-30.532369139941707,WARNING_1,SYNTHETIC
2960000,22.25997412534504,184890.27231961017,51.58171271563945,59.305439128172296,48.42610929496289,-34.42610929496289,WARNING_2,SYNTHETIC
152000,2.234191983187775,111921.90465943763,37.70186949444183,33.53858639323334,1.426474987558048,12.573525012441952,NORMAL,SYNTHETIC
2534000,21.65500648683964,181056.54622401018,53.157999937306954,55.76514461167392,55.137875278039154,-41.137875278039154,WARNING_2,SYNTHETIC
4688000,52.47492050613016,247010.86784542352,73.20009244460232,88.5259429541698,96.08487249448629,-82.08487249448629,HIGH_RISK,SYNTHETIC
1978000,11.686697553812605,169302.02984597452,49.04064797112202,47.197000569556835,7.6167326059836995,6.3832673940163005,WARNING_1,SYNTHETIC
1469000,11.056592360592528,173312.2297459585,46.02099258520702,43.67223562307069,12.789028654214976,1.2109713457850244,WARNING_1,SYNTHETIC
2807000,23.001917503238722,185184.70136515843,59.21480328778027,53.151577706047384,46.155917908343916,-32.155917908343916,WARNING_2,SYNTHETIC
2512000,21.711605768645953,185844.34499451314,52.65384063559296,57.53067033065759,52.493745504752575,-38.493745504752575,WARNING_2,SYNTHETIC
2943000,24.600716458232906,182459.90004536332,58.3072521907685,52.14914966463874,47.86536765324176,-33.86536765324176,WARNING_2,SYNTHETIC
2980000,23.444583687694657,185171.76907358124,52.24331201079358,56.03618332929113,46.35325715058842,-32.35325715058842,WARNING_2,SYNTHETIC
4822000,54.22019264270677,208401.67269425123,79.05957208150696,76.7886360040966,91.60777548910211,-77.60777548910211,HIGH_RISK,SYNTHETIC
3017000,38.656862840237146,196902.94709191448,64.90102545876445,64.05587678568857,59.07289982300021,-45.07289982300021,WARNING_3,SYNTHETIC
1566000,16.656461157929733,158763.8085655249,40.4626859238551,48.9908120433269,13.643209805302634,0.35679019469736595,WARNING_1,SYNTHETIC
31000,9.51408564542105,124395.65070043092,35.15133376846189,30.644574324549087,1.194168198226069,12.80583180177393,NORMAL,SYNTHETIC
937000,2.0617669695044403,122068.11914975216,30.858862094375727,36.4910159918714,2.228208265559844,11.771791734440157,NORMAL,SYNTHETIC
1215000,14.542442042220966,137770.82791193743,40.775804744963814,40.72291498840387,35.01568840910687,-21.015688409106872,WARNING_1,SYNTHETIC
1937000,13.998335982864006,158173.911333628,42.365580357996905,40.27631122819974,14.801986658888756,-0.8019866588887563,WARNING_1,SYNTHETIC
1129000,19.768141902221007,135833.17909129456,43.11550387814761,44.457186385697874,30.966436272627135,-16.966436272627135,WARNING_1,SYNTHETIC
309000,2.2299620163948206,128910.39782043813,38.98120080501094,30.715645000619517,1.956849052300672,12.043150947699328,NORMAL,SYNTHETIC
4901000,50.09194858119092,209319.8802803354,74.54667175520719,74.04007659603788,68.87825324870906,-54.87825324870906,HIGH_RISK,SYNTHETIC
2168000,28.938549951541713,187277.888703679,52.83751077372945,54.7224359985196,51.481318931303875,-37.481318931303875,WARNING_2,SYNTHETIC
3113000,39.136889972015446,199263.6309619421,67.87562556349985,63.55697738551178,60.911075689418,-46.911075689418,WARNING_3,SYNTHETIC
495000,5.8324705756771795,122758.7348849329,35.22141447209002,38.16357072575827,1.2012749886246121,12.798725011375389,NORMAL,SYNTHETIC
205000,3.0209730639899264,110989.18274292031,35.87634974653043,34.167041030824635,2.303027249352039,11.69697275064796,NORMAL,SYNTHETIC
2673000,27.59469551435661,187766.85960975158,56.10896801353744,52.038796513128936,50.660914402022385,-36.660914402022385,WARNING_2,SYNTHETIC
3357000,33.148609820282054,193412.7174833604,65.32361793952163,62.480417634788964,56.51641773299773,-42.51641773299773,WARNING_3,SYNTHETIC
3830000,38.01607151822159,192748.32177627337,66.87648626724055,68.7863103677793,62.53480741607261,-48.53480741607261,WARNING_3,SYNTHETIC
305000,5.07263441722294,128550.097192501,33.24643667110334,30.47363773299288,0.5517501275446333,13.448249872455367,NORMAL,SYNTHETIC
3793000,31.97286052656703,195903.30474328037,61.48487853040349,69.93827227922277,56.872644034872806,-42.872644034872806,WARNING_3,SYNTHETIC
2201000,27.7169354304382,181202.25200757044,57.539036712414614,50.10195829748443,55.16552345643559,-41.16552345643559,WARNING_2,SYNTHETIC
1061000,11.695803204941306,150157.75947929223,40.22212802804714,42.40708828392597,42.4264467636883,-28.426446763688297,WARNING_1,SYNTHETIC
843000,4.5900605871729745,128821.52569529394,32.45356264933627,36.08128916255803,1.401410324763094,12.598589675236905,NORMAL,SYNTHETIC
3872000,31.089238141887893,194645.88658797953,63.45887364454559,67.24268568787835,63.86168127768523,-49.86168127768523,WARNING_3,SYNTHETIC
2251000,29.82339983245633,187805.2643330202,51.347891789584246,50.22878079040898,48.42886922172201,-34.42886922172201,WARNING_2,SYNTHETIC
211000,6.113826161143941,126532.2296931586,34.55352121443487,37.01270807109358,1.1987398390351787,12.801260160964821,NORMAL,SYNTHETIC
3997000,33.478690590383216,197553.10877818527,65.98911218858062,64.6257747457217,64.48659757629292,-50.48659757629292,WARNING_3,SYNTHETIC
679000,4.215330476152374,120549.15260145118,33.413784941811926,30.533346417074274,2.648979153160231,11.35102084683977,NORMAL,SYNTHETIC
565000,6.897788647091924,119218.6278214622,33.960652512784876,38.12190551851192,2.0496342914127443,11.950365708587256,NORMAL,SYNTHETIC
3290000,37.26567212837831,193403.12867034864,66.31266766273752,64.90356367084185,56.470469847824766,-42.470469847824766,WARNING_3,SYNTHETIC
4354000,41.38602712853886,201859.2688717845,87.45734703169022,86.54695350848536,99.09052048343659,-85.09052048343659,HIGH_RISK,SYNTHETIC
680000,1.5910666858603486,124895.41855633508,38.00577117515321,37.37857181360408,2.8435223233902787,11.156477676609722,NORMAL,SYNTHETIC
180000,8.83897391973102,125029.81621142793,37.84722020851351,39.370150008762636,2.2321006572138917,11.767899342786109,NORMAL,SYNTHETIC
4279000,56.74885233192793,241445.37994043808,89.63800685289733,74.79217270813541,74.45088170434892,-60.450881704348916,HIGH_RISK,SYNTHETIC
2495000,28.70121105998677,183633.69562868672,59.19872834267604,54.38049716243677,52.44949147465642,-38.44949147465642,WARNING_2,SYNTHETIC
2316000,23.529241586404478,183487.73918017594,58.4534688891264,53.28865858537695,52.19784007974447,-38.19784007974447,WARNING_2,SYNTHETIC
4273000,44.118664363727035,215849.0813261992,73.55550893334649,85.19917264565498,80.45838681207869,-66.45838681207869,HIGH_RISK,SYNTHETIC
278000,8.700043491664555,127322.8921266204,38.60345890781783,33.23827002463416,1.0094891873446286,12.990510812655371,NORMAL,SYNTHETIC
3683000,38.03758901610087,196224.45319166593,68.94084350814111,65.15250305956826,58.19922738023729,-44.19922738023729,WARNING_3,SYNTHETIC
4762000,45.08114437053448,212534.95534359242,86.36664004275313,81.70770434251831,66.8800053405249,-52.8800053405249,HIGH_RISK,SYNTHETIC
432000,7.1434628990120075,110703.5196436884,35.86176295270972,39.8460737660093,2.527813952472479,11.47218604752752,NORMAL,SYNTHETIC
289000,1.8947127455527006,121358.68460856985,32.923115434299916,34.333739164594085,1.8932963972276544,12.106703602772345,NORMAL,SYNTHETIC
1027000,13.2888494105659,135840.47459683812,42.58551048955208,47.32233746975615,38.5775365463654,-24.5775365463654,WARNING_1,SYNTHETIC
535000,2.839707395699725,119622.462035263,35.8560376146558,37.95323462527752,0.4521541057900472,13.547845894209953,NORMAL,SYNTHETIC
3631000,35.290854159313845,191582.786929217,68.27508123492507,67.39602274551402,65.7828096349306,-51.7828096349306,WARNING_3,SYNTHETIC
188000,7.5717485798714295,112744.22515581225,32.63449314356906,31.432988392524912,0.3949108050360956,13.605089194963904,NORMAL,SYNTHETIC
2174000,22.277459015905528,185805.12425735156,59.51117279954129,51.37832442922986,48.35044080128319,-34.35044080128319,WARNING_2,SYNTHETIC
3915000,30.68567532851166,194318.15002797538,64.23275601256431,61.43763552446138,64.21655482015434,-50.21655482015434,WARNING_3,SYNTHETIC
1862000,16.495516067311314,134261.99856715067,41.35985042101879,48.54694903545957,5.671330616156299,8.328669383843701,WARNING_1,SYNTHETIC
270000,1.487479600645489,129417.69457091475,36.28948017162777,39.59681219174127,2.9951166634028286,11.004883336597171,NORMAL,SYNTHETIC
1728000,19.07250058429463,167595.59683003608,46.04029147325519,41.346054988467415,29.147936804325727,-15.147936804325727,WARNING_1,SYNTHETIC
4075000,59.7441600701673,207162.27796052216,79.45718524895958,89.6938588643246,87.88761153667923,-73.88761153667923,HIGH_RISK,SYNTHETIC
2157000,27.926712747426645,188763.30792448495,57.181089157610536,54.47061293357672,54.53106602461673,-40.53106602461673,WARNING_2,SYNTHETIC
3931000,35.020001007208336,191024.3661327099,64.12931647831255,65.86117764555789,61.25290848579382,-47.25290848579382,WARNING_3,SYNTHETIC
111000,2.780797610198027,118456.00665093587,35.33249809831708,32.551865122935425,2.5176738756080574,11.482326124391943,NORMAL,SYNTHETIC
2384000,27.657922698105004,183337.09525998103,55.690076842229985,56.624225015863075,46.58103987067296,-32.58103987067296,WARNING_2,SYNTHETIC
220000,3.64834848767227,110021.34930045494,33.55164886993872,32.742455352181025,0.7088427898733933,13.291157210126606,NORMAL,SYNTHETIC
627000,1.7464095963441222,113776.72840951278,33.42602356650278,36.724395722167905,1.1265781834805066,12.873421816519492,NORMAL,SYNTHETIC
1181000,13.91063322729033,156391.29228466048,44.420521307531374,47.57768765481139,7.382616129861777,6.617383870138223,WARNING_1,SYNTHETIC
3381000,32.828632818273434,193293.7946412604,64.91450322847471,60.891486856710124,64.53902039120425,-50.53902039120425,WARNING_3,SYNTHETIC
2422000,24.295691504142646,186510.5475726758,54.882983432407364,59.905411621298974,50.11365858674385,-36.11365858674385,WARNING_2,SYNTHETIC
790000,2.903930117983533,125300.48810356086,38.35862971269293,32.2155849938593,1.5750291141848252,12.424970885815174,NORMAL,SYNTHETIC
4275000,42.610335501032964,242113.17150567798,88.33622788437322,73.8880720263384,90.27736421030875,-76.27736421030875,HIGH_RISK,SYNTHETIC
461000,2.2771462410524377,120809.5338434151,36.79051556287993,37.89558204000656,1.3613118276535294,12.63868817234647,NORMAL,SYNTHETIC
4402000,40.836829174837916,226542.4971990413,83.34904388448417,70.44420057077394,70.74500289584299,-56.74500289584299,HIGH_RISK,SYNTHETIC
551000,2.325922169556514,118776.43403603898,34.99280256974148,35.53198631537787,2.1131745206502357,11.886825479349763,NORMAL,SYNTHETIC
3129000,34.26593656141148,194548.8191921355,60.94201701768562,65.41752275987766,63.00015726435303,-49.00015726435303,WARNING_3,SYNTHETIC
1444000,19.609251592656577,141281.23460238797,40.5788375193716,48.650823247090045,33.59645922006361,-19.596459220063608,WARNING_1,SYNTHETIC
198000,2.7286250582882445,115781.67163276383,32.5855717814874,31.543037187226844,0.6900138944115473,13.309986105588452,NORMAL,SYNTHETIC
2589000,25.777841201003895,182092.84227251026,57.7294509188022,55.230030907432216,50.563713393867445,-36.563713393867445,WARNING_2,SYNTHETIC
402000,7.87538751179734,129375.04642723198,37.530732736205096,35.23423847844892,0.2543838065644732,13.745616193435527,NORMAL,SYNTHETIC
3959000,31.33335848247613,191733.58062638735,66.12771554107636,63.49138600112611,64.69238438542284,-50.69238438542284,WARNING_3,SYNTHETIC
4189000,49.73655731908381,237897.25273763435,83.30884020084797,89.27241997916968,70.60485303176705,-56.60485303176705,HIGH_RISK,SYNTHETIC
4763000,58.149405502073684,203720.81696782866,79.94885019440356,75.44454511224652,94.88593113190952,-80.88593113190952,HIGH_RISK,SYNTHETIC
2095000,26.638120171521816,188160.8019019032,53.96356379397528,55.40282843037318,49.86923213101996,-35.86923213101996,WARNING_2,SYNTHETIC
2900000,21.702464391032454,181012.96006827496,52.49894541736317,53.401836424367175,54.335455393053344,-40.335455393053344,WARNING_2,SYNTHETIC
4462000,54.31409816025405,218035.81847656996,80.42533088613523,75.77971000347362,81.71008649723258,-67.71008649723258,HIGH_RISK,SYNTHETIC
650000,4.531928906469814,115320.6174524333,39.93098862717636,32.97329526106532,2.564357930645882,11.435642069354119,NORMAL,SYNTHETIC
708000,4.857799075540898,127510.78089054473,31.70391509158625,34.39035112228097,0.6686003540709369,13.331399645929062,NORMAL,SYNTHETIC
1480000,10.356669658100346,167868.88595445605,45.07865195114453,40.29024636511046,44.54917339944914,-30.54917339944914,WARNING_1,SYNTHETIC
4414000,45.05028036792747,244895.73474726384,74.70039804933248,85.54327872093397,92.9481890946829,-78.9481890946829,HIGH_RISK,SYNTHETIC
3065000,36.49326333550555,199482.33378317952,62.99504259378643,67.29649497619091,63.02269633605632,-49.02269633605632,WARNING_3,SYNTHETIC
2395000,24.461725171763476,186798.17668055522,53.824605125723565,59.15927984888319,48.272487172063585,-34.272487172063585,WARNING_2,SYNTHETIC
1769000,17.488105016421862,149596.09192364104,46.94503417099451,40.882764997489716,6.749051677876252,7.250948322123748,WARNING_1,SYNTHETIC
314000,4.224253558470977,110770.83998646871,33.52120473925534,32.9189440152525,0.20857109361946025,13.79142890638054,NORMAL,SYNTHETIC
3761000,39.93565119792812,197592.73229192998,65.13170923157779,60.273051371222884,61.67768316363144,-47.67768316363144,WARNING_3,SYNTHETIC
4909000,53.78215578731212,200928.7258655796,77.71066564776135,87.4447227368847,67.7978412815769,-53.79784128157689,HIGH_RISK,SYNTHETIC
113000,6.097132206688685,128658.01564826506,36.13109418994139,36.56448718066182,1.600883720374517,12.399116279625483,NORMAL,SYNTHETIC
960000,5.721798519478386,122294.73488376578,37.972621922722276,33.15536745902839,0.644496024545337,13.355503975454663,NORMAL,SYNTHETIC
2910000,27.132652245230382,188935.98781868516,55.12474989178248,56.7784203151183,48.66272597098134,-34.66272597098134,WARNING_2,SYNTHETIC
3405000,38.955178567364044,192994.83484282906,66.1615217621727,67.25045355864833,64.51035726720492,-50.510357267204924,WARNING_3,SYNTHETIC
1623000,16.18418301882308,151396.258110777,41.46681111662386,46.827484167312655,34.98225386315384,-20.982253863153836,WARNING_1,SYNTHETIC
3322000,33.336603637853855,192007.8509830461,69.78991900104454,68.19218371892597,61.84905672256078,-47.84905672256078,WARNING_3,SYNTHETIC
4999000,45.29686649505653,221001.24943480274,84.52206019508368,78.91468723489456,87.7911627991615,-73.7911627991615,HIGH_RISK,SYNTHETIC
1818000,13.572266122258457,136176.18936070643,49.73079973033367,47.780407896270745,20.240882687474077,-6.240882687474077,WARNING_1,SYNTHETIC
3194000,35.97261010370991,194807.66057777108,61.65453075621731,63.034341006365175,65.40841974731148,-51.408419747311484,WARNING_3,SYNTHETIC
3007000,39.5404546687687,192450.3475404601,64.75867569508138,64.3012875181512,61.90047573723255,-47.90047573723255,WARNING_3,SYNTHETIC
3414000,32.503909830249604,195294.61160209382,66.61394223330791,60.25513128978016,58.65231459007308,-44.65231459007308,WARNING_3,SYNTHETIC
4528000,47.85111759432726,238207.1136111883,71.30329766578944,82.49858431251265,79.56847761907882,-65.56847761907882,HIGH_RISK,SYNTHETIC
1897000,18.423703179510277,130693.36845105242,40.83302260593253,43.09761774762656,37.27815601961677,-23.278156019616773,WARNING_1,SYNTHETIC
1918000,18.70113672301618,144015.2412894112,49.30468834631213,48.68850955926995,7.731453326281311,6.268546673718689,WARNING_1,SYNTHETIC
1270000,19.567765406726835,153066.32627079976,48.61423545054619,44.9264218695997,5.862122402139647,8.137877597860353,WARNING_1,SYNTHETIC
4176000,53.49248600857804,206941.36380817203,86.10742073848273,70.69433882065593,71.9978946887027,-57.9978946887027,HIGH_RISK,SYNTHETIC
4962000,50.533593398181374,211398.63091025825,78.17063971328596,82.93253987958569,88.96875655960325,-74.96875655960325,HIGH_RISK,SYNTHETIC
4883000,40.6805647721587,241328.67627044604,74.81563528820432,78.77026932548495,94.31581752897473,-80.31581752897473,HIGH_RISK,SYNTHETIC
4094000,43.58659361268089,228612.7671002735,85.7455023934848,72.71195036990413,76.28143398002939,-62.28143398002939,HIGH_RISK,SYNTHETIC
3159000,31.556231104241036,199598.03732032445,65.87800096483595,64.06567359594416,61.03845424888434,-47.03845424888434,WARNING_3,SYNTHETIC
1813000,17.193747920619234,135291.93181447347,42.581761596139685,49.62961752229756,5.4801297569720155,8.519870243027984,WARNING_1,SYNTHETIC
2426000,21.20336095462458,188348.01953380846,56.540529800620455,59.73605344947436,47.175592520718716,-33.175592520718716,WARNING_2,SYNTHETIC
3950000,35.740128071062415,198737.72592514066,69.6555507445009,68.92321414037039,64.28547869774056,-50.28547869774056,WARNING_3,SYNTHETIC
4428000,52.38521411617326,247954.38885657498,82.12328943449603,78.94052224401321,97.29603686561697,-83.29603686561697,HIGH_RISK,SYNTHETIC
2142000,23.28341787943478,187171.62124217596,58.587863091882184,51.917259316878166,52.471000268973995,-38.471000268973995,WARNING_2,SYNTHETIC
1626000,17.375011574450873,162091.01939573686,49.48221338250685,43.09315308398973,12.741236195508826,1.2587638044911742,WARNING_1,SYNTHETIC
789000,6.286458485991254,111554.89333850084,33.85414231441421,36.981446411508564,2.116743988260475,11.883256011739526,NORMAL,SYNTHETIC
3786000,39.99482837888506,193434.18009931908,63.97430691834039,66.98563806925115,60.040888194813846,-46.040888194813846,WARNING_3,SYNTHETIC
1864000,16.76296001074709,156422.96627523727,47.48875534248062,40.768778974153435,5.589382066711833,8.410617933288167,WARNING_1,SYNTHETIC
2865000,22.749347490855552,185798.25527811382,58.835988666773446,51.33729036182348,47.359555009240495,-33.359555009240495,WARNING_2,SYNTHETIC
871000,1.2036328323211287,118796.18084960933,34.57735186650077,32.0368934908018,0.8847024121050566,13.115297587894943,NORMAL,SYNTHETIC
3271000,37.53355064423906,199925.34208824617,64.75593270432577,69.90607039271677,56.85900741668316,-42.85900741668316,WARNING_3,SYNTHETIC
3833000,36.07337566980273,198240.5479504893,61.473846269712496,65.30815938220553,59.10534268360409,-45.10534268360409,WARNING_3,SYNTHETIC
73000,3.0586674756149987,128718.74998871452,38.554753634178816,37.23559354091803,0.6894930365492027,13.310506963450797,NORMAL,SYNTHETIC
1752000,17.62075976948116,168869.8591716501,49.03790026058677,47.91135860347497,16.867776000891475,-2.8677760008914746,WARNING_1,SYNTHETIC
1421000,14.945356002658292,156391.48832003423,42.05826409136438,48.444070220518014,4.570857990894083,9.429142009105917,WARNING_1,SYNTHETIC
4221000,55.510954896329906,214009.98618830641,82.69802594406374,89.1477695422214,90.5066073789053,-76.5066073789053,HIGH_RISK,SYNTHETIC
4693000,57.26130837807413,242977.28840532276,70.54393464417964,72.85779226682928,68.56983369756834,-54.56983369756834,HIGH_RISK,SYNTHETIC
4369000,48.15535599787481,249483.81092862858,87.76902982491266,70.95717583753087,87.59590325611053,-73.59590325611053,HIGH_RISK,SYNTHETIC
4575000,40.63938762782674,213999.91896284797,82.4617939495205,86.73458336535863,69.02210345098105,-55.02210345098105,HIGH_RISK,SYNTHETIC
3809000,32.063813358629154,193615.78110079665,67.84682904748226,65.81476849592877,60.84620563446238,-46.84620563446238,WARNING_3,SYNTHETIC
2244000,23.204886455813963,188217.0668848949,58.61657622484963,53.055511966754835,49.35549802792355,-35.35549802792355,WARNING_2,SYNTHETIC
3047000,33.452146784301675,193316.68207251278,68.65694510555966,65.39659002862575,58.90613517907427,-44.90613517907427,WARNING_3,SYNTHETIC
2445000,20.455587025260332,180257.48351877308,51.71364335998295,53.01814179946693,49.43403776733857,-35.43403776733857,WARNING_2,SYNTHETIC
494000,7.929403553476394,118563.39727017746,38.83666281572483,31.291363316982032,0.9598867719101036,13.040113228089897,NORMAL,SYNTHETIC
3130000,37.88266958782655,190270.71121152063,69.36827471957156,65.66455865261543,60.17089166259426,-46.17089166259426,WARNING_3,SYNTHETIC
4321000,57.35661885869865,221425.60861401644,75.4798700041204,75.15760815606265,84.6513765072796,-70.6513765072796,HIGH_RISK,SYNTHETIC
4397000,59.454088929679,215639.41345322508,86.18314456584895,82.44254394636172,66.36059750110425,-52.36059750110425,HIGH_RISK,SYNTHETIC
1164000,16.523584646536747,174578.89724114025,49.32397335248754,43.875760577943986,24.173747748054026,-10.173747748054026,WARNING_1,SYNTHETIC
3734000,38.38996718663985,193903.24057877518,69.3371738187132,69.24373736475806,62.33901509559193,-48.33901509559193,WARNING_3,SYNTHETIC
1730000,12.827557310603009,170308.56867030475,46.583859735739324,42.31120358044127,15.903074960050953,-1.9030749600509527,WARNING_1,SYNTHETIC
4812000,43.598066034576924,238872.44729454504,82.7818656585324,70.37747234052632,97.98793789454807,-83.98793789454807,HIGH_RISK,SYNTHETIC
2402000,25.10898179468441,181653.14417644052,56.54017708694574,53.67286140545328,54.99079665303704,-40.99079665303704,WARNING_2,SYNTHETIC
3403000,36.901459773256406,195580.44754072247,62.52761799015776,60.62563846552474,61.43410882466422,-47.43410882466422,WARNING_3,SYNTHETIC
618000,2.0900540188051453,129881.55544904756,38.230676165684145,33.20584062449906,1.4504707323290218,12.549529267670978,NORMAL,SYNTHETIC
1697000,19.016748827646204,136158.9061330586,48.319493899271166,43.64920570976528,21.322080349141316,-7.3220803491413164,WARNING_1,SYNTHETIC
3593000,34.879756474223015,192243.97350099063,65.61468502351647,62.405936940086875,58.944714121282566,-44.944714121282566,WARNING_3,SYNTHETIC
1957000,10.845309286155043,157502.32259810224,42.63787829098617,46.540396062873555,8.862694615630556,5.137305384369444,WARNING_1,SYNTHETIC
1221000,15.65252957207024,140799.74147482406,42.061594547976746,47.85781083404842,17.163196704783694,-3.1631967047836937,WARNING_1,SYNTHETIC
2073000,28.021587162049627,183272.28351621202,50.52695301094859,52.50766891873144,51.71178609338579,-37.71178609338579,WARNING_2,SYNTHETIC
3410000,39.46689517884944,191539.18301887723,67.38713309219811,68.05413728297933,64.05274352738972,-50.05274352738972,WARNING_3,SYNTHETIC
869000,2.798696830316577,126656.74109323024,30.362223310453036,34.670423501332344,1.9789358805332358,12.021064119466764,NORMAL,SYNTHETIC
2718000,20.273942056351668,185774.3285329241,54.04269127732929,56.17154731416417,46.43701363378242,-32.43701363378242,WARNING_2,SYNTHETIC
1042000,13.230703830843726,168962.8763748791,40.94443609784509,48.41862891593242,18.75147685861501,-4.7514768586150105,WARNING_1,SYNTHETIC
1361000,10.864933699511171,161970.71010758972,47.72391613569498,49.01998542879001,22.27518469980434,-8.275184699804338,WARNING_1,SYNTHETIC
356000,7.722525832057975,120409.14887534456,34.8889830147067,35.605994750663925,2.8661620311449534,11.133837968855048,NORMAL,SYNTHETIC
1162000,11.34396773769122,147055.76086911347,45.75015465989978,42.40187506567376,32.213896334232054,-18.213896334232054,WARNING_1,SYNTHETIC
2765000,23.011765173388348,180683.84622524955,51.36957616715943,56.25576209486673,54.055309258742334,-40.055309258742334,WARNING_2,SYNTHETIC
3252000,38.6815569557499,194603.83376446334,69.94482841504814,65.48995389903882,61.71422119635539,-47.71422119635539,WARNING_3,SYNTHETIC
1438000,19.445081334294755,172716.697251198,42.3150536563404,49.38157120364413,25.31134685606807,-11.31134685606807,WARNING_1,SYNTHETIC
3603000,30.368416087724647,191126.01703376885,61.220074918087114,66.68128490472209,61.66324390173018,-47.66324390173018,WARNING_3,SYNTHETIC
4940000,56.12694813954076,230004.6865046366,70.12823370880322,81.75124067757697,94.32800249134482,-80.32800249134482,HIGH_RISK,SYNTHETIC
4593000,59.87034388407594,225944.26219439338,82.91789741182693,80.74798350677652,96.6395121618495,-82.6395121618495,HIGH_RISK,SYNTHETIC
3639000,33.9299974119042,194168.4771452171,68.72639293154643,69.93447058218885,62.934118531913136,-48.934118531913136,WARNING_3,SYNTHETIC
1253000,18.059934406003133,147851.5079327311,46.147640610144144,48.35029022843044,36.47365168674095,-22.47365168674095,WARNING_1,SYNTHETIC
3365000,38.98352942242618,190373.94940316922,60.55107230362427,63.834534774591674,64.67598434529705,-50.67598434529705,WARNING_3,SYNTHETIC
332000,7.114223533602785,120729.75847504502,38.26762359894947,30.26201484187793,0.38933602136202594,13.610663978637975,NORMAL,SYNTHETIC
3694000,38.85515349553844,198682.42763845407,64.94134385540802,64.92318423295474,63.72350606682531,-49.72350606682531,WARNING_3,SYNTHETIC
3568000,33.69690354054083,199017.32282647997,61.423800512417884,68.12960240808474,65.57117008885801,-51.57117008885801,WARNING_3,SYNTHETIC
2728000,27.792368835682723,187002.05768224548,54.41711805932873,50.28239479089601,55.49877689232617,-41.49877689232617,WARNING_2,SYNTHETIC
3667000,39.78160379898167,196483.2400095614,64.68026628025552,68.71795269153266,59.09965371019421,-45.09965371019421,WARNING_3,SYNTHETIC
1630000,14.270608249460086,163863.0549292736,45.137854323491254,45.13572750087564,36.9491610857717,-22.9491610857717,WARNING_1,SYNTHETIC
1116000,16.054528598227346,149335.8814702452,43.88883438161653,45.86546450299874,9.761307690809781,4.238692309190219,WARNING_1,SYNTHETIC
1849000,17.874841759728717,177675.0972403937,47.06153560756598,49.767572761219675,4.650420452627064,9.349579547372937,WARNING_1,SYNTHETIC
3554000,36.84005832646032,198425.86212257453,61.20989307509142,68.50533119548616,58.156249195766705,-44.156249195766705,WARNING_3,SYNTHETIC
3153000,32.22186918603102,194862.46639643924,63.7359479480174,63.473575913430494,62.415657275021275,-48.415657275021275,WARNING_3,SYNTHETIC
3265000,30.287124055083837,192795.34223172747,65.63035572312364,67.1936921600228,65.2214267778042,-51.2214267778042,WARNING_3,SYNTHETIC
1665000,16.99080551809852,165781.7461595601,44.56364540369227,46.59985145476165,34.876510510725446,-20.876510510725446,WARNING_1,SYNTHETIC
445000,7.247161336075475,121371.39429407471,35.71569784506719,33.366708075973726,1.4825639165316078,12.517436083468393,NORMAL,SYNTHETIC
2245000,27.876999415124352,184631.63907071244,55.658158146432555,59.215268103633214,52.138532508426906,-38.138532508426906,WARNING_2,SYNTHETIC
452000,7.244288908885463,127282.7365838545,36.41547203340856,30.009924640506288,2.0295334736101984,11.970466526389801,NORMAL,SYNTHETIC
1551000,10.737054923531801,142014.98788333588,46.745676246106,46.53152418139628,8.035434032626895,5.964565967373105,WARNING_1,SYNTHETIC
4434000,47.75211719078083,219594.17053150458,78.67782146252249,83.95780178397581,68.42308693336332,-54.42308693336332,HIGH_RISK,SYNTHETIC
2954000,29.23774307580197,188449.99092701107,59.17124640671455,59.742554158909556,53.29274601546535,-39.29274601546535,WARNING_2,SYNTHETIC
14000,4.902044949680514,116854.27285509912,34.14353771994361,32.78606052633451,1.782414715548484,12.217585284451516,NORMAL,SYNTHETIC
3628000,37.337886767555084,191114.21255172015,69.58547233026376,61.915913965689754,59.37794328196203,-45.37794328196203,WARNING_3,SYNTHETIC
945000,3.158278962604245,128513.7333747345,34.18277319228367,38.81719423274771,2.441881095886378,11.558118904113622,NORMAL,SYNTHETIC
247000,4.630629809608387,114107.80595344813,36.26952340432269,38.01906833490749,0.2582031085323564,13.741796891467644,NORMAL,SYNTHETIC
4697000,48.28517711710815,211528.12154845195,71.11236554020282,84.78910102927532,98.67951570927573,-84.67951570927573,HIGH_RISK,SYNTHETIC
360000,9.194878874072897,123366.61481590307,38.30703938745931,33.180641471086794,0.8797811592902975,13.120218840709702,NORMAL,SYNTHETIC
4656000,55.62151705922108,206214.63529742026,71.36860359475922,84.32466366030336,95.89706243911169,-81.89706243911169,HIGH_RISK,SYNTHETIC
1614000,16.308547155590016,179264.81086588922,44.092089071412545,41.238923872085806,5.3203183454361955,8.679681654563804,WARNING_1,SYNTHETIC
2303000,25.536161240642187,188488.68096237595,54.542360363770776,58.91788063226289,48.85377045920707,-34.85377045920707,WARNING_2,SYNTHETIC
4141000,40.23030238619625,247331.21308811952,87.46693322087484,81.87166359883787,99.38201903359135,-85.38201903359135,HIGH_RISK,SYNTHETIC
3168000,31.17291499349769,192589.59774092922,67.34806905005958,68.1448056165649,64.47808071396446,-50.47808071396446,WARNING_3,SYNTHETIC
2478000,22.05009158770509,187981.7949482479,59.66414199352427,57.584329774567394,46.5705402814713,-32.5705402814713,WARNING_2,SYNTHETIC
4214000,55.09813757955396,231368.98376642057,72.76870406043015,78.7628705662879,84.76629958084685,-70.76629958084685,HIGH_RISK,SYNTHETIC
4180000,42.87468424986325,229203.9545862211,89.15317265517223,82.37487682889635,99.48212739771185,-85.48212739771185,HIGH_RISK,SYNTHETIC
4884000,53.28358471746209,217357.09834814456,71.64865257500323,86.11850469749379,95.91450005380213,-81.91450005380213,HIGH_RISK,SYNTHETIC
3163000,33.72933234147441,191409.7754404177,60.6674220370195,67.75879098697271,57.154204335773095,-43.154204335773095,WARNING_3,SYNTHETIC
490000,7.177619193771268,111206.61637148443,39.590960633711106,35.88268554605087,1.6697818679720822,12.330218132027918,NORMAL,SYNTHETIC
862000,7.890049144229548,129805.56174185508,33.17722334809294,36.75909991815565,0.9600303691802536,13.039969630819746,NORMAL,SYNTHETIC
1740000,17.223792447489036,159928.8910450656,45.12610901938406,40.18419683205505,24.997243209882885,-10.997243209882885,WARNING_1,SYNTHETIC
4099000,47.14803006910366,232780.61169158213,72.3327492304699,77.33881839530949,97.06981674539631,-83.06981674539631,HIGH_RISK,SYNTHETIC
4385000,58.71334539721008,212756.14021002655,70.9391198355214,70.9800853353963,73.52904702610732,-59.52904702610732,HIGH_RISK,SYNTHETIC
2447000,20.929674012491272,182560.01236348058,56.096717817411026,51.35278315997681,52.883078410486604,-38.883078410486604,WARNING_2,SYNTHETIC
4230000,42.389592324990915,206380.13710540585,85.1739878466146,73.55541538536332,66.93680007636883,-52.936800076368826,HIGH_RISK,SYNTHETIC
506000,3.767166087348971,124731.46186231467,39.403514125381804,34.96558817043616,1.352635946363261,12.647364053636739,NORMAL,SYNTHETIC
2677000,27.52625903834361,189453.99966800492,56.59086133240403,53.37595913472393,53.23195613547544,-39.23195613547544,WARNING_2,SYNTHETIC
2995000,28.296930388219163,188047.26629294196,53.857253790784235,52.52074608110355,54.76231345685316,-40.76231345685316,WARNING_2,SYNTHETIC
1942000,11.56251276915658,157428.05057900172,46.910079969375175,40.78263256403384,36.83504114878648,-22.83504114878648,WARNING_1,SYNTHETIC
1222000,11.077772091364267,158252.9072631603,45.28544368994559,43.34684197051739,17.412281247230123,-3.4122812472301227,WARNING_1,SYNTHETIC
1113000,19.36687045131475,177602.55899811425,45.36035265736757,47.3047772606468,23.45714801702926,-9.457148017029262,WARNING_1,SYNTHETIC
1905000,18.825748173112856,170855.32541378727,41.95715207632274,42.465334856644006,33.496471928303635,-19.496471928303635,WARNING_1,SYNTHETIC
3423000,30.247312495253627,194814.726081105,60.333649318194944,63.90655758594716,65.52783443594645,-51.527834435946446,WARNING_3,SYNTHETIC
1877000,11.846382521058707,146412.7131641382,47.79453066114511,46.935100299603505,40.07793592359104,-26.077935923591042,WARNING_1,SYNTHETIC
4672000,59.87838881923684,211107.32476982966,73.03322461149183,84.08634432040175,89.75882870565752,-75.75882870565752,HIGH_RISK,SYNTHETIC
433000,8.374225924167373,113150.46682634958,33.22463318581778,32.479016898311826,1.2416105188150448,12.758389481184956,NORMAL,SYNTHETIC
2364000,20.863469026572403,186275.6925198657,59.89647216782727,53.851419599377664,48.665831685160725,-34.665831685160725,WARNING_2,SYNTHETIC
3154000,36.03551682395243,194553.3944408366,69.95820535187255,65.00119160024967,65.87680494632784,-51.87680494632784,WARNING_3,SYNTHETIC
2835000,20.8774992763852,188611.26335653,51.362669063378476,57.91023064381625,50.030581369777195,-36.030581369777195,WARNING_2,SYNTHETIC
2092000,21.584573798351244,186781.44184125893,52.998420970094344,54.974788772128555,55.34103523543661,-41.34103523543661,WARNING_2,SYNTHETIC
3010000,31.615389060237714,193526.02648212292,60.67325057273718,67.65566436253462,57.02147288210049,-43.02147288210049,WARNING_3,SYNTHETIC
3162000,37.43847147893561,196238.69894129672,64.33126459353683,69.88862022069871,58.8976741225445,-44.8976741225445,WARNING_3,SYNTHETIC
2945000,29.60193513961098,186315.20358148293,54.80421468838239,57.93467922248402,50.47064810740266,-36.47064810740266,WARNING_2,SYNTHETIC
3916000,38.17827791164198,192676.90663686124,65.06858797544322,63.70913515516193,56.45809306369462,-42.45809306369462,WARNING_3,SYNTHETIC
2916000,24.324445254891394,187948.28325260698,55.08768642910633,50.75584009363637,53.783201053208685,-39.783201053208685,WARNING_2,SYNTHETIC
1102000,10.325722450992197,172236.65816399554,45.76183303697149,47.512269476821544,23.70787367113256,-9.70787367113256,WARNING_1,SYNTHETIC
1448000,15.420246393136473,164185.9519351292,44.779597997712415,41.19311303699697,13.713068705316378,0.28693129468362244,WARNING_1,SYNTHETIC
1720000,17.657531836018507,149678.9324991324,42.04159151593067,48.04619379615444,34.424014238174955,-20.424014238174955,WARNING_1,SYNTHETIC
4518000,59.299062543864736,214267.8625731896,75.35499025985888,78.7569336354631,92.32814674782678,-78.32814674782678,HIGH_RISK,SYNTHETIC
3842000,34.34566619483973,192999.8630481487,67.8762641886083,64.22734134888778,65.77482961081455,-51.77482961081455,WARNING_3,SYNTHETIC
156000,3.4748572977832732,111056.14202800221,30.978832802148595,30.702333708867034,2.741548529907583,11.258451470092417,NORMAL,SYNTHETIC
2978000,25.361575392469195,182503.26195601397,51.578648088030874,59.720908714661206,54.94034132198057,-40.94034132198057,WARNING_2,SYNTHETIC
1773000,15.317518287994517,178855.6189111337,49.530960372930245,47.54944427150481,26.46348345353476,-12.46348345353476,WARNING_1,SYNTHETIC
615000,7.457030777453663,114261.49868798004,34.942597768118624,36.94532791286382,1.0029677901288256,12.997032209871174,NORMAL,SYNTHETIC
643000,3.063909323883428,114011.24942643108,38.62926374954829,31.764601414693068,0.3090846103651449,13.690915389634855,NORMAL,SYNTHETIC
1935000,15.5713474254261,165337.72243129587,43.12606000839933,49.58914557493887,15.600195921080902,-1.6001959210809016,WARNING_1,SYNTHETIC
4277000,43.759401187236826,214734.52087654397,86.56758212270968,84.91743362580971,89.44592442665832,-75.44592442665832,HIGH_RISK,SYNTHETIC
1068000,12.834836796235724,144440.76453972218,44.32745263163699,41.34355057767985,32.08154575709108,-18.081545757091078,WARNING_1,SYNTHETIC
4454000,43.249641746759195,246478.07727647078,72.65422106109172,74.42133752819163,90.74568542740079,-76.74568542740079,HIGH_RISK,SYNTHETIC
4154000,54.57249296470047,226403.9100277418,76.5405758522958,85.57882655266218,76.39599859143887,-62.39599859143887,HIGH_RISK,SYNTHETIC
4239000,50.567059349940486,248221.98444087012,72.41059020871887,82.78534024241222,74.72532624713351,-60.72532624713351,HIGH_RISK,SYNTHETIC
4868000,45.60239604032866,215246.02684470513,83.59973441042858,75.5775695300214,74.07273585594587,-60.072735855945865,HIGH_RISK,SYNTHETIC
330000,7.46705982833056,125498.15806762656,35.80438297202845,39.44145646660466,0.4849516857034566,13.515048314296543,NORMAL,SYNTHETIC
2057000,23.942015266125754,182563.61173807434,59.09619107825825,55.70588750899463,49.82618683774526,-35.82618683774526,WARNING_2,SYNTHETIC
2646000,25.029483369378482,185829.86434977927,51.44016755189965,56.270361021574395,48.92952689978917,-34.92952689978917,WARNING_2,SYNTHETIC
2191000,21.276284101331537,181173.7778546535,51.449854628500596,59.786349617745586,53.941154622589586,-39.941154622589586,WARNING_2,SYNTHETIC
622000,9.672753491555351,126198.81472889741,32.28336231631926,34.50915267162104,1.988055349725516,12.011944650274485,NORMAL,SYNTHETIC
1595000,16.37267748082442,147454.781291886,48.890770168688434,47.75099954163893,23.894885025221345,-9.894885025221345,WARNING_1,SYNTHETIC
2915000,29.646628124820275,188164.0827647987,59.34890055794648,56.31801802884954,48.30389835475211,-34.30389835475211,WARNING_2,SYNTHETIC
4821000,42.57075683534963,227660.30976164335,83.35996524788105,79.16670416714676,74.77087145749027,-60.77087145749027,HIGH_RISK,SYNTHETIC
3898000,30.617908876496205,199346.1078857043,67.71758332935687,69.8974077936158,56.69339973469494,-42.69339973469494,WARNING_3,SYNTHETIC
1919000,12.999737105332434,159728.84068714365,44.33885519492718,47.498933995636385,41.33622181335213,-27.336221813352132,WARNING_1,SYNTHETIC
4173000,48.40552160816374,244369.50555551276,70.65425774841266,80.26561983590226,69.7663073397028,-55.766307339702806,HIGH_RISK,SYNTHETIC
4477000,53.115735788687196,206377.09530902104,79.53856062692353,74.10662219052296,91.33934085160709,-77.33934085160709,HIGH_RISK,SYNTHETIC
755000,3.008625304078101,121572.18593625049,37.97517204053179,33.43815968924371,1.725696630821124,12.274303369178876,NORMAL,SYNTHETIC
518000,1.1292090233286227,113088.46176044285,35.486140593222075,35.43351417423758,2.3369238307066826,11.663076169293317,NORMAL,SYNTHETIC
3803000,39.88144520860947,197248.65437263463,67.40799349742886,63.61671205917974,62.85970889028678,-48.85970889028678,WARNING_3,SYNTHETIC
32000,3.867263151615737,120178.68303502709,33.448312593988376,32.538910879223856,1.9930500277694623,12.006949972230538,NORMAL,SYNTHETIC
2937000,26.212897991458803,189990.53112835085,53.29819046919783,53.33774313543252,46.67745276529573,-32.67745276529573,WARNING_2,SYNTHETIC
1157000,15.936352885913951,132158.00601377888,49.54979612770297,42.22592856892339,7.713607607534902,6.286392392465098,WARNING_1,SYNTHETIC
744000,5.471872731153301,124200.33760109247,33.605651107758504,30.901369820382666,0.4004444460253648,13.599555553974636,NORMAL,SYNTHETIC
1497000,13.131969653274783,153602.4090889344,45.07255132690843,49.1518434804444,7.732904618444717,6.267095381555283,WARNING_1,SYNTHETIC
3459000,34.74838531959672,193379.58517915293,61.060894522846674,65.24981082367249,59.08001695224091,-45.08001695224091,WARNING_3,SYNTHETIC
3755000,32.72691961588289,194993.5715929806,67.80441685404566,66.46796182419281,62.458739343090194,-48.458739343090194,WARNING_3,SYNTHETIC
2591000,28.09839234521118,182367.73358044864,58.72546041324977,56.6092007358193,55.82272452358916,-41.82272452358916,WARNING_2,SYNTHETIC
783000,6.31013519813323,113070.63092674095,33.51410851399538,32.26188889802062,1.8388677328394663,12.161132267160534,NORMAL,SYNTHETIC
3493000,34.19759905590676,196662.65817319142,60.81884579952748,69.16455076758993,59.14923628946473,-45.14923628946473,WARNING_3,SYNTHETIC
2949000,22.181963013263683,184382.90653741252,58.45134503660779,54.514408286361174,50.35658054525277,-36.35658054525277,WARNING_2,SYNTHETIC
229000,1.931897153006629,111189.7338436668,36.537304725769204,34.83511641003681,0.916185829589981,13.083814170410019,NORMAL,SYNTHETIC
857000,8.729618457535054,115737.84827126909,34.316810811770246,34.37536356771505,1.9646593859243673,12.035340614075633,NORMAL,SYNTHETIC
2266000,24.783987454890507,185612.61246810335,55.12178594491205,56.36602419134363,54.34005446643445,-40.34005446643445,WARNING_2,SYNTHETIC
4274000,55.59361616341587,219764.83927036735,74.42443714479106,80.5458147163748,83.18555129260476,-69.18555129260476,HIGH_RISK,SYNTHETIC
408000,1.9364918804681692,127346.06081002363,33.297853795515024,35.05975503911132,2.6500652925670716,11.34993470743293,NORMAL,SYNTHETIC
170000,3.560076975633044,117889.63035877509,34.1774328636284,39.86591075849091,2.893640218692808,11.106359781307193,NORMAL,SYNTHETIC
540000,9.704370423615728,126411.14165279722,35.07190119315929,38.887954941814336,0.33626887355433804,13.663731126445661,NORMAL,SYNTHETIC
2210000,20.191915415692684,186162.2512871109,57.98631674167113,57.29474983248137,53.96028704976764,-39.96028704976764,WARNING_2,SYNTHETIC
2304000,28.70438262364358,187753.4168186415,56.71795593856069,56.23973209753457,55.317956910368906,-41.317956910368906,WARNING_2,SYNTHETIC
2567000,28.331258051784502,187333.39173980203,53.5832129604983,51.51947933193772,47.5297993367407,-33.5297993367407,WARNING_2,SYNTHETIC
613000,9.664287116598297,117566.36028447571,37.72895087094858,38.902579336462914,1.5076514007569586,12.49234859924304,NORMAL,SYNTHETIC
2101000,27.73322666686841,180945.10107159236,54.29635658849156,51.759599228548275,48.49253834778477,-34.49253834778477,WARNING_2,SYNTHETIC
1808000,10.719262684145214,151218.84010646027,49.45628591517688,49.10373711970196,22.008891803291224,-8.008891803291224,WARNING_1,SYNTHETIC
3438000,39.54176483995659,194844.6875208227,61.54375221543324,62.23801012397018,58.26647137729344,-44.26647137729344,WARNING_3,SYNTHETIC
1161000,19.401297895798812,158092.78550635139,44.548021122576394,45.574651691046185,40.244076435143896,-26.244076435143896,WARNING_1,SYNTHETIC
4225000,56.58950756300358,203919.7451947391,75.61176989770718,74.78774545955606,85.13724349519308,-71.13724349519308,HIGH_RISK,SYNTHETIC
3119000,34.24252633888722,198022.0573248088,67.82743797592076,67.0555235786008,59.01965734245889,-45.01965734245889,WARNING_3,SYNTHETIC
3652000,38.562168709827375,198134.44461277343,60.97346975768832,68.33892347065073,61.78458029823355,-47.78458029823355,WARNING_3,SYNTHETIC
1610000,10.566536674296167,165760.535011103,47.70668980791976,41.629697512319446,43.55558736772909,-29.55558736772909,WARNING_1,SYNTHETIC
1932000,13.16339349186876,158695.59077529822,40.79303524856238,41.49936830477037,24.5221924717573,-10.5221924717573,WARNING_1,SYNTHETIC
3027000,34.71574531687915,199992.85980115007,62.72876445116102,61.841521228089114,58.06004846597822,-44.06004846597822,WARNING_3,SYNTHETIC
564000,6.712511641181615,125829.02975615245,36.039446649786264,39.733486837459054,0.6491110541570255,13.350888945842975,NORMAL,SYNTHETIC
3571000,39.52249140389204,197213.0086248192,61.85825490970622,66.14982529732502,63.68526747266493,-49.68526747266493,WARNING_3,SYNTHETIC
4247000,50.79163274075723,224681.5895360387,76.68073341329277,87.34040049213881,93.60178865247799,-79.60178865247799,HIGH_RISK,SYNTHETIC
2388000,21.517484764346015,181683.65887722824,57.53322491978073,55.007238335794106,49.4065271546038,-35.4065271546038,WARNING_2,SYNTHETIC
1471000,10.72300712840841,160360.77944167395,48.15831245765672,48.03853213534886,7.2616093645421635,6.7383906354578365,WARNING_1,SYNTHETIC
2630000,21.73228330212818,186778.73256573736,53.4141974742321,51.72833677332427,48.20266911515788,-34.20266911515788,WARNING_2,SYNTHETIC
1835000,11.054295525953439,138117.16874026012,43.44170784227019,40.90793337187363,3.4725263741000236,10.527473625899976,WARNING_1,SYNTHETIC
4928000,49.30951937800786,225551.39134868543,77.95615134893306,86.84621487526856,66.44753983534771,-52.44753983534771,HIGH_RISK,SYNTHETIC
3475000,35.37164843438736,197831.6668127489,66.58806859524101,62.46765133533594,64.61741523267253,-50.61741523267253,WARNING_3,SYNTHETIC
1533000,13.532849732784522,132534.28079751425,40.55087008987908,49.32956653077556,24.28452162454539,-10.284521624545391,WARNING_1,SYNTHETIC
4327000,52.15801682666583,239162.67413441185,87.52559524057037,72.3245022345505,94.905117348254,-80.905117348254,HIGH_RISK,SYNTHETIC
2484000,22.68821895584249,182800.98408229387,55.8854465627292,54.00303185553187,51.05842288325168,-37.05842288325168,WARNING_2,SYNTHETIC
4207000,51.428253716464134,234924.13078623157,83.94692857589561,86.7936900046397,92.75954699560614,-78.75954699560614,HIGH_RISK,SYNTHETIC
1172000,18.388381127130383,149610.86799550604,47.38090882420548,45.96355739573799,4.1625609883279235,9.837439011672076,WARNING_1,SYNTHETIC
1427000,18.19215642042321,149750.42051231797,41.699067124526096,42.41652023304494,22.002092817730748,-8.002092817730748,WARNING_1,SYNTHETIC
325000,6.742768596928898,127575.2723956508,39.86029743076624,38.46874203113913,1.742700363437947,12.257299636562053,NORMAL,SYNTHETIC
1051000,14.274716692357563,157252.19225240976,42.29009176124332,47.53823966328214,28.029825540931746,-14.029825540931746,WARNING_1,SYNTHETIC
3319000,31.042613808326934,193364.56254696668,69.68146962872284,60.16515558595991,59.16865083019839,-45.16865083019839,WARNING_3,SYNTHETIC
4721000,49.350486779885756,220558.83946380083,84.21502087542815,89.20427113785172,71.49220863925981,-57.492208639259815,HIGH_RISK,SYNTHETIC
3864000,36.57055457871681,198727.6554864475,69.14203839655687,67.8170960636776,64.59248032252684,-50.59248032252684,WARNING_3,SYNTHETIC
2603000,27.936568629269328,189935.90536783007,51.655166422136354,52.30550962432637,55.27079226855678,-41.27079226855678,WARNING_2,SYNTHETIC
1738000,19.14919974523187,169625.7829543288,41.00948515017912,47.87111255479455,29.792773851621078,-15.792773851621078,WARNING_1,SYNTHETIC
1196000,14.486214793647637,169411.16388094416,41.393638038888696,46.28494815409329,27.355449745814752,-13.355449745814752,WARNING_1,SYNTHETIC
620000,7.840619522256772,114159.9614741692,38.774769812242596,36.21811384453137,0.8030000689423324,13.196999931057668,NORMAL,SYNTHETIC
1374000,16.53710151439892,144215.64992189145,45.52881193956201,46.39319265217568,27.709612879617687,-13.709612879617687,WARNING_1,SYNTHETIC
2879000,27.816772647806783,186202.4707781601,53.20393045549258,53.313448941915134,53.6842731841975,-39.6842731841975,WARNING_2,SYNTHETIC
1189000,15.767646800308924,160547.84070706367,46.62251668751191,48.036580557777235,31.375032770455245,-17.375032770455245,WARNING_1,SYNTHETIC
328000,6.569675137555063,115406.83576398656,35.73640668795709,35.064733104983794,2.5521596238613244,11.447840376138675,NORMAL,SYNTHETIC
648000,6.960129114406696,128152.09782780964,36.64579709527314,32.47067587280719,1.0680068093590116,12.931993190640988,NORMAL,SYNTHETIC
897000,2.778375294480206,115500.62081260506,32.04013146554041,34.00066556417876,1.6178473945623753,12.382152605437625,NORMAL,SYNTHETIC
3882000,32.953826999698634,196179.9189341101,65.42353345827922,63.93484818628243,56.41281724186977,-42.41281724186977,WARNING_3,SYNTHETIC
1123000,15.58755153926802,147085.8730602435,48.69757130083332,42.03421247332905,18.06094378433218,-4.060943784332181,WARNING_1,SYNTHETIC
1891000,15.926286388583797,146089.60890733034,49.116668932847816,47.09324001013394,24.713140320965856,-10.713140320965856,WARNING_1,SYNTHETIC
4643000,50.71871028375861,221902.50435340928,89.14219311141473,70.54551711411061,87.8789375568728,-73.8789375568728,HIGH_RISK,SYNTHETIC
4791000,51.38523554700741,224650.5059001074,87.7377030042871,70.18151775360494,92.73017745199958,-78.73017745199958,HIGH_RISK,SYNTHETIC
4529000,59.88196687353826,229278.32770375902,74.1444706641584,79.68859424093225,96.12288399430975,-82.12288399430975,HIGH_RISK,SYNTHETIC
4234000,44.9969529782203,223422.6542172124,81.44756827582901,85.48526025742028,77.73444241867956,-63.73444241867956,HIGH_RISK,SYNTHETIC
1593000,10.19341370351374,170167.67332160156,48.13073930484541,44.61943842469092,30.44060682974875,-16.44060682974875,WARNING_1,SYNTHETIC
3312000,33.708381309469374,198991.02998863,62.03275514731197,66.02859233923188,63.85235866128667,-49.85235866128667,WARNING_3,SYNTHETIC
2547000,24.00152076333769,183472.73895845507,52.07620356430965,53.04006743484071,46.47346623598641,-32.47346623598641,WARNING_2,SYNTHETIC
1545000,12.971473663258575,172289.44611929235,43.122924897364484,45.09261830673096,14.899111310686843,-0.8991113106868429,WARNING_1,SYNTHETIC
4336000,50.19872168560082,225553.2949689508,77.12075642419,86.53649594127725,70.23469492224137,-56.234694922241374,HIGH_RISK,SYNTHETIC
1023000,16.33221405689403,173919.2586635081,44.87876612697008,44.19048767206239,23.92801179071138,-9.92801179071138,WARNING_1,SYNTHETIC
1971000,10.563368923973158,148079.13492220186,41.58523559138719,43.962792181986764,7.135200127822483,6.864799872177517,WARNING_1,SYNTHETIC
4988000,50.117410849209655,226471.3280241657,77.9762188948167,82.34986990001433,70.7301699534229,-56.7301699534229,HIGH_RISK,SYNTHETIC
1714000,11.131015825700551,161339.02701068504,42.80951831768999,40.13904055976755,3.173987238596086,10.826012761403915,WARNING_1,SYNTHETIC
1717000,19.967891064128573,172028.98109548044,48.325720750613186,40.655597019400794,6.799392112174136,7.200607887825864,WARNING_1,SYNTHETIC
1477000,14.564401523945369,151181.9926417669,42.81838162635818,44.548001278870906,35.477749819363545,-21.477749819363545,WARNING_1,SYNTHETIC
809000,9.727615388172655,111734.22967286398,31.657529468423526,37.981682913973096,1.8212451074124978,12.178754892587502,NORMAL,SYNTHETIC
2850000,24.581224073499207,181262.73657658882,57.135723514688976,54.970724598535355,52.01597937044613,-38.01597937044613,WARNING_2,SYNTHETIC
978000,5.6805976038454,124682.92691521836,37.16130940992838,34.93484157763217,2.4732682019821985,11.526731798017801,NORMAL,SYNTHETIC
4687000,46.536543820005996,236594.09627673874,88.76647050267704,76.69118514938395,74.17340553289013,-60.17340553289013,HIGH_RISK,SYNTHETIC
4895000,52.41273146255875,238903.55907069938,76.81588814668333,80.23995019612266,87.17712367586375,-73.17712367586375,HIGH_RISK,SYNTHETIC
1684000,14.263623299369392,141135.32825694536,40.335668290579754,42.53772890256871,9.144217969884956,4.855782030115044,WARNING_1,SYNTHETIC
4660000,46.64741855728783,223067.41908148443,84.30914800398358,89.50975084042213,77.03491618782954,-63.03491618782954,HIGH_RISK,SYNTHETIC
1514000,11.1905899009279,137476.08811582884,47.19173432128307,44.00088492382015,10.645791110236688,3.3542088897633118,WARNING_1,SYNTHETIC
2404000,22.178262548930448,186143.69741742656,59.35578942569679,50.843254335654215,55.3016492246461,-41.3016492246461,WARNING_2,SYNTHETIC
2021000,22.919027720854526,189346.19049104606,54.55047932396549,54.48741304870162,48.57380387746307,-34.57380387746307,WARNING_2,SYNTHETIC
4553000,51.291338074840574,206533.72612182196,85.42264938561812,78.50173814420975,71.11519632648017,-57.115196326480174,HIGH_RISK,SYNTHETIC
1767000,16.20144025091569,153792.02713741353,43.836947882622255,49.846664377580765,31.069103004599732,-17.069103004599732,WARNING_1,SYNTHETIC
174000,2.44854879472176,120083.57208781628,33.51929943022966,36.78011554171796,2.4093491829000104,11.59065081709999,NORMAL,SYNTHETIC
1554000,16.654673855744416,137997.2196658297,46.862458351462024,47.93857171498139,9.36772042180238,4.63227957819762,WARNING_1,SYNTHETIC
4215000,48.09643716660822,236586.73794388192,83.30200304250947,86.60240891093835,67.45618888292601,-53.456188882926014,HIGH_RISK,SYNTHETIC
1482000,13.568634237677985,173425.10612680129,45.54625777339785,48.286852712018415,45.95964975013257,-31.95964975013257,WARNING_1,SYNTHETIC
4461000,51.414607722893166,240793.6438013035,82.90717873797645,89.65498758749744,67.67894327059135,-53.67894327059135,HIGH_RISK,SYNTHETIC
217000,2.089033472123033,121281.90274094445,39.29632187724224,30.129933486717963,0.39927270313410235,13.600727296865898,NORMAL,SYNTHETIC
3914000,39.52346822778384,197544.30615272422,64.73724722814687,67.62985498790762,58.27756275904783,-44.27756275904783,WARNING_3,SYNTHETIC
3720000,38.61899653117954,192208.1267419067,67.04973312641326,69.39149525315005,60.61369421107159,-46.61369421107159,WARNING_3,SYNTHETIC
690000,3.5039597009840624,125737.82762900056,39.48646467916192,30.38910820774215,1.5205466791090076,12.479453320890993,NORMAL,SYNTHETIC
2577000,24.268733180150967,182191.210555384,59.79531335556701,59.852646360704895,46.84071613240396,-32.84071613240396,WARNING_2,SYNTHETIC
2233000,22.823659058672987,188257.6521666001,50.83858265076109,56.563430561779654,48.096852298784995,-34.096852298784995,WARNING_2,SYNTHETIC
2238000,23.658787876437522,187398.8381748852,59.70066384457327,52.436250971990255,52.386825659248444,-38.386825659248444,WARNING_2,SYNTHETIC
1106000,11.730590790859557,178988.71394861263,46.45003725468302,42.673600898576595,11.745189979372151,2.2548100206278487,WARNING_1,SYNTHETIC
1789000,14.683963657679765,172313.19690975954,42.466493447298426,48.20645526771791,41.83625059998688,-27.836250599986883,WARNING_1,SYNTHETIC
3188000,32.290809313562924,199484.70913697593,61.15853919657001,65.42879806974301,62.470208799599746,-48.470208799599746,WARNING_3,SYNTHETIC
2436000,22.385338915645075,183369.26826676106,51.05684031950991,53.37504861142503,47.55670701001778,-33.55670701001778,WARNING_2,SYNTHETIC
611000,6.75610120344474,125515.82172874181,38.19259385559987,33.27512078313149,1.0502063767067733,12.949793623293226,NORMAL,SYNTHETIC
3660000,39.67855888318188,190876.63691435315,63.59846404843877,65.81187462256463,60.463391377507044,-46.463391377507044,WARNING_3,SYNTHETIC
3711000,34.198435832759984,194913.3952307861,64.80499352883687,64.55563293705232,56.16916972788003,-42.16916972788003,WARNING_3,SYNTHETIC
576000,9.00405974606788,125860.09957919261,36.967249452745534,38.201047447836984,2.49984758171749,11.50015241828251,NORMAL,SYNTHETIC
2063000,20.79627153288938,182810.84382986295,57.963015529307356,59.615949760669444,49.878864357957006,-35.878864357957006,WARNING_2,SYNTHETIC
4435000,50.144076370565756,241838.17982500762,75.70531086792538,72.70525040551502,96.83073589879228,-82.83073589879228,HIGH_RISK,SYNTHETIC
1180000,16.61312863591935,131836.5726668349,42.662644105246486,42.62118044447284,21.41922157355196,-7.419221573551962,WARNING_1,SYNTHETIC
888000,2.4332692048800832,127010.41757842715,31.08308121188994,39.28930017126359,1.3027373173180623,12.697262682681938,NORMAL,SYNTHETIC
3128000,31.834312426086946,193908.6552060946,63.87917014214119,69.79778719341866,58.70157118594883,-44.70157118594883,WARNING_3,SYNTHETIC
1732000,16.84014366568276,172704.3341899979,43.41045605812317,43.84603725239877,45.71399863264642,-31.713998632646422,WARNING_1,SYNTHETIC
2663000,27.801426224234913,183878.63254614364,57.045740515747205,54.18193633061323,51.17369883537229,-37.17369883537229,WARNING_2,SYNTHETIC
817000,5.718563635380103,119451.11966673714,35.96726350431929,32.79825918394787,1.6016992026986365,12.398300797301363,NORMAL,SYNTHETIC
3277000,37.96325028622184,199364.4359520451,63.780320392690975,67.21153272663835,60.11329914811643,-46.11329914811643,WARNING_3,SYNTHETIC
1859000,12.599267461096252,135618.14360779326,47.43780600471919,42.148141015920565,24.56400462602708,-10.564004626027081,WARNING_1,SYNTHETIC
208000,2.072126040731074,115203.69310685984,31.56291321960975,31.094873257008153,1.4566578745622092,12.54334212543779,NORMAL,SYNTHETIC
293000,1.8721956459029045,116414.31093388153,33.0762848542413,34.91565767336999,1.8516996924146651,12.148300307585334,NORMAL,SYNTHETIC
1119000,15.110866740841892,130021.84542823829,46.553364966904184,47.28150465249092,39.61739411617601,-25.61739411617601,WARNING_1,SYNTHETIC
2213000,25.693652815621235,180798.076078095,58.65815590908665,53.95959952823239,48.75278448864461,-34.75278448864461,WARNING_2,SYNTHETIC
1609000,17.11953193932093,130506.3221149185,48.975967165211046,41.70746402807833,18.81882328461417,-4.818823284614169,WARNING_1,SYNTHETIC
1264000,13.74783521277491,152664.8504623327,45.668053218534624,46.69258602200631,9.569041863599347,4.430958136400653,WARNING_1,SYNTHETIC
990000,6.479836955896232,111768.04581401349,37.90865130863268,39.79621681124288,0.21925843089613256,13.780741569103867,NORMAL,SYNTHETIC
4197000,41.46848813007254,240362.6789931481,72.85486197986687,74.45583007273093,95.62262617180447,-81.62262617180447,HIGH_RISK,SYNTHETIC
1616000,14.46047821764104,150596.88440616726,43.0084248884742,45.75404940853437,3.5363342696166065,10.463665730383394,WARNING_1,SYNTHETIC
353000,6.037388523497878,116075.93236819888,35.48273317858189,33.28943650476493,0.34546701052255663,13.654532989477444,NORMAL,SYNTHETIC
4557000,54.84835738994325,206303.51335970004,88.88509642686208,76.16707615853832,69.57559930426187,-55.57559930426187,HIGH_RISK,SYNTHETIC
2022000,23.187038105753654,189651.00658902037,53.295523806674225,56.116163783714654,53.14419777296923,-39.14419777296923,WARNING_2,SYNTHETIC
3690000,30.95072880074712,191586.0324329763,60.15680313400332,62.871160801150296,62.43137016196779,-48.43137016196779,WARNING_3,SYNTHETIC
2555000,29.204714494044495,184311.69438627432,54.15297212086397,51.272546944314044,52.77052013173668,-38.77052013173668,WARNING_2,SYNTHETIC
3048000,36.6275461394787,199006.9429457256,63.914368433656804,66.28635385528148,59.353182909757294,-45.353182909757294,WARNING_3,SYNTHETIC
1228000,12.010446973501654,152612.86235778467,41.99941126495711,49.49869419786096,36.6339214727946,-22.633921472794597,WARNING_1,SYNTHETIC
259000,6.231016241056776,129933.54423038306,34.29098871469257,30.42975125646899,0.9812274495595539,13.018772550440445,NORMAL,SYNTHETIC
1519000,15.744911083119487,145198.70897404558,40.29497410062648,41.14616191158211,8.998178718670902,5.001821281329098,WARNING_1,SYNTHETIC
1777000,15.534914611957735,157397.44959070522,48.74903348971445,48.00099633243172,31.306290982713193,-17.306290982713193,WARNING_1,SYNTHETIC
4739000,46.20701669782009,247427.98007069953,75.56429483241618,72.28462532835864,75.98972632802537,-61.98972632802537,HIGH_RISK,SYNTHETIC
1770000,18.033041529537037,147425.93542410992,40.6169280553152,41.118739444814,19.141471554025944,-5.141471554025944,WARNING_1,SYNTHETIC
4353000,41.19913334666893,231035.63476194878,87.72693514924444,70.32231570877545,85.08418723704483,-71.08418723704483,HIGH_RISK,SYNTHETIC
52000,7.924934522018819,115503.05051203427,34.52507931524384,36.48448170587646,1.7320655586434819,12.267934441356518,NORMAL,SYNTHETIC
3473000,38.936773480887,199477.5320944803,66.22678369193966,65.16033458894924,56.840032698876435,-42.840032698876435,WARNING_3,SYNTHETIC
4683000,55.614742435913776,242635.5343148528,72.89237830732151,77.60583468476923,91.01127478525918,-77.01127478525918,HIGH_RISK,SYNTHETIC
4411000,42.2297131889974,238955.8911583809,86.35416549530282,80.35579688442265,79.1717469796669,-65.1717469796669,HIGH_RISK,SYNTHETIC
2409000,22.74317583403185,181880.39242160166,55.95803319835097,52.056555478641194,53.001332883098485,-39.001332883098485,WARNING_2,SYNTHETIC
2787000,21.45773093664978,183224.5570090576,57.81869183501564,52.43767191125474,54.89847935643701,-40.89847935643701,WARNING_2,SYNTHETIC
2344000,23.976743154281237,186966.93933630138,58.02127583914791,51.65541209606838,49.4846470623352,-35.4846470623352,WARNING_2,SYNTHETIC
1033000,15.29547198830084,131032.69376733934,41.326473410034886,43.261355777232666,41.17427403216255,-27.17427403216255,WARNING_1,SYNTHETIC
1097000,16.470276118120736,156877.33420504656,43.42081515386681,45.33706961806187,19.727399183860623,-5.727399183860623,WARNING_1,SYNTHETIC
543000,9.7148306460712,113527.11152835602,32.49826087809722,32.25247804179507,1.5817202232578769,12.418279776742123,NORMAL,SYNTHETIC
1046000,12.373558128771851,149638.20190916694,43.880996950791584,47.180805016552235,14.460294830913618,-0.4602948309136181,WARNING_1,SYNTHETIC
1894000,10.372721450785416,137721.81698168366,43.89615182427219,43.99659500938495,26.432901183849427,-12.432901183849427,WARNING_1,SYNTHETIC
4376000,57.70421164569683,249400.85040424875,78.26410191153936,87.42423829222228,70.49178151822395,-56.491781518223945,HIGH_RISK,SYNTHETIC
30000,7.553906971988791,121236.37860125999,30.218313916458115,37.89905981735588,1.6304560179569212,12.369543982043078,NORMAL,SYNTHETIC
725000,1.361496021082653,111104.19913415961,37.408152316357864,37.993545750571386,1.142499693983447,12.857500306016552,NORMAL,SYNTHETIC
4961000,45.878446225917386,247405.17944479402,71.13057359664228,79.95665553488817,79.20216723586898,-65.20216723586898,HIGH_RISK,SYNTHETIC
4718000,59.84549500991159,222886.38434717618,75.41403043821587,75.70246853565082,84.66757463675381,-70.66757463675381,HIGH_RISK,SYNTHETIC
3903000,39.49172353290507,198605.80354191764,61.92814503107588,68.52261732633569,58.16786588929315,-44.16786588929315,WARNING_3,SYNTHETIC
1426000,19.51142390357446,135723.52040579732,49.92725276554541,47.92137839421846,9.024908754831044,4.975091245168956,WARNING_1,SYNTHETIC
2497000,26.990489140363316,189880.23829113704,53.96907070727467,54.318576120716365,48.513684829764614,-34.513684829764614,WARNING_2,SYNTHETIC
436000,2.099328377889659,114374.0845230327,35.87521780528874,33.287855978101035,2.5204651097423945,11.479534890257606,NORMAL,SYNTHETIC
2470000,22.434632736128723,183990.60158018244,57.35725095175276,56.54346794425341,49.33086364968191,-35.33086364968191,WARNING_2,SYNTHETIC
912000,8.93444831138466,128078.08377590957,35.33387430831032,38.654318556221,1.2847002033401902,12.71529979665981,NORMAL,SYNTHETIC
4222000,47.78829406362026,208272.29201730597,70.98677871515302,73.50419667755358,93.27689982519908,-79.27689982519908,HIGH_RISK,SYNTHETIC
4352000,46.994432194126254,230554.64493188026,76.86257826714647,73.78085438391993,86.60758379485353,-72.60758379485353,HIGH_RISK,SYNTHETIC
4512000,52.48859544872914,244010.49195010075,78.16456617141306,79.18517447827823,96.13423397518376,-82.13423397518376,HIGH_RISK,SYNTHETIC
4443000,50.97018569408971,239043.7863422901,86.88897819992266,75.52597220688536,84.18731815136971,-70.18731815136971,HIGH_RISK,SYNTHETIC
2287000,28.92799893365671,189315.4547869307,57.730813467331494,59.67530719583097,47.091320879255505,-33.091320879255505,WARNING_2,SYNTHETIC
4597000,49.715264150125535,220552.20122615728,88.45016838316553,79.00753138349862,90.85718918173264,-76.85718918173264,HIGH_RISK,SYNTHETIC
1238000,14.432357717485003,171908.51353843568,44.872392992965935,46.71737697168037,36.89426749712535,-22.894267497125348,WARNING_1,SYNTHETIC
903000,5.2371237948712706,113107.9423851455,39.97069011076243,35.30345017610852,2.6594720561233074,11.340527943876692,NORMAL,SYNTHETIC
3620000,38.918563970823364,196965.69630976234,60.799879334011294,61.9513458004357,62.391000113228806,-48.391000113228806,WARNING_3,SYNTHETIC
3231000,38.85629937808943,198534.05719634125,68.8425339020909,63.4490293311618,63.65678001879394,-49.65678001879394,WARNING_3,SYNTHETIC
2859000,24.980706413051404,185321.74319143972,55.71799753471851,58.63261805789563,50.80002715263724,-36.80002715263724,WARNING_2,SYNTHETIC
507000,8.368964788636603,119194.18928907184,39.370627248797014,38.099364737117085,0.7256045828593245,13.274395417140676,NORMAL,SYNTHETIC
3221000,36.5037354837488,195188.1616466428,63.19217502442162,67.82131743638821,56.38964154232734,-42.38964154232734,WARNING_3,SYNTHETIC
183000,3.7801756561109787,113525.8273004426,31.421039258516426,31.737768877823907,1.5560836483193494,12.44391635168065,NORMAL,SYNTHETIC
1564000,19.334186152473833,151909.47635931993,43.028072164897694,44.21347437807482,31.12332268343791,-17.12332268343791,WARNING_1,SYNTHETIC
2704000,21.89475736263588,181183.29906215632,53.88313345221237,51.32042763185115,48.072226867430004,-34.072226867430004,WARNING_2,SYNTHETIC
321000,5.2320117690406915,119315.1488071451,30.6697801313199,34.34035615756316,1.7423286620847462,12.257671337915253,NORMAL,SYNTHETIC
3563000,39.19552981461453,195088.85532880985,66.20449003816523,60.16255064071365,60.743089245710664,-46.743089245710664,WARNING_3,SYNTHETIC
1538000,13.756963212845992,155283.28882612113,41.37973286436445,41.21065789399532,33.45088180847942,-19.450881808479423,WARNING_1,SYNTHETIC
1837000,15.174871155730923,161808.96048233547,47.215731739306705,47.33886019626613,23.30790995272001,-9.30790995272001,WARNING_1,SYNTHETIC
2380000,26.849829333143784,186487.9349978997,57.854251262780906,52.67002684092516,51.58331887484347,-37.58331887484347,WARNING_2,SYNTHETIC
1912000,15.33720494072832,163330.5717562926,44.1682023225337,46.24437939823734,41.28668457289962,-27.286684572899617,WARNING_1,SYNTHETIC
1840000,13.83223880780832,165105.5262697532,48.77464839731108,41.87257073656256,28.619863569746318,-14.619863569746318,WARNING_1,SYNTHETIC
2115000,24.416920948984295,184982.42534202972,53.136272559508505,58.373686641822346,46.72388421618688,-32.72388421618688,WARNING_2,SYNTHETIC
4437000,55.26442401939142,206849.02816377932,72.73386653126151,77.13830715269246,69.13027736568394,-55.13027736568394,HIGH_RISK,SYNTHETIC
1146000,18.969444827961254,168665.2271004618,43.459016428063805,42.63154636065857,13.328955313784052,0.6710446862159483,WARNING_1,SYNTHETIC
2486000,21.373567597666398,189547.27131540477,51.88425161267614,53.53589297974913,47.768050565972,-33.768050565972,WARNING_2,SYNTHETIC
44000,8.32388625227777,110395.32890685383,39.81004811353773,37.49514977538271,1.545567694236971,12.45443230576303,NORMAL,SYNTHETIC
2154000,23.578344104948336,182004.3287696955,57.087291260122306,59.09982848701021,50.099418964275486,-36.099418964275486,WARNING_2,SYNTHETIC
1526000,13.132827748059288,145135.27468229845,47.8270820618051,48.22658024508685,24.934457715962857,-10.934457715962857,WARNING_1,SYNTHETIC
4855000,50.11372142088278,241493.35246489392,77.76123636040947,78.09546193102602,94.39680308805204,-80.39680308805204,HIGH_RISK,SYNTHETIC
1378000,12.242355676484529,144570.21726962432,44.31544530867263,44.1504892845168,17.495425217381463,-3.495425217381463,WARNING_1,SYNTHETIC
1765000,14.191595739632763,162144.77332617407,40.13825243518291,44.27248114434874,25.880133029008007,-11.880133029008007,WARNING_1,SYNTHETIC
3012000,38.16539271610646,197184.10081380748,69.73306534114525,64.6244657352768,61.915533260103274,-47.915533260103274,WARNING_3,SYNTHETIC
413000,8.893893910290302,128867.64702555706,35.374375733539765,30.543819741668177,0.6218277208121563,13.378172279187844,NORMAL,SYNTHETIC
4284000,52.705192735897484,239003.5162181729,77.28029868385141,73.55693583205525,72.7508426837599,-58.7508426837599,HIGH_RISK,SYNTHETIC
1407000,11.717824117648602,140438.56569446452,45.79850184878048,47.15450105705838,8.533772082783685,5.466227917216315,WARNING_1,SYNTHETIC
1658000,11.419285329867206,169402.4136408818,41.509640457383874,45.681888370535304,43.047168245573836,-29.047168245573836,WARNING_1,SYNTHETIC
801000,3.7909479059438134,122470.92739285492,34.92462917000433,32.066298260523865,0.7844352736234894,13.21556472637651,NORMAL,SYNTHETIC
1288000,13.140599807254086,146725.9534912736,45.7852875522039,43.55864465287188,20.453303074253803,-6.453303074253803,WARNING_1,SYNTHETIC
2182000,22.20556895953248,186191.512069557,59.310831007334016,51.72359728804171,51.7554289780427,-37.7554289780427,WARNING_2,SYNTHETIC
2588000,21.475148685727394,181127.40367000632,55.09226956563025,56.615141660049034,52.4802154628294,-38.4802154628294,WARNING_2,SYNTHETIC
2615000,23.844691654562773,181449.1853441352,57.96385749345717,51.38444569918886,46.5462072227697,-32.5462072227697,WARNING_2,SYNTHETIC
2318000,29.74526300755237,186924.86574967802,54.730871321351216,57.62763926187377,52.24971295199958,-38.24971295199958,WARNING_2,SYNTHETIC
256000,8.185805118130412,125085.43029875786,39.09797576517545,31.014350508544208,0.28534654554901834,13.714653454450982,NORMAL,SYNTHETIC
4541000,47.48576506683876,215546.1167396249,85.7055330442959,75.92039964129589,82.79741092921877,-68.79741092921877,HIGH_RISK,SYNTHETIC
1729000,13.057362897246875,158897.70062490986,41.60515548617625,43.696057968613886,43.4208443146497,-29.4208443146497,WARNING_1,SYNTHETIC
1151000,10.970841110391424,166048.38722917173,47.373564540105896,45.253552654473836,18.12036071077766,-4.1203607107776605,WARNING_1,SYNTHETIC
4144000,41.46404307067523,240001.4645009795,88.23426112686568,86.56843061070583,79.97239529221326,-65.97239529221326,HIGH_RISK,SYNTHETIC
647000,5.528738210623879,125921.20895251742,37.987498277617604,33.8933400559165,0.8022122628377357,13.197787737162264,NORMAL,SYNTHETIC
2908000,28.113759285101374,184051.32715155804,53.19923092898475,54.61472187120734,50.259750097502724,-36.259750097502724,WARNING_2,SYNTHETIC
1702000,10.726507970680165,178961.53148253448,45.570204280808156,42.17906541734105,45.05168788177145,-31.05168788177145,WARNING_1,SYNTHETIC
1881000,12.312636348633664,162609.278085963,40.391155065969414,49.37969888126134,8.36137816366582,5.638621836334179,WARNING_1,SYNTHETIC
3768000,34.78422138685661,194252.04020836172,62.817554861782845,66.85272322626484,63.81627063972381,-49.81627063972381,WARNING_3,SYNTHETIC
1315000,14.020983553358182,155292.04899672972,41.80786818321294,45.51779394907117,43.47887668503589,-29.478876685035893,WARNING_1,SYNTHETIC
2269000,22.31011703040206,181856.3127473051,51.518114456026964,57.83882524175016,51.42977769120785,-37.42977769120785,WARNING_2,SYNTHETIC
1966000,17.75068206790417,156892.7827118739,45.15184396484599,45.104273653752756,19.12063256509392,-5.120632565093921,WARNING_1,SYNTHETIC
2465000,28.635373250716768,187343.72307007236,57.808293901693794,50.859974972263856,52.67395195261007,-38.67395195261007,WARNING_2,SYNTHETIC
3855000,39.02204562313242,193935.28454796405,62.98847548697626,65.00915071959552,58.079598259980564,-44.079598259980564,WARNING_3,SYNTHETIC
1350000,19.140838979235188,168627.1230848074,40.464855972306836,49.048809467162336,36.42017574700178,-22.420175747001778,WARNING_1,SYNTHETIC
3296000,31.182625171952516,191592.71072652342,64.34836423855502,62.752439800945744,58.70440871836676,-44.70440871836676,WARNING_3,SYNTHETIC
112000,3.6924182925257423,122393.37051939723,31.779124882961444,37.111627981941574,2.3582687891306993,11.6417312108693,NORMAL,SYNTHETIC
3133000,35.057490276558916,191993.5852590999,61.12273757669566,63.63055742201823,61.35790317895738,-47.35790317895738,WARNING_3,SYNTHETIC
263000,2.266073010146055,128972.90997425282,30.927854541267394,34.77082866247376,2.4874545799172108,11.51254542008279,NORMAL,SYNTHETIC
1393000,14.690741931590757,136668.32690981947,47.409357475828756,47.04387118087892,12.159489868551058,1.8405101314489425,WARNING_1,SYNTHETIC
1878000,17.15371644259589,163893.9368059329,49.708114971145854,41.80276711582482,10.619742781593576,3.380257218406424,WARNING_1,SYNTHETIC
1186000,10.32427447830858,165973.21085799517,42.67983104536618,43.801556159254545,35.10548604126881,-21.10548604126881,WARNING_1,SYNTHETIC
3071000,38.892745624295884,194292.34574836612,62.56459088046093,69.58470528900932,65.43291839594585,-51.43291839594585,WARNING_3,SYNTHETIC
56000,5.038458824737392,128206.53820370504,39.7804574578798,36.173470999256864,1.020505488411892,12.979494511588108,NORMAL,SYNTHETIC
1309000,12.889492882480896,165471.3310091514,44.006243101854274,49.706328294657,30.660529632280404,-16.660529632280404,WARNING_1,SYNTHETIC
695000,5.659970086508637,120461.8099855863,31.65866029723343,34.23585348294786,2.072039248298756,11.927960751701244,NORMAL,SYNTHETIC
2952000,23.69918752129497,180829.23809755006,52.475678526470965,59.016469925306254,50.62343194164902,-36.62343194164902,WARNING_2,SYNTHETIC
1726000,16.54008268111426,131729.54859424825,41.266967160493905,49.90338366116755,13.406810532959462,0.5931894670405384,WARNING_1,SYNTHETIC
2091000,21.12356000896266,182373.91871245098,52.45656293134169,56.93448200336879,51.784633183652616,-37.784633183652616,WARNING_2,SYNTHETIC
3869000,39.1622740199967,196437.51798279092,67.73541395365744,61.22182449843801,61.71177501407867,-47.71177501407867,WARNING_3,SYNTHETIC
319000,9.349949755094997,127042.90674138363,39.192455822172256,33.11223109204224,1.3114731464802012,12.688526853519798,NORMAL,SYNTHETIC
4320000,45.49353508422643,239004.4443023491,86.348031244676,80.1324414585215,74.74116751275851,-60.74116751275851,HIGH_RISK,SYNTHETIC
682000,1.1554852727992273,124987.05723398011,31.534922053741905,34.25712523746917,2.3282009883219126,11.671799011678088,NORMAL,SYNTHETIC
3841000,36.060423777546504,194029.09726853206,64.11960573457395,64.25006263955106,65.96562540949887,-51.96562540949887,WARNING_3,SYNTHETIC
3213000,36.784104667917795,190016.10405372974,69.4743856655832,62.38502270650521,61.045847860767545,-47.045847860767545,WARNING_3,SYNTHETIC
2002000,22.10668080772491,188792.8804459404,50.8430527208414,57.88788078357388,52.803741941759895,-38.803741941759895,WARNING_2,SYNTHETIC
4782000,59.84679628157677,226340.68719178467,89.40683399289335,74.26027240611586,82.85558953091228,-68.85558953091228,HIGH_RISK,SYNTHETIC
4150000,49.60107567964218,225759.24107536254,86.79488548107501,74.56439007165714,77.69834196513501,-63.698341965135015,HIGH_RISK,SYNTHETIC
286000,1.433436255362827,117829.83959061326,38.880287582275514,36.28476630204918,2.747421926011185,11.252578073988815,NORMAL,SYNTHETIC
1888000,18.443346620034976,160431.07832338515,47.09069447183012,47.7915268348532,4.781503731762719,9.218496268237281,WARNING_1,SYNTHETIC
2337000,29.30251389986551,184781.80844235438,55.200833247086294,58.68058450331722,54.309680370298466,-40.309680370298466,WARNING_2,SYNTHETIC
2520000,29.07403736844327,184048.19182091203,54.06772279542225,56.13786480599707,49.210742657381005,-35.210742657381005,WARNING_2,SYNTHETIC
2277000,24.744406776076808,181266.69306939276,56.67681336425424,59.77128746460159,47.82401286199472,-33.82401286199472,WARNING_2,SYNTHETIC
2127000,29.50642446737315,182229.2049636345,56.67227987532126,56.41794044941268,51.890089378440145,-37.890089378440145,WARNING_2,SYNTHETIC
3499000,31.647672044116238,192532.9836352216,62.50813667739878,65.59649906145984,64.79966215280935,-50.79966215280935,WARNING_3,SYNTHETIC
4211000,53.833949207829754,210627.19859799847,86.87180672035262,82.27269246451894,95.7972758420413,-81.7972758420413,HIGH_RISK,SYNTHETIC
2083000,29.576824979751912,187086.59401858653,56.81824477930648,56.28895741269183,49.824315339156136,-35.824315339156136,WARNING_2,SYNTHETIC
736000,2.8217807654183455,127714.10341716727,31.815231081096936,32.55017462703427,2.1090391983549526,11.890960801645047,NORMAL,SYNTHETIC
4801000,59.943207147988616,236573.5465507835,83.72862019107764,70.56361354783061,78.39809134454121,-64.39809134454121,HIGH_RISK,SYNTHETIC
336000,1.8368425844234246,113752.18585530068,38.682364402828995,35.246675094435716,0.25104700436915417,13.748952995630846,NORMAL,SYNTHETIC
2596000,22.35508234360313,183807.2293904045,59.573115654810174,53.309045542607606,48.06384262156684,-34.06384262156684,WARNING_2,SYNTHETIC
2771000,23.09264343316191,185068.66765323962,52.76913548360646,54.0129265211288,53.11437003687732,-39.11437003687732,WARNING_2,SYNTHETIC
3704000,36.33972819633425,193708.14635418617,68.23239862201656,61.12707767445655,59.985716999287234,-45.985716999287234,WARNING_3,SYNTHETIC
4404000,46.08145510065955,200862.80625152672,78.068444154315,77.22861133651438,77.28949630591264,-63.289496305912635,HIGH_RISK,SYNTHETIC
1071000,13.502094664724666,132518.24196597718,42.24875840126677,45.38274413877226,16.90041129006546,-2.9004112900654597,WARNING_1,SYNTHETIC
2290000,23.121642936212393,188348.6922725897,56.96570210412334,57.696566101826164,54.84591138615238,-40.84591138615238,WARNING_2,SYNTHETIC
1672000,13.680678282719287,155501.29910148963,49.35995208376826,49.85639184517829,42.906763874635736,-28.906763874635736,WARNING_1,SYNTHETIC
4083000,44.696311102210814,243576.6992243179,76.18088709159518,71.73904925205963,68.38209576193415,-54.38209576193415,HIGH_RISK,SYNTHETIC
4250000,49.69338761122019,211079.40091991881,81.55114297298654,76.36803156653171,84.28470109360967,-70.28470109360967,HIGH_RISK,SYNTHETIC
4113000,48.19115182327158,231204.0067296048,76.43032127661384,76.66460645513867,70.07273868625529,-56.07273868625529,HIGH_RISK,SYNTHETIC
4408000,53.5527021480097,220399.38104950695,75.51587861371699,82.37123195981442,94.49483511521764,-80.49483511521764,HIGH_RISK,SYNTHETIC
3366000,38.09984702366051,194190.11142283143,69.03608597521219,69.89787021070907,58.52662122468411,-44.52662122468411,WARNING_3,SYNTHETIC
1488000,14.179837868292626,131028.13118337266,41.69121653745916,48.01242395865487,44.12967349098201,-30.129673490982007,WARNING_1,SYNTHETIC
498000,4.173784543162238,116953.47269671806,38.19450755544637,33.92042461861856,2.5973461768155666,11.402653823184433,NORMAL,SYNTHETIC
4382000,42.78551087628533,212856.16104245445,79.47950891848939,76.25463472620034,84.94122011792312,-70.94122011792312,HIGH_RISK,SYNTHETIC
3479000,33.080921488516054,193647.57854503067,66.10561133992036,61.230709238090455,60.79844708939097,-46.79844708939097,WARNING_3,SYNTHETIC
2581000,24.211236662125273,187635.87407431196,51.86758756698634,52.82985534556461,49.30056643651592,-35.30056643651592,WARNING_2,SYNTHETIC
3123000,38.00965450530192,191881.20902546923,69.87421656795672,62.24603854103781,56.259095871926256,-42.259095871926256,WARNING_3,SYNTHETIC
2921000,26.563475764195207,186988.41406859722,59.24924428523656,55.11944521961952,53.728110531780644,-39.728110531780644,WARNING_2,SYNTHETIC
4377000,55.64476567210276,207724.32536530725,86.90848642189766,76.98366497230558,90.70071038599737,-76.70071038599737,HIGH_RISK,SYNTHETIC
2644000,26.40486844680273,185902.36051942813,54.21144486017656,52.3770037271735,47.536164734851,-33.536164734851,WARNING_2,SYNTHETIC
4286000,56.687549953104494,236641.6391577569,85.03978200513829,70.96777683118158,76.86475134273543,-62.86475134273543,HIGH_RISK,SYNTHETIC
4040000,57.59710545948689,227124.77192590715,77.93399987380091,74.5171727258239,78.30509502082514,-64.30509502082514,HIGH_RISK,SYNTHETIC
2034000,29.994714493026223,188631.96224156197,53.25199385458976,50.14461036584403,51.87275847635244,-37.87275847635244,WARNING_2,SYNTHETIC
1022000,18.80322316724272,136647.16962279897,43.43900242566373,49.479340129634714,42.079770962474015,-28.079770962474015,WARNING_1,SYNTHETIC
2282000,24.438067846038415,185017.4959604375,59.56865314313076,59.97335019441202,53.47291952674609,-39.47291952674609,WARNING_2,SYNTHETIC
4886000,49.6719911907228,244394.10819472445,74.07381394648945,82.26652533587536,89.80538918701338,-75.80538918701338,HIGH_RISK,SYNTHETIC
4219000,58.86901452907175,220488.90064226437,76.95609913340546,76.20466918513624,87.72831923192605,-73.72831923192605,HIGH_RISK,SYNTHETIC
3063000,31.84699221441275,193699.79556704237,65.71605819791739,64.02534101035663,65.9371221961425,-51.9371221961425,WARNING_3,SYNTHETIC
4365000,56.54764614608966,242943.83445522055,75.69723060843684,86.59727753164155,70.0102539560939,-56.010253956093905,HIGH_RISK,SYNTHETIC
665000,7.315224499245795,127019.94240104328,38.05816961350622,34.19810561055786,1.343846676380393,12.656153323619607,NORMAL,SYNTHETIC
3932000,30.871628396585738,193402.10154464532,60.9247066782932,66.03836583874475,57.00882618046343,-43.00882618046343,WARNING_3,SYNTHETIC
2638000,25.523046178405885,189120.50074707984,55.30396585868331,58.563607368685396,49.240566140651445,-35.240566140651445,WARNING_2,SYNTHETIC
3176000,32.759745654657145,196865.76475841683,66.10949607647537,60.48294777561106,63.005255506983325,-49.005255506983325,WARNING_3,SYNTHETIC
4265000,58.91634976382119,221940.63998902866,88.07941383951454,71.35784821184453,78.66877203578143,-64.66877203578143,HIGH_RISK,SYNTHETIC
3121000,35.731307905882325,199521.07054318677,62.773270945361794,63.249847650703025,58.17716584099215,-44.17716584099215,WARNING_3,SYNTHETIC
1017000,14.9184283480206,171164.78477992606,40.370105920012264,47.12772541892802,19.913604260859028,-5.913604260859028,WARNING_1,SYNTHETIC
557000,5.313738373133961,119958.63705577776,32.62388472733625,39.258421788774506,2.227500268689106,11.772499731310894,NORMAL,SYNTHETIC
2399000,28.06897332387633,189779.29509133904,55.96087950368535,52.19779366402976,53.170077483251106,-39.170077483251106,WARNING_2,SYNTHETIC
1207000,19.305856985134362,144496.04150414557,40.501217637553,43.4169626401151,20.96378114269165,-6.963781142691651,WARNING_1,SYNTHETIC
2005000,21.655649418103614,181200.01539493984,52.62755390226283,55.81644780668599,54.343550474321994,-40.343550474321994,WARNING_2,SYNTHETIC
2656000,27.008894665856108,183346.90146583226,52.07988082100366,59.544054761026956,55.935464425561364,-41.935464425561364,WARNING_2,SYNTHETIC
2135000,22.182401594685324,189299.06660015704,55.245162530650795,59.31381824372157,50.862552098655335,-36.862552098655335,WARNING_2,SYNTHETIC
1510000,11.10131781194327,169319.7251448851,46.07154826141944,42.951623635824944,28.46248050706178,-14.46248050706178,WARNING_1,SYNTHETIC
1736000,16.166147351333237,130738.35759761954,47.41094472950165,45.42099977393328,4.141053803288056,9.858946196711944,WARNING_1,SYNTHETIC
245000,8.636102793228899,115296.14354643159,31.96959542620026,35.56218452724175,0.9373586044597539,13.062641395540247,NORMAL,SYNTHETIC
1163000,14.209563524018098,158527.33019623903,48.00062307140654,42.30121729302628,27.90943258731109,-13.909432587311091,WARNING_1,SYNTHETIC
3362000,36.72476481211543,198856.04853185706,62.129438648860024,60.543243883429696,62.140137117716506,-48.140137117716506,WARNING_3,SYNTHETIC
266000,3.505536724573833,113406.82387317038,37.51519560279394,31.887788978636653,1.384165200520049,12.61583479947995,NORMAL,SYNTHETIC
2366000,27.942359533781513,181717.78629867962,59.2559997699029,54.094149823668495,54.76491955309483,-40.76491955309483,WARNING_2,SYNTHETIC
1114000,11.255366547620708,150579.8795557507,48.08467915169743,41.355974566238196,21.704177125930507,-7.7041771259305065,WARNING_1,SYNTHETIC
63000,7.7319899452610255,122509.56313827873,30.907017660899687,38.8280933214458,1.8411834744870061,12.158816525512993,NORMAL,SYNTHETIC
2592000,26.201482199185822,189010.51043957204,57.851530499081406,56.46169133433463,53.763818766133895,-39.763818766133895,WARNING_2,SYNTHETIC
2788000,20.39922464072919,187728.91674451667,57.80441626931009,51.578234839036135,51.03360959206378,-37.03360959206378,WARNING_2,SYNTHETIC
2757000,24.90148755785293,183465.94555505898,53.04800485407272,54.31665823955543,54.88194158568879,-40.88194158568879,WARNING_2,SYNTHETIC
3011000,33.11508761568142,194400.44059353968,61.73294781328404,68.64698521103384,62.74465995802224,-48.74465995802224,WARNING_3,SYNTHETIC
3076000,35.67782456603094,190742.05655024524,60.77880359666772,64.448918745188,60.429371990523734,-46.429371990523734,WARNING_3,SYNTHETIC
2998000,25.476098557609838,188193.32737044792,58.41316211232362,52.55663585122998,49.10710747667495,-35.10710747667495,WARNING_2,SYNTHETIC
2815000,20.809251276637173,187243.82938212593,53.771005157209565,59.671576911040425,50.5689422155663,-36.5689422155663,WARNING_2,SYNTHETIC
2259000,29.14928056791,182695.0976755424,57.65685275989589,58.984261803086724,54.43464522360311,-40.43464522360311,WARNING_2,SYNTHETIC
4958000,46.89169792692432,208224.7469738166,77.27317449839926,82.42638874603608,87.17750942398308,-73.17750942398308,HIGH_RISK,SYNTHETIC
3204000,32.25423294583452,195679.8293888375,62.187745318927746,60.23130747668664,59.95058089861221,-45.95058089861221,WARNING_3,SYNTHETIC
1237000,11.166122310729026,163435.32565385947,46.29711270242362,45.248488188741476,32.412699496567264,-18.412699496567264,WARNING_1,SYNTHETIC
103000,9.528752120659972,126783.4773246865,39.369072881309535,37.60838840321207,1.0563442731551878,12.943655726844812,NORMAL,SYNTHETIC
2643000,29.772768983274,186088.414896037,52.88693820582449,51.57001211809256,53.24075784869237,-39.24075784869237,WARNING_2,SYNTHETIC
272000,1.4697610071191434,117950.50049109985,37.54570295439631,36.41660405363257,2.4593843378957643,11.540615662104235,NORMAL,SYNTHETIC
508000,5.348446489353327,114309.90283625401,35.324153197128695,36.81372717165242,2.3176599205186696,11.68234007948133,NORMAL,SYNTHETIC
2226000,27.406283929114565,182934.1149351271,50.22837879874597,56.4066000274485,46.24215612003331,-32.24215612003331,WARNING_2,SYNTHETIC
4933000,58.957171829606295,212308.10427664983,80.63307736127473,83.52375202851412,94.92566218026866,-80.92566218026866,HIGH_RISK,SYNTHETIC
2441000,23.872251914298033,182738.91802957165,56.45882424896502,51.139102648839454,52.48540811711985,-38.48540811711985,WARNING_2,SYNTHETIC
865000,8.954964959726752,127199.41087403212,31.23856881129302,33.241242146014194,0.5227581498560858,13.477241850143914,NORMAL,SYNTHETIC
3326000,32.82623009622773,195834.99292070864,68.45327278469232,64.11940866142217,65.137324082632,-51.137324082632006,WARNING_3,SYNTHETIC
908000,3.221439356836368,126055.04500424431,39.228643629251906,35.470162282063335,2.110970000805791,11.889029999194209,NORMAL,SYNTHETIC
2114000,20.204017880239483,186520.16016938016,56.35179512554256,51.1370450681082,50.09190515321872,-36.09190515321872,WARNING_2,SYNTHETIC
3896000,31.875502638949598,197936.4817651935,69.50423853962111,67.4046142288773,62.761603382660084,-48.761603382660084,WARNING_3,SYNTHETIC
1627000,17.710427320775597,159151.1302967959,49.02876852404267,49.0652925093063,18.582178518485367,-4.582178518485367,WARNING_1,SYNTHETIC
2873000,22.68821538003983,180034.61950002756,57.771910436296764,58.97333485818192,51.80665541539071,-37.80665541539071,WARNING_2,SYNTHETIC
1522000,14.351291491913129,132223.8293643426,44.67484271946696,49.67959712447805,4.463515673951996,9.536484326048004,WARNING_1,SYNTHETIC
835000,5.989052598810605,111903.75076673948,36.43167543540055,34.39853300591645,2.514334012170731,11.485665987829268,NORMAL,SYNTHETIC
358000,5.3309482970637765,123802.5353915692,39.890919394999024,36.7794280186394,1.5612432657645383,12.438756734235461,NORMAL,SYNTHETIC
138000,7.88806999980252,111028.38309113859,37.64756687932649,37.769070549568305,2.185967231198295,11.814032768801706,NORMAL,SYNTHETIC
299000,6.65385282876082,117781.9342304416,37.29495087860979,30.264791013049635,2.1265728526835566,11.873427147316443,NORMAL,SYNTHETIC
1556000,13.097273096631957,172702.92158439616,43.061477001415895,46.80896995383435,18.688319197454984,-4.688319197454984,WARNING_1,SYNTHETIC
1003000,11.749697815981897,137822.28497284022,45.33288685662555,40.35717784347095,4.374868452990988,9.625131547009012,WARNING_1,SYNTHETIC
382000,7.866653146402652,120692.01502578551,31.50600594337264,39.223895739956305,0.8302142721688541,13.169785727831146,NORMAL,SYNTHETIC
941000,8.449011117398022,119097.88803465277,32.2248225212874,31.856576956173704,0.34938275056650925,13.650617249433491,NORMAL,SYNTHETIC
4446000,43.347588997527936,207886.4793124174,75.8765486958057,76.14703915618183,93.92520322085292,-79.92520322085292,HIGH_RISK,SYNTHETIC
4854000,53.47553315974836,212156.834134909,78.36781563779343,70.33344979102034,97.23140783186867,-83.23140783186867,HIGH_RISK,SYNTHETIC
761000,2.323995301705772,113382.69414765711,39.19109664566605,33.26919455192225,1.6105177457479867,12.389482254252012,NORMAL,SYNTHETIC
1705000,14.204025438494156,154708.44688728542,45.14379938277962,44.258294417913206,8.552861575537992,5.447138424462008,WARNING_1,SYNTHETIC
1873000,11.634193032183934,147507.72697316183,40.926666784327,47.762588338737025,13.813662340204703,0.18633765979529748,WARNING_1,SYNTHETIC
2550000,29.254855174409187,181337.10774589196,55.38808904118542,51.63279819212776,49.01074854441582,-35.01074854441582,WARNING_2,SYNTHETIC
2086000,27.00000823759739,187317.944863077,56.32191434963588,53.62946581457013,46.178762574287916,-32.178762574287916,WARNING_2,SYNTHETIC
2197000,26.856458946793108,181745.45403281364,52.63643649714938,58.364225078645454,49.2073279158949,-35.2073279158949,WARNING_2,SYNTHETIC
898000,2.634741986865567,111298.93558419887,36.230715035620356,31.334958350918512,2.6886057458221075,11.311394254177893,NORMAL,SYNTHETIC
3999000,34.529918124037586,195657.09084428765,63.21689290572812,66.21346003171536,57.498474444424005,-43.498474444424005,WARNING_3,SYNTHETIC
3615000,37.528121405625285,198230.12230113766,66.69787795080329,63.32295813071695,58.82659110524844,-44.82659110524844,WARNING_3,SYNTHETIC
1402000,13.903659231724479,130121.56746018644,43.28092398356254,45.92378361916839,25.629567556920595,-11.629567556920595,WARNING_1,SYNTHETIC
3873000,36.6816343160343,199608.84900512628,66.07838162190727,65.44804923243079,58.47720297637119,-44.47720297637119,WARNING_3,SYNTHETIC
3785000,30.226613713827568,195610.08229588263,62.288543169019725,61.652297211869175,59.55416878024004,-45.55416878024004,WARNING_3,SYNTHETIC
4386000,59.115293682670895,240423.98646708514,80.68335625885148,83.63225757287327,78.18972798374634,-64.18972798374634,HIGH_RISK,SYNTHETIC
2955000,29.706882412526156,186600.7748105746,53.07555883589032,56.32809991263029,49.752292335609816,-35.752292335609816,WARNING_2,SYNTHETIC
1512000,14.734045276410374,138969.34023274312,40.687692514563345,45.05626528582367,13.83729484540886,0.16270515459114065,WARNING_1,SYNTHETIC
1188000,18.959687035616653,161144.1099681899,41.713276733294315,46.277215118244854,35.456073732578744,-21.456073732578744,WARNING_1,SYNTHETIC
2989000,28.970878322738507,186668.3595443399,52.25985624045404,52.29274791415564,54.49553169979434,-40.49553169979434,WARNING_2,SYNTHETIC
2080000,25.20280876852006,186573.3988776612,59.029453203479875,54.43573869862181,51.048763462309836,-37.048763462309836,WARNING_2,SYNTHETIC
4983000,50.102446496880724,239612.49001395243,82.4812396720142,88.6918984255713,83.40312664053252,-69.40312664053252,HIGH_RISK,SYNTHETIC
3437000,35.0985873827501,199189.6926129031,64.33371017540398,69.14772919975417,62.184412686762016,-48.184412686762016,WARNING_3,SYNTHETIC
108000,1.8482404669507937,129972.19030023832,33.41538262201623,31.866921182812654,2.7629142775318924,11.237085722468107,NORMAL,SYNTHETIC
4698000,58.704961387013576,229313.39135960102,73.84878445342119,83.10425573290046,67.08909206062845,-53.089092060628445,HIGH_RISK,SYNTHETIC
2827000,25.31124203051194,181817.85629645214,51.68458805201786,56.62083388699642,47.07294835560977,-33.07294835560977,WARNING_2,SYNTHETIC
4747000,43.885760812955624,239440.21866105325,81.36515711269547,71.74210877353447,86.19671290796383,-72.19671290796383,HIGH_RISK,SYNTHETIC
58000,2.2302135835233856,120841.58069901439,31.30921312146499,32.155707103302184,1.3063230169778697,12.69367698302213,NORMAL,SYNTHETIC
76000,3.583625068346816,120890.96804082679,39.76527066415146,33.37489706384439,2.017785274429377,11.982214725570623,NORMAL,SYNTHETIC
796000,1.167500500793882,121376.67610768638,36.267660643271604,36.48911831095837,0.7250880504021833,13.274911949597817,NORMAL,SYNTHETIC
368000,3.936012273288496,113769.48606024602,33.66581063499051,31.350508046797746,0.6105448000201876,13.389455199979812,NORMAL,SYNTHETIC
4905000,41.1850544203043,223041.9309333448,81.09653167484555,74.68635882413787,94.03366276369076,-80.03366276369076,HIGH_RISK,SYNTHETIC
785000,4.1815174920249545,126841.40303544479,36.91885092705903,39.27858225462988,2.6304484244110617,11.369551575588938,NORMAL,SYNTHETIC
2088000,21.708659115514344,188671.31067437626,50.82272665644858,58.6381109759826,51.02028433790528,-37.02028433790528,WARNING_2,SYNTHETIC
2314000,27.152035265107337,181048.8771999355,56.77952443554141,51.8326935359637,55.553259796559416,-41.553259796559416,WARNING_2,SYNTHETIC
3384000,31.147134833434254,194597.66392099665,61.58757633254029,66.05579361172187,56.49625061672568,-42.49625061672568,WARNING_3,SYNTHETIC
3605000,34.29857655623686,191089.0629634912,65.13045282203541,60.567814756511645,61.712484046780645,-47.712484046780645,WARNING_3,SYNTHETIC
4111000,47.42247206670928,229412.5456753969,84.64908236323583,77.2178240569781,66.64565818302582,-52.645658183025816,HIGH_RISK,SYNTHETIC
1902000,11.469869859646675,164789.4873900945,49.457138622851375,47.8605467866745,33.66803300744573,-19.66803300744573,WARNING_1,SYNTHETIC
1703000,17.610148881747968,136120.63437867348,46.45874709660472,43.502343704719195,15.102854220954107,-1.1028542209541072,WARNING_1,SYNTHETIC
121000,6.718650093682417,112236.89604761354,30.328099994977286,33.323771350361646,2.4349931575208625,11.565006842479137,NORMAL,SYNTHETIC
1844000,14.676526066774791,160061.3054348756,41.159998671033,47.81002900045337,12.111966408848456,1.8880335911515438,WARNING_1,SYNTHETIC
2369000,29.875229492986946,188129.6544995259,52.424827062310015,56.3812209354749,55.06526011457743,-41.06526011457743,WARNING_2,SYNTHETIC
3728000,39.26535058774621,198763.62599583014,69.9077224337594,64.95759112536845,56.33988211346449,-42.33988211346449,WARNING_3,SYNTHETIC
910000,7.7302712629436625,110220.33334768457,37.043968789774524,35.11305953412695,0.5376168348447636,13.462383165155236,NORMAL,SYNTHETIC
124000,1.3662047299846538,118469.90789359307,33.78620927434518,31.904195046663496,2.990214726976765,11.009785273023235,NORMAL,SYNTHETIC
2572000,24.290728847771657,183225.93062619766,56.32770961590245,59.59540103012934,48.48638086845844,-34.48638086845844,WARNING_2,SYNTHETIC
1586000,15.729732196698391,130175.74556048625,41.54262564116045,41.48756849935174,17.08968526335582,-3.0896852633558183,WARNING_1,SYNTHETIC
1257000,14.286768750144745,135537.89627349432,49.089611464250524,42.57005195062942,41.7104761267347,-27.710476126734697,WARNING_1,SYNTHETIC
3441000,39.421025610015846,199036.31078084133,62.471360452857354,62.21282527508498,57.625960884231546,-43.625960884231546,WARNING_3,SYNTHETIC
3480000,31.06011599601752,198109.46921471777,64.0793636119794,66.4055174283414,63.9096056719974,-49.9096056719974,WARNING_3,SYNTHETIC
4108000,53.75687913756875,224488.39429525554,85.98870495735551,71.71291794639922,88.85500387714558,-74.85500387714558,HIGH_RISK,SYNTHETIC
1178000,15.091681986620776,148575.7471889623,49.23109826732153,45.44105339888624,36.2788068999861,-22.2788068999861,WARNING_1,SYNTHETIC
3463000,30.6362512386234,190594.38137285458,62.39060857756078,64.71541999602996,56.81966553278368,-42.81966553278368,WARNING_3,SYNTHETIC
3469000,31.883825280988777,192759.19730125394,62.204621932591174,64.23194920708582,59.07486190810383,-45.07486190810383,WARNING_3,SYNTHETIC
3467000,30.52821890994024,199870.56573498953,63.692978961386444,60.96529043932241,65.66925266078806,-51.66925266078806,WARNING_3,SYNTHETIC
2103000,28.085534958799492,186126.57480611835,56.04614669704232,57.207339759466045,55.91545153663061,-41.91545153663061,WARNING_2,SYNTHETIC
442000,7.4646656090294226,113072.03665075517,32.024052795037626,30.40431931393004,2.6581585744464196,11.34184142555358,NORMAL,SYNTHETIC
2227000,20.83279510341029,187176.12045506557,55.14709331869286,55.5235623446524,49.3246221016652,-35.3246221016652,WARNING_2,SYNTHETIC
4416000,56.549257277717004,232835.2095978919,87.4209442526465,71.00807245056795,98.58789226223418,-84.58789226223418,HIGH_RISK,SYNTHETIC
925000,3.228648174721737,110919.2649868028,35.89789983855859,35.60057476236231,1.1557893021339893,12.84421069786601,NORMAL,SYNTHETIC
4020000,57.61762219107352,233433.1738129466,70.62977647762742,85.63865882565085,98.06745041396111,-84.06745041396111,HIGH_RISK,SYNTHETIC
2145000,29.216249627678394,186829.16831742835,50.660526950365124,50.359513971425876,54.39058472981743,-40.39058472981743,WARNING_2,SYNTHETIC
4770000,41.6535184802646,249595.73021549694,75.93275473887284,73.69769493920361,98.01826924284433,-84.01826924284433,HIGH_RISK,SYNTHETIC
1411000,17.769555670811148,167927.951156535,47.398918748909246,45.05160663388568,18.386263830626792,-4.386263830626792,WARNING_1,SYNTHETIC
3466000,38.82164185771552,196942.30372176247,61.516720630289825,62.75179992310072,58.50571934950611,-44.50571934950611,WARNING_3,SYNTHETIC
2072000,23.18166426557297,188718.88233397272,53.716699737721854,55.56999307324055,51.014430483048585,-37.014430483048585,WARNING_2,SYNTHETIC
1509000,15.955727973387997,158768.1056621379,45.87804268086461,48.61568454785675,6.242131646218324,7.757868353781676,WARNING_1,SYNTHETIC
1227000,10.144045345607744,145580.64114472296,43.26097340021413,41.71218780534123,36.35049348005746,-22.35049348005746,WARNING_1,SYNTHETIC
4072000,46.982690370203436,242623.0775400226,83.8197343067316,77.16417679911424,73.34042816578359,-59.34042816578359,HIGH_RISK,SYNTHETIC
2585000,26.870605812971714,189722.1128840908,53.35991157923941,59.661819708271025,49.14037931012406,-35.14037931012406,WARNING_2,SYNTHETIC
4450000,56.312994126234585,206541.08554631472,74.59123582714659,83.9959687197622,97.59431943337125,-83.59431943337125,HIGH_RISK,SYNTHETIC
2951000,29.389145166026108,184432.25042857882,51.37816555516604,57.90292780388458,53.08470625689061,-39.08470625689061,WARNING_2,SYNTHETIC
3885000,36.18270080156387,192612.19464346732,64.84550619864957,67.17817295012387,57.06546670946943,-43.06546670946943,WARNING_3,SYNTHETIC
324000,8.467332301207897,116614.3213349221,32.62729596414834,36.04307303798922,0.764344752088298,13.235655247911701,NORMAL,SYNTHETIC
3977000,38.78596899889581,197489.54942484677,69.768157910976,68.68459652476017,59.300917928256304,-45.300917928256304,WARNING_3,SYNTHETIC
3576000,39.911825144727565,190518.36849188665,68.49240303349502,66.52074920660114,63.442377613247416,-49.442377613247416,WARNING_3,SYNTHETIC
2211000,24.231898150844348,187738.62215451305,50.64814403490208,53.57608870264266,51.24846692786346,-37.24846692786346,WARNING_2,SYNTHETIC
3298000,30.877896135768864,192240.03809830308,62.829146052816604,68.1404587055688,60.05449186954996,-46.05449186954996,WARNING_3,SYNTHETIC
3035000,30.18633744680881,198552.76133211772,67.56027351554668,60.10548623184575,62.56936616611467,-48.56936616611467,WARNING_3,SYNTHETIC
1498000,10.332928287250445,148705.16157222353,46.65141747849349,45.61095288288624,45.01125686146303,-31.011256861463032,WARNING_1,SYNTHETIC
1502000,11.215889056645814,158963.41509843405,41.96343118177369,41.703169898446056,30.176114702193864,-16.176114702193864,WARNING_1,SYNTHETIC
1006000,17.762838451325127,162769.01712888136,48.13454989068555,45.500367292174516,8.17479640377427,5.82520359622573,WARNING_1,SYNTHETIC
4179000,54.91199102108162,240754.09344225074,81.74945804952628,86.7648536111142,88.1724973083936,-74.1724973083936,HIGH_RISK,SYNTHETIC
3013000,37.88336984659231,192275.31569321657,66.27352551469933,60.68975180344775,62.442629316356616,-48.442629316356616,WARNING_3,SYNTHETIC
3516000,35.75093949518087,195848.0759387618,65.73274035231006,67.15969575473184,56.172665144704865,-42.172665144704865,WARNING_3,SYNTHETIC
1467000,11.499794937969883,166799.2532209498,41.88392231971861,45.081025538633284,29.73555009467892,-15.73555009467892,WARNING_1,SYNTHETIC
1225000,14.478595414714123,135672.4621367886,41.14027476359282,41.46178576398825,38.52552141303429,-24.52552141303429,WARNING_1,SYNTHETIC
3167000,36.53946746642462,198046.97674195786,62.37768186206802,67.189083534063,60.86674796603298,-46.86674796603298,WARNING_3,SYNTHETIC
2267000,22.985577037860708,186837.40467220568,51.78256269184768,54.390958077944916,54.46236612967635,-40.46236612967635,WARNING_2,SYNTHETIC
3808000,30.641375412116375,196590.3279987828,62.20313787273099,68.4270496991827,57.32797238095034,-43.32797238095034,WARNING_3,SYNTHETIC
1216000,13.813625165448144,156669.86665374655,46.939779284669726,48.534154225889104,45.201862055181664,-31.201862055181664,WARNING_1,SYNTHETIC
3976000,34.73918894362074,190412.10186962245,66.05502719372622,61.57852059841173,63.118421588505555,-49.118421588505555,WARNING_3,SYNTHETIC
4584000,53.986195959377206,204297.20020203272,70.48991603420174,70.13943395091937,83.53370656584302,-69.53370656584302,HIGH_RISK,SYNTHETIC
420000,6.775167546081914,124096.76646086361,31.23843681943371,38.60767694954605,1.0538754384977456,12.946124561502254,NORMAL,SYNTHETIC
3422000,35.47406810767724,196086.64962647329,63.22470039694595,66.91519888516552,65.14730132971107,-51.14730132971107,WARNING_3,SYNTHETIC
6000,7.698029377515106,128437.0490030999,34.892651908307975,35.899852222430134,1.5868417258803575,12.413158274119642,NORMAL,SYNTHETIC
932000,4.562723686953498,125532.96871777432,35.6313554358511,35.101662932977675,2.405175175111172,11.594824824888828,NORMAL,SYNTHETIC
1691000,11.145098078889822,132940.42428868925,44.29551536124723,43.333668011041375,11.066709024544938,2.933290975455062,WARNING_1,SYNTHETIC
439000,6.544104232272309,129543.85459828714,37.56120809743074,35.96239409547933,1.0449992144877123,12.955000785512288,NORMAL,SYNTHETIC
1313000,16.41824671193569,137635.53198129535,46.21829019278604,43.15221758677626,27.61119422011773,-13.611194220117731,WARNING_1,SYNTHETIC
678000,2.182428837154941,127533.56277503405,37.456479912378576,32.78162283892268,0.4171446879321058,13.582855312067894,NORMAL,SYNTHETIC
1943000,18.1795444552587,159829.42618855918,45.185343467741745,47.67367818942655,27.683655233055315,-13.683655233055315,WARNING_1,SYNTHETIC
4610000,52.51513650486725,202147.37560745323,82.82868726477143,88.57971421022576,71.85780014664401,-57.85780014664401,HIGH_RISK,SYNTHETIC
3303000,32.54286851744769,194137.085740242,64.63067777920763,65.05500751492781,65.22155442158521,-51.22155442158521,WARNING_3,SYNTHETIC
2268000,27.925459189135783,180497.62976759716,50.560674814813844,54.32761828396171,52.34724921233207,-38.34724921233207,WARNING_2,SYNTHETIC
4633000,58.187807430967524,230095.21138340657,76.32025114303352,74.12128746977005,94.60448683418959,-80.60448683418959,HIGH_RISK,SYNTHETIC
4080000,54.36335877666837,220538.8196497177,84.47295043408293,81.50637261923204,86.14445720972066,-72.14445720972066,HIGH_RISK,SYNTHETIC
2518000,25.985909772155388,182302.1097489398,51.12624040241602,54.21841034473649,46.97982573074087,-32.97982573074087,WARNING_2,SYNTHETIC
2439000,24.26790646405024,188492.9947968023,54.19712002365621,51.26852610721186,53.10715364717913,-39.10715364717913,WARNING_2,SYNTHETIC
4037000,47.254465275909766,237540.4292247764,87.89282587784675,82.79666576179699,93.53442643528518,-79.53442643528518,HIGH_RISK,SYNTHETIC
1893000,18.48877116194995,140501.0319364411,41.581923322333495,42.522810889885434,41.60970882762309,-27.609708827623088,WARNING_1,SYNTHETIC
4244000,54.56303797598397,227323.74402853582,86.28382872982982,75.4452964276302,81.25460991058577,-67.25460991058577,HIGH_RISK,SYNTHETIC
4829000,58.562554535931724,222673.57317677577,70.68035846909233,71.02842934189597,97.64591601849607,-83.64591601849607,HIGH_RISK,SYNTHETIC
2640000,27.010746761022308,187278.7854106692,55.7374773897191,51.39362194168476,52.46016231166016,-38.46016231166016,WARNING_2,SYNTHETIC
194000,2.3489019862955476,127457.17917548357,35.97856033206204,36.4787748088507,0.9834282082796855,13.016571791720315,NORMAL,SYNTHETIC
1474000,16.860657093891586,135752.2650939159,43.93433539267439,42.901891285561106,18.752846894360644,-4.752846894360644,WARNING_1,SYNTHETIC
4616000,50.00961719635417,201041.64572219792,79.4650065186147,75.42765672718726,86.6506323187099,-72.6506323187099,HIGH_RISK,SYNTHETIC
1211000,12.526492795116821,167499.4062210419,47.89204074698357,49.735934568137225,19.436736372471668,-5.4367363724716675,WARNING_1,SYNTHETIC
2438000,29.187869655116177,187552.56546968568,55.4908687550712,53.33332739942274,49.77945840944002,-35.77945840944002,WARNING_2,SYNTHETIC
1657000,18.01471124602683,177939.61068589566,47.78640418817285,44.96070039954897,5.163182850848369,8.836817149151631,WARNING_1,SYNTHETIC
2700000,27.666351418491356,183898.9411263913,55.40701486823242,58.71857347398131,55.71689716008032,-41.71689716008032,WARNING_2,SYNTHETIC
3082000,33.31945451639196,196960.32045561154,64.28879076103809,69.6095447074532,63.33830577800454,-49.33830577800454,WARNING_3,SYNTHETIC
2705000,25.657013385745298,184268.518061427,58.30257219148828,57.75362269442279,46.362997668394385,-32.362997668394385,WARNING_2,SYNTHETIC
4226000,55.60609165449059,225673.48800210858,73.62369773966824,75.27709068949629,76.52633465375939,-62.52633465375939,HIGH_RISK,SYNTHETIC
2842000,22.517917080725628,186353.0769565862,59.304944818650426,57.229779812103324,49.41602404199243,-35.41602404199243,WARNING_2,SYNTHETIC
2302000,26.148508094270163,189591.6890751777,58.79751191046808,59.666559055183775,52.29814861175261,-38.29814861175261,WARNING_2,SYNTHETIC
1130000,13.066504273885483,144375.5269435445,44.56034881543625,46.53244619897784,7.1172763150672385,6.8827236849327615,WARNING_1,SYNTHETIC
1461000,11.195879344724394,166942.41345360616,45.76706632825413,46.589648743603085,4.183305777678864,9.816694222321136,WARNING_1,SYNTHETIC
276000,3.7983216531780353,113864.16644890262,35.56190296797789,34.834686513476974,1.3332955261280228,12.666704473871977,NORMAL,SYNTHETIC
2222000,26.66382120128016,180767.72185233116,57.12320111897675,56.584849025498514,54.53406148217772,-40.53406148217772,WARNING_2,SYNTHETIC
2331000,28.46735751216081,189565.12720193618,56.432716270270696,54.56570798534093,52.224992394777665,-38.224992394777665,WARNING_2,SYNTHETIC
4322000,55.621148508507204,232271.38990102237,85.38622696356595,70.88123661829435,89.70459885671659,-75.70459885671659,HIGH_RISK,SYNTHETIC
1302000,17.287019571698316,156074.8341538465,48.802538871679104,42.26982398256694,13.604950651333173,0.39504934866682717,WARNING_1,SYNTHETIC
2517000,26.56932709943931,184306.78615747066,53.34110764589635,51.117489932300174,46.51984185836472,-32.51984185836472,WARNING_2,SYNTHETIC
222000,6.833205072319526,127890.22995437562,34.16161680067291,37.5992639759409,1.1364960981746124,12.863503901825387,NORMAL,SYNTHETIC
2036000,28.97626043233297,185185.16865910144,55.10476431147484,59.319709363088904,55.12876031836708,-41.12876031836708,WARNING_2,SYNTHETIC
1924000,15.658785979374846,146693.1587086575,48.47089196128464,44.458981366653205,7.206058856371067,6.793941143628933,WARNING_1,SYNTHETIC
573000,7.763922787242537,126732.26082065386,38.26774828013879,34.457326633597326,1.2197451866164093,12.780254813383591,NORMAL,SYNTHETIC
1236000,11.92298784826475,151037.96899327985,43.70930485265638,49.26138273623384,18.57214899473328,-4.572148994733279,WARNING_1,SYNTHETIC
3544000,38.045489220559304,199274.10753523305,66.28727585541877,68.20756195599496,57.76470393415929,-43.76470393415929,WARNING_3,SYNTHETIC
2133000,28.463357615659817,189748.8779177085,58.02735317043095,55.194061849247156,51.74161896328181,-37.74161896328181,WARNING_2,SYNTHETIC
1334000,13.642319320912028,167313.94440120197,43.95156726838892,42.20577757409813,31.271600131806974,-17.271600131806974,WARNING_1,SYNTHETIC
2457000,21.827470226038386,180533.45343406292,54.07675105099391,57.98135352928681,48.742947008920666,-34.742947008920666,WARNING_2,SYNTHETIC
418000,2.7441971994735015,127978.43152641028,30.673743051330064,30.573029545405262,0.206258573292712,13.793741426707289,NORMAL,SYNTHETIC
4914000,47.92137605605194,206741.8160569852,84.67488421368682,74.61740919482851,76.73309797975884,-62.73309797975884,HIGH_RISK,SYNTHETIC
1104000,18.272141449329634,151482.0251708261,42.778144007430996,47.02189952787871,34.4294524964671,-20.4294524964671,WARNING_1,SYNTHETIC
257000,1.9264471027162997,126396.17716476048,37.93672624256427,33.08748488503005,1.5024707803431607,12.497529219656839,NORMAL,SYNTHETIC
295000,8.943347666563032,117571.85575119461,30.395236186902306,39.66296887260419,1.328295676957416,12.671704323042585,NORMAL,SYNTHETIC
2361000,25.453153353503183,184603.23820429013,55.36065331365458,50.33601611644811,47.586888871073256,-33.586888871073256,WARNING_2,SYNTHETIC
386000,7.316290076832063,124115.94007258976,39.871863320416935,35.4897806652946,1.0490961308139681,12.950903869186032,NORMAL,SYNTHETIC
3308000,36.4188665220597,199599.05407657276,68.66284830399151,64.21224085501986,62.318075803656264,-48.318075803656264,WARNING_3,SYNTHETIC
4013000,50.12539722487789,213069.47819298983,74.39643784777381,84.4816967496483,72.58170708727653,-58.58170708727653,HIGH_RISK,SYNTHETIC
2231000,27.649928633825105,189939.1482075183,59.267061891345335,55.55927136763276,48.262802435731494,-34.262802435731494,WARNING_2,SYNTHETIC
2554000,27.715112487177457,187035.57292428846,59.372597743184386,59.28042369263958,52.17691510352118,-38.17691510352118,WARNING_2,SYNTHETIC
4335000,52.61312855025314,244214.02066438342,78.29855304999211,77.25352229321963,92.98667371502574,-78.98667371502574,HIGH_RISK,SYNTHETIC
3515000,32.75953792720355,196119.07732279453,62.747436697916335,67.6228472597983,58.582837500779796,-44.582837500779796,WARNING_3,SYNTHETIC
1839000,12.064549432659398,174789.82904781724,43.33933790463011,46.97492352115681,44.50351336384052,-30.50351336384052,WARNING_1,SYNTHETIC
4384000,49.83911539478913,218711.2404642882,89.06090189944183,88.88686731330976,88.75931184884378,-74.75931184884378,HIGH_RISK,SYNTHETIC
1563000,11.82937164871435,177215.5426662175,44.455975962785566,42.54549639735262,29.927864224647337,-15.927864224647337,WARNING_1,SYNTHETIC
2015000,21.121333428116383,185710.48447384764,50.63464829592725,51.85118393847853,50.216077122922826,-36.216077122922826,WARNING_2,SYNTHETIC
1400000,16.849985583898558,138055.18948419785,45.41978560098479,45.08750726523964,31.61814690109607,-17.61814690109607,WARNING_1,SYNTHETIC
712000,8.168818299437369,129599.57079780317,32.49670378933826,39.92247207313249,1.913304939757793,12.086695060242207,NORMAL,SYNTHETIC
2420000,21.79791670669811,187217.68078310206,53.02240727913914,53.91784997667284,55.23312112864409,-41.23312112864409,WARNING_2,SYNTHETIC
2619000,27.798574008578957,182392.80498308697,59.84007138975611,57.11112806078876,47.52622947855327,-33.52622947855327,WARNING_2,SYNTHETIC
209000,5.455703398261571,118373.12174629603,31.041514938028715,30.953534531828602,0.766958966684729,13.23304103331527,NORMAL,SYNTHETIC
4944000,57.557569981902816,209697.69613799662,83.65506809853811,81.26723669688229,78.25619843983726,-64.25619843983726,HIGH_RISK,SYNTHETIC
1289000,16.123658660958203,174539.07354454833,41.95358319828953,42.57294880518964,6.511867136426509,7.488132863573491,WARNING_1,SYNTHETIC
449000,6.4235189353622895,114037.34503219082,35.851913513049624,38.21640735012041,0.256724528049689,13.74327547195031,NORMAL,SYNTHETIC
4091000,54.97667157849132,248901.04484327638,88.86254567022537,78.18575061517984,95.79928167959771,-81.79928167959771,HIGH_RISK,SYNTHETIC
2569000,29.350818544984662,185931.9988464536,54.692295759328125,58.72337957895419,55.84796434862113,-41.84796434862113,WARNING_2,SYNTHETIC
1820000,16.98974266378147,162912.3570502495,46.517338798686666,43.903481098211046,38.267793198449155,-24.267793198449155,WARNING_1,SYNTHETIC
958000,5.317349656504473,126995.78395610073,32.47946991660885,31.06002492519943,1.2105278217755921,12.789472178224408,NORMAL,SYNTHETIC
1793000,11.23042560023875,159090.66115216314,44.18305590722028,47.46896856422528,5.028503966446922,8.971496033553077,WARNING_1,SYNTHETIC
4786000,45.28417565756157,210622.28297357276,77.47045328945475,80.36935535929625,77.91440488225088,-63.91440488225088,HIGH_RISK,SYNTHETIC
654000,8.504473940760832,128875.96736207423,34.52870165712018,33.17655220805207,1.366850310903325,12.633149689096674,NORMAL,SYNTHETIC
2407000,26.751333978816845,183724.90482127212,52.147819042522364,56.10657758910741,52.36053660136226,-38.36053660136226,WARNING_2,SYNTHETIC
3852000,38.07315834385537,190533.70950259376,62.36765573391826,66.45326386146152,59.980931181506705,-45.980931181506705,WARNING_3,SYNTHETIC
1995000,13.825179369050458,171915.7492936083,43.4571598169584,49.340601200551106,22.265447811998815,-8.265447811998815,WARNING_1,SYNTHETIC
1760000,10.892192312713433,132199.53943947903,43.579281883875375,45.99583917817343,40.96026913782812,-26.96026913782812,WARNING_1,SYNTHETIC
2354000,24.769189836711217,184625.80198927893,52.228886920643006,58.06040360986349,55.335305435308015,-41.335305435308015,WARNING_2,SYNTHETIC
2741000,27.917618692259246,184245.36683518076,51.790742743057784,56.0233574270801,51.121956823122765,-37.121956823122765,WARNING_2,SYNTHETIC
2617000,26.806082054202108,181466.5946805565,54.82098391838162,59.93773676491392,53.14567762193275,-39.14567762193275,WARNING_2,SYNTHETIC
411000,6.721100136917414,129517.95080735793,39.74590413251106,31.339772192290077,0.3463896302997044,13.653610369700296,NORMAL,SYNTHETIC
1774000,12.312101705625404,155819.9547869852,46.87211025805412,46.79006120108686,36.462248056337806,-22.462248056337806,WARNING_1,SYNTHETIC
3978000,30.85175229497264,199058.95861684118,68.76057574889751,61.307928336021085,63.129326042805744,-49.129326042805744,WARNING_3,SYNTHETIC
2186000,25.840197333450188,189400.52921388295,50.22358912075782,51.93088477055148,49.33608875968369,-35.33608875968369,WARNING_2,SYNTHETIC
2379000,20.24807980374595,182875.46781354415,52.61936682373784,58.657238577782906,50.961210131087235,-36.961210131087235,WARNING_2,SYNTHETIC
3963000,39.753621861853595,198857.71016201333,69.02256309885708,61.955155299703165,65.56239250388558,-51.562392503885576,WARNING_3,SYNTHETIC
4311000,45.397919247902465,243947.8194548276,88.68053749190742,84.39845316376383,99.9864845152003,-85.9864845152003,HIGH_RISK,SYNTHETIC
4774000,55.37627595934787,221518.77545285883,80.23760921784582,71.5909323979218,94.112753032946,-80.112753032946,HIGH_RISK,SYNTHETIC
3702000,33.0999793552676,191009.12997145913,62.086013020292,69.4574330829038,62.403857318587825,-48.403857318587825,WARNING_3,SYNTHETIC
3972000,37.03719890121018,198922.37614024567,62.70415191347241,60.92746294078733,65.06240648824247,-51.06240648824247,WARNING_3,SYNTHETIC
4765000,59.680311614498095,220236.80805135696,83.2763739285031,86.5850211790112,71.18635336689661,-57.18635336689661,HIGH_RISK,SYNTHETIC
3558000,30.652487214677627,192576.6523508958,60.12553086460524,63.230478676299214,64.06192918774958,-50.061929187749584,WARNING_3,SYNTHETIC
4110000,58.16489653601395,204281.71802454858,79.69299294231791,76.74201004625091,77.69946723740289,-63.699467237402885,HIGH_RISK,SYNTHETIC
3497000,33.10218269102152,197936.1081934103,67.85050429799277,66.44858747713275,64.3734958056173,-50.373495805617296,WARNING_3,SYNTHETIC
3765000,32.97289202111932,199920.13050433504,63.36448081873886,65.31781675863638,64.96094272460928,-50.96094272460928,WARNING_3,SYNTHETIC
430000,9.164599785516067,128613.68977089241,38.28197852489336,35.62528120755979,1.0627554937015515,12.937244506298448,NORMAL,SYNTHETIC
4484000,56.08358166386515,229807.7564329494,82.45964423955347,79.17905353026781,78.2536638354474,-64.2536638354474,HIGH_RISK,SYNTHETIC
2321000,25.30729226567051,183349.6820041484,54.20266040432308,50.32096038840924,52.92654095462656,-38.92654095462656,WARNING_2,SYNTHETIC
1366000,14.335724576550405,151629.48891947776,41.777461945395984,41.28434150688633,33.222535097618575,-19.222535097618575,WARNING_1,SYNTHETIC
1992000,19.63745556221336,175347.85420690489,41.029970326261704,41.499247120043215,18.95192586233759,-4.951925862337589,WARNING_1,SYNTHETIC
2851000,24.26306080771502,182515.159647265,59.72197593215727,54.92393633690068,53.4643325802519,-39.4643325802519,WARNING_2,SYNTHETIC
1176000,12.00193082006719,165339.20609720954,41.243310148867195,46.292501632609564,24.017631498825192,-10.017631498825192,WARNING_1,SYNTHETIC
3528000,35.14223418566381,190750.03484364427,64.26876904832395,66.37233325745083,62.26065722559392,-48.26065722559392,WARNING_3,SYNTHETIC
1476000,12.175004838435086,169515.93517269168,44.85341044140438,47.95646191713649,26.576896248921713,-12.576896248921713,WARNING_1,SYNTHETIC
3740000,35.590511588911745,197256.59727070978,61.877789328582345,67.65312659743778,59.829750554665324,-45.829750554665324,WARNING_3,SYNTHETIC
2045000,24.76569526790614,188048.0910925945,57.049554501854054,57.80912608097306,48.83583789315192,-34.83583789315192,WARNING_2,SYNTHETIC
102000,3.3396556608437726,125950.21671361505,38.06944224354036,39.59379272315231,1.767223968177538,12.232776031822462,NORMAL,SYNTHETIC
4331000,44.56976227365419,204688.64916913953,76.49172750853138,88.36069435841424,98.45759218181453,-84.45759218181453,HIGH_RISK,SYNTHETIC
2992000,25.65309722384639,188570.27634467345,53.96079871156184,55.62230967304745,47.89717055795569,-33.89717055795569,WARNING_2,SYNTHETIC
1263000,18.86806290844921,165221.74724847038,40.32181410530459,49.402563915902434,39.57289905005426,-25.57289905005426,WARNING_1,SYNTHETIC
2881000,28.58432689862223,188311.0691399571,56.90621088480387,52.03248814056801,53.669920948442666,-39.669920948442666,WARNING_2,SYNTHETIC
3138000,37.57744476999551,191726.95705738693,65.9617237834073,64.86297555912537,56.611966299353874,-42.611966299353874,WARNING_3,SYNTHETIC
3622000,33.08775874945196,196887.05124561355,68.16767532520393,60.251307741530084,64.23736553384566,-50.23736553384566,WARNING_3,SYNTHETIC
3203000,37.82739581718473,197289.71897136513,61.61441459260027,61.09739557845539,62.332260161583996,-48.332260161583996,WARNING_3,SYNTHETIC
4278000,42.317945254671855,226578.27333702915,71.3813598921193,86.67314216617166,99.56523777532544,-85.56523777532544,HIGH_RISK,SYNTHETIC
3299000,39.80349035453126,194061.68595680126,60.355736075232564,62.03653981442079,64.83394438219347,-50.833944382193465,WARNING_3,SYNTHETIC
4993000,56.24583021086402,200968.8868872806,70.24912757794868,81.16854800885929,66.69897217573818,-52.69897217573818,HIGH_RISK,SYNTHETIC
3633000,38.82908945929564,191324.84181108934,69.01346522700092,60.430664115499326,57.744122376140254,-43.744122376140254,WARNING_3,SYNTHETIC
1643000,13.81804046032933,146952.25806293252,47.07729627301945,43.26199553275795,7.429254831635538,6.570745168364462,WARNING_1,SYNTHETIC
4505000,54.95303863609819,205250.16418284495,85.1386951144161,85.51944944273384,97.01668872243005,-83.01668872243005,HIGH_RISK,SYNTHETIC
0,7.810813227292478,111241.26213080311,38.42731968806472,38.29221141203119,2.205079917844492,11.794920082155508,NORMAL,SYNTHETIC
1580000,17.012598512492982,171036.9685854626,42.65952587122993,45.88227364444272,33.69296804207698,-19.692968042076977,WARNING_1,SYNTHETIC
4422000,55.59001337403161,211103.54730752387,73.981522142165,83.546496659863,79.49087197268693,-65.49087197268693,HIGH_RISK,SYNTHETIC
4116000,47.539238132351336,223083.23446645902,79.06318645545922,87.52198043931541,69.13428264244145,-55.13428264244145,HIGH_RISK,SYNTHETIC
1356000,15.996810438301376,146409.569052329,47.11335944523552,46.77922489443216,45.27236758725911,-31.27236758725911,WARNING_1,SYNTHETIC
4201000,42.90094764890505,200074.01391712503,88.55485484026413,83.48749102301333,85.16589793612465,-71.16589793612465,HIGH_RISK,SYNTHETIC
4574000,47.236314618391646,237979.84219555676,85.60207689976419,71.05152743548688,73.9776466767471,-59.9776466767471,HIGH_RISK,SYNTHETIC
3733000,36.97035613566212,194955.32646507781,61.710967565807756,69.23190816927901,65.5754245337698,-51.575424533769805,WARNING_3,SYNTHETIC
2025000,21.37915389987249,187160.08082835886,56.172936250523684,50.76680996247356,49.76665580041653,-35.76665580041653,WARNING_2,SYNTHETIC
2218000,20.688475535514666,185233.96270275273,59.856839261064366,56.156403744284034,53.37568105585322,-39.37568105585322,WARNING_2,SYNTHETIC
396000,8.263515698527627,120697.96305951741,32.57617422838496,30.747815342273494,0.7049578754498382,13.29504212455016,NORMAL,SYNTHETIC
4941000,51.771173232450444,226552.00368778082,70.71652559593568,86.7686920863161,83.9764368555765,-69.9764368555765,HIGH_RISK,SYNTHETIC
1064000,19.22702107566547,146621.42428025528,43.83000786583768,49.399696817240255,11.468949122298612,2.5310508777013876,WARNING_1,SYNTHETIC
3080000,33.731002714973656,192083.85794334943,68.00434006352629,68.934306124302,61.856448820197265,-47.856448820197265,WARNING_3,SYNTHETIC
2153000,23.46739460947306,187509.35613126104,55.29165099869195,56.618651252444415,46.60386594996863,-32.60386594996863,WARNING_2,SYNTHETIC
818000,6.471769862774658,119983.88450844446,34.346041756809655,36.85830447623824,1.7136011852882533,12.286398814711747,NORMAL,SYNTHETIC
1812000,16.822199278878244,146904.9409811164,47.04392793427896,45.90537935982554,30.110004191021687,-16.110004191021687,WARNING_1,SYNTHETIC
2552000,29.288768680261597,185764.85796736594,56.322755592880995,50.70112641609031,50.28928087913194,-36.28928087913194,WARNING_2,SYNTHETIC
1552000,13.567278946022073,171993.87426230422,43.05346467481421,48.01172718457469,30.09148603768094,-16.09148603768094,WARNING_1,SYNTHETIC
4047000,42.95729807967268,226974.36011705708,75.0840900491059,77.76930552325537,68.43171278070021,-54.43171278070021,HIGH_RISK,SYNTHETIC
816000,8.747346641123691,125208.43370369235,32.82534401286711,34.278138093629416,0.8618458991451567,13.138154100854843,NORMAL,SYNTHETIC
1572000,15.062208576310134,162259.65284733815,40.849028679988166,48.04482453963448,21.020436297628,-7.020436297627999,WARNING_1,SYNTHETIC
4552000,50.29619211295481,248479.55512113668,80.37750297004281,72.92473524970777,97.7568261812653,-83.7568261812653,HIGH_RISK,SYNTHETIC
1800000,14.19792490094422,150363.1897126103,42.03168854899187,41.85895044368067,5.183942052900891,8.81605794709911,WARNING_1,SYNTHETIC
4287000,55.97342648213632,227154.9378385175,71.0943759359782,73.22798226278954,88.01560722197519,-74.01560722197519,HIGH_RISK,SYNTHETIC
381000,9.238031884178469,110717.97772014717,32.37535672052259,38.662757734159726,1.0962933444823313,12.903706655517668,NORMAL,SYNTHETIC
2874000,29.956701969878416,185108.34685417853,53.68884453039929,55.29610288142456,50.23889609512338,-36.23889609512338,WARNING_2,SYNTHETIC
4347000,59.64534016273312,246339.37972257362,88.427404913115,89.21956522323876,96.38077797298867,-82.38077797298867,HIGH_RISK,SYNTHETIC
4626000,41.61332569521114,220997.17447050707,78.40564823876086,70.35906821273578,85.5349394561899,-71.5349394561899,HIGH_RISK,SYNTHETIC
3503000,39.9624411977849,197292.30660817504,65.72292644856708,61.265156353127175,65.81708864521077,-51.817088645210774,WARNING_3,SYNTHETIC
2311000,24.936458514328276,185861.98539518547,55.03526449466468,56.846579056659465,47.865120234132355,-33.865120234132355,WARNING_2,SYNTHETIC
1780000,19.955709172713227,149033.76572215435,47.65691117929892,46.000021729254826,10.866482056472728,3.1335179435272718,WARNING_1,SYNTHETIC
2726000,27.22649440690751,184536.72692395217,58.722544442288466,54.647612318567,51.36760183101876,-37.36760183101876,WARNING_2,SYNTHETIC
2437000,29.13731005474364,182385.39352546347,50.28013976352674,53.08380070754384,53.01279670366341,-39.01279670366341,WARNING_2,SYNTHETIC
2333000,20.175385571803414,184150.90227482072,53.08277506500584,53.25643505827389,46.437071772770544,-32.437071772770544,WARNING_2,SYNTHETIC
864000,1.920612851882022,122780.54420529348,34.14852005526165,39.49252814105829,2.054196199124365,11.945803800875634,NORMAL,SYNTHETIC
3638000,34.362209628846294,191468.6107691318,69.59820261544344,65.86727696784314,59.77470757486706,-45.77470757486706,WARNING_3,SYNTHETIC
3164000,35.12284639435276,190857.1276820339,67.20566434806365,62.90738785395042,63.01132704161295,-49.01132704161295,WARNING_3,SYNTHETIC
554000,1.3929119829736543,114719.94525241105,32.852210854938676,32.92467704806564,0.9010544771715048,13.098945522828496,NORMAL,SYNTHETIC
1159000,13.087516055343011,176575.01547479516,41.73805040031165,43.51326394556019,20.58250830287105,-6.582508302871052,WARNING_1,SYNTHETIC
1213000,19.118759811028262,159934.791837422,46.05421319219593,46.11064833070799,7.784454658000433,6.215545341999567,WARNING_1,SYNTHETIC
3760000,33.05575734692535,198943.4790762865,66.3246360112935,65.30196360565556,63.72772607154912,-49.72772607154912,WARNING_3,SYNTHETIC
4213000,58.35093881686406,201571.70339809277,85.82293502814021,76.13584159141394,77.24631944932234,-63.24631944932234,HIGH_RISK,SYNTHETIC
48000,7.005960434979785,127212.6080279226,31.467432332076523,39.18664615061295,1.2268276841703094,12.77317231582969,NORMAL,SYNTHETIC
2367000,24.407194428867655,188007.48486449473,52.21216315178978,53.083251350046105,55.18427897419901,-41.18427897419901,WARNING_2,SYNTHETIC
700000,3.1240741423146337,128357.19993251468,36.8875221275992,38.83345270702968,2.937016755561007,11.062983244438993,NORMAL,SYNTHETIC
652000,6.910192717931557,115094.56700234934,38.139156837095705,33.09249726336156,0.5534760223855901,13.44652397761441,NORMAL,SYNTHETIC
3933000,39.56006271564164,195303.9349376823,69.67076445767636,67.54797841557355,57.426293532087264,-43.426293532087264,WARNING_3,SYNTHETIC
4409000,47.90653789832374,223616.86579790938,79.44098610562177,88.08225051381422,95.82803396821592,-81.82803396821592,HIGH_RISK,SYNTHETIC
3311000,38.67797005332414,197601.71911693783,62.06289124892286,63.29991780491581,64.22860880765307,-50.228608807653075,WARNING_3,SYNTHETIC
748000,7.869114010233942,119522.67642180821,34.970258462174826,33.09571786029975,2.6328786534970483,11.367121346502952,NORMAL,SYNTHETIC
1455000,15.350955440243187,167336.77556358997,45.430997634238494,40.88150278946173,8.999387900055511,5.0006120999444885,WARNING_1,SYNTHETIC
4195000,54.14422399253453,222920.95857212084,88.11733493839738,71.55649293576212,88.831190636495,-74.831190636495,HIGH_RISK,SYNTHETIC
2389000,22.01326708103222,182921.97178549026,57.55576053348207,59.94711100440465,46.612893696026944,-32.612893696026944,WARNING_2,SYNTHETIC
3494000,33.05245174494257,191096.09021733276,65.14482055578773,63.351180135747214,65.65042288182093,-51.65042288182093,WARNING_3,SYNTHETIC
866000,8.617038346025048,128658.66916907011,34.10441473555447,35.63805898017727,1.0214504838175902,12.97854951618241,NORMAL,SYNTHETIC
752000,3.133849106649328,127761.17390029739,38.37383478305426,34.50737587818287,1.21950341427753,12.78049658572247,NORMAL,SYNTHETIC
1644000,16.264868739468373,161411.92215784872,46.972948300903504,43.282072602150016,40.14376963840845,-26.14376963840845,WARNING_1,SYNTHETIC
92000,4.9261752250514705,115786.4027220467,35.719506256412025,38.5026238513598,2.540579026567159,11.459420973432842,NORMAL,SYNTHETIC
4824000,49.75846627588569,207398.1855620579,77.10759696326713,88.26911795507021,97.48897459536187,-83.48897459536187,HIGH_RISK,SYNTHETIC
3101000,33.96499811098903,194738.77462348717,66.54052600504052,66.54010991995212,60.20807135594683,-46.20807135594683,WARNING_3,SYNTHETIC
2432000,22.900213584606252,187210.82263329613,51.22026932365068,53.547041529026274,54.07138564559869,-40.07138564559869,WARNING_2,SYNTHETIC
2629000,26.111890836924623,186711.0099237096,57.39515066922223,54.62422913035215,50.7287594788281,-36.7287594788281,WARNING_2,SYNTHETIC
1490000,13.19484957106399,143051.04443402102,49.475920154725145,42.14955344669794,20.117254493885813,-6.117254493885813,WARNING_1,SYNTHETIC
2895000,29.624979581946697,181638.56349319086,55.94290333205593,57.568591828192325,54.75754654716328,-40.75754654716328,WARNING_2,SYNTHETIC
2177000,27.350435051474733,187013.1755219655,58.899251813586346,53.59984969754518,54.19166476453806,-40.19166476453806,WARNING_2,SYNTHETIC
729000,5.541572651062589,117928.72470729623,38.92904995362683,37.56919497647486,1.3480831983888732,12.651916801611126,NORMAL,SYNTHETIC
4759000,41.85833447239477,240525.86121772736,78.29343969029227,86.07782397552354,89.29709757294756,-75.29709757294756,HIGH_RISK,SYNTHETIC
2471000,25.775291827657583,183414.37725423867,52.23407453513349,57.31553286773001,46.29680291838666,-32.29680291838666,WARNING_2,SYNTHETIC
2242000,22.431541652430354,185005.9608751432,55.17958279916785,59.91869177568753,54.2144575291462,-40.2144575291462,WARNING_2,SYNTHETIC
1936000,12.474124388607418,175277.44687472453,42.22574723159777,42.25654549897077,15.307479660946903,-1.3074796609469033,WARNING_1,SYNTHETIC
1745000,10.769631589580337,134921.38129640822,45.8695408318885,44.07467850945943,37.109010530202454,-23.109010530202454,WARNING_1,SYNTHETIC
4746000,43.28227420421255,226045.35366526825,78.98866160168751,76.71150615353943,67.38082432003074,-53.38082432003074,HIGH_RISK,SYNTHETIC
4373000,49.25361708738249,208904.0469061803,75.69647907075097,78.82044029278046,70.34962098487469,-56.34962098487469,HIGH_RISK,SYNTHETIC
3491000,30.6883592919793,190460.0242748369,67.27636939839952,68.96457354703287,64.05195480756419,-50.05195480756419,WARNING_3,SYNTHETIC
1110000,11.800356146077364,134242.80564126265,49.58340634441048,43.02957439350764,45.32454453173795,-31.32454453173795,WARNING_1,SYNTHETIC
3337000,32.128652166033724,198919.5021217964,66.33809914305553,66.96986121166518,65.40131413111983,-51.40131413111983,WARNING_3,SYNTHETIC
4032000,55.033276527836705,203340.92307163242,87.40327812318645,72.62336499225336,91.67956984628377,-77.67956984628377,HIGH_RISK,SYNTHETIC
4471000,59.372719933683776,232319.67126880604,75.71908790177535,75.27136760931211,94.8334789785582,-80.8334789785582,HIGH_RISK,SYNTHETIC
4157000,55.2422195460988,246150.11892302526,74.79073357715475,79.60008941680186,73.58080730225299,-59.58080730225299,HIGH_RISK,SYNTHETIC
346000,9.325038152792507,118499.58771332202,38.625478004083256,37.955252010907664,2.3448935384811564,11.655106461518844,NORMAL,SYNTHETIC
1185000,18.675087265095662,166401.98403467712,44.08767141519952,49.293176018406044,45.35846806689585,-31.358468066895853,WARNING_1,SYNTHETIC
4006000,52.78736851027819,214455.04292115624,83.4095255097068,86.13083064738524,70.73326711215044,-56.73326711215044,HIGH_RISK,SYNTHETIC
1515000,19.81300816264072,153472.7869081549,45.17355558644357,45.66605279075351,43.12491749962209,-29.124917499622093,WARNING_1,SYNTHETIC
4669000,47.673899377747624,224201.39986695198,81.81218981240174,76.07730379952984,70.81518111134994,-56.81518111134994,HIGH_RISK,SYNTHETIC
578000,8.482413829736752,129896.48427241735,31.222895372028187,37.45281172154572,1.569841388131972,12.430158611868029,NORMAL,SYNTHETIC
1964000,16.97439183616015,134795.81134189726,41.69161017556568,43.74968592713546,3.7646129256106935,10.235387074389307,WARNING_1,SYNTHETIC
75000,3.47617824979357,116444.31347645876,35.30723291060234,39.0680725360555,1.338474802365496,12.661525197634504,NORMAL,SYNTHETIC
1429000,16.04990545426321,136823.9450490622,49.29651031512626,45.96473695766897,38.872747181870466,-24.872747181870466,WARNING_1,SYNTHETIC
3712000,34.36623440164949,194606.6699780043,69.7679936263322,60.50333844137567,62.13905840838643,-48.13905840838643,WARNING_3,SYNTHETIC
4430000,46.025178436620145,236580.22142328272,78.40202313801458,85.53530442275914,82.93155844648858,-68.93155844648858,HIGH_RISK,SYNTHETIC
2751000,22.725503793239145,181145.335431236,51.394863833170106,55.28145778214198,48.815607944951154,-34.815607944951154,WARNING_2,SYNTHETIC
4952000,59.11765273077364,246999.08919118287,86.89903867503062,77.86778170775237,79.72202501127443,-65.72202501127443,HIGH_RISK,SYNTHETIC
1846000,19.419305372766893,141084.9028286368,45.12114529117954,48.112579384880625,38.913431760273404,-24.913431760273404,WARNING_1,SYNTHETIC
131000,9.141057041715817,120329.18805271282,37.56649427416615,39.01105313150677,1.9550854611648476,12.044914538835153,NORMAL,SYNTHETIC
178000,8.846759943043242,114383.78432957265,32.567217615351666,30.043636215147153,2.0311641593031275,11.968835840696872,NORMAL,SYNTHETIC
2899000,21.13075013558413,189518.7311298747,53.56510872520686,55.634798518911545,52.059908506993864,-38.059908506993864,WARNING_2,SYNTHETIC
4466000,54.46105318539385,238658.6017980017,86.16175717144432,79.30189118922961,67.70953924901427,-53.70953924901427,HIGH_RISK,SYNTHETIC
4194000,50.61573042905697,211500.6570089582,70.10851491204278,76.5223198851852,80.04155634047575,-66.04155634047575,HIGH_RISK,SYNTHETIC
2522000,20.289656654994698,188609.3352049308,59.392510291587165,55.459927555555396,48.0150623292182,-34.0150623292182,WARNING_2,SYNTHETIC
1842000,12.780283260011325,166141.6902738433,40.79165781715063,41.558896338594984,11.018683450877298,2.9813165491227025,WARNING_1,SYNTHETIC
2098000,21.481118318971827,181568.05219395767,58.6693451407279,57.83947951697352,55.25723340785238,-41.25723340785238,WARNING_2,SYNTHETIC
3949000,37.66712991113545,191829.85571273067,68.8163880851076,67.89656680196252,65.03809983267642,-51.03809983267642,WARNING_3,SYNTHETIC
2373000,22.520568410642213,189600.86099774565,50.220410053968784,56.80589633750132,47.31271562720382,-33.31271562720382,WARNING_2,SYNTHETIC
604000,9.47625876723454,114705.1277683129,30.315813306929986,39.3555085673932,2.1597826102336293,11.840217389766371,NORMAL,SYNTHETIC
2627000,20.73098132699131,189784.55528418493,52.80973337998638,53.128799131112885,51.56121837502918,-37.56121837502918,WARNING_2,SYNTHETIC
25000,2.7128206290973145,116049.60562275857,33.940719741684674,31.412892670871006,2.8512984151745213,11.148701584825478,NORMAL,SYNTHETIC
658000,6.1948182077717115,117983.9060531558,31.059423569909615,38.79466855589877,1.8080324063035442,12.191967593696456,NORMAL,SYNTHETIC
4977000,52.20268378767453,204146.14472183137,77.94234458882887,72.8265995096184,70.77377999056787,-56.773779990567874,HIGH_RISK,SYNTHETIC
3317000,30.699220975967457,195927.85579706207,62.20387181291717,69.71076969680477,57.6757760258607,-43.6757760258607,WARNING_3,SYNTHETIC
3868000,34.01124966449247,190586.77211849423,66.88098054061412,61.16197315027308,65.2195795472251,-51.219579547225095,WARNING_3,SYNTHETIC
173000,9.237183416430877,125046.57828867105,31.51801733078831,39.84585041543281,1.0261682528791214,12.97383174712088,NORMAL,SYNTHETIC
1611000,17.13778805902195,142831.58068018116,47.44810740314183,47.31970646373085,32.91229799271209,-18.91229799271209,WARNING_1,SYNTHETIC
437000,5.439872713698282,120315.11352576103,36.64344868434254,33.22338772808044,0.8616122842475036,13.138387715752497,NORMAL,SYNTHETIC
331000,2.7811604195063215,119931.80957692563,33.76735278208547,32.74970873837117,2.83121669446384,11.16878330553616,NORMAL,SYNTHETIC
3100000,36.36415036255813,196940.50315866293,62.882666219881564,63.895192715901,56.60228117991706,-42.60228117991706,WARNING_3,SYNTHETIC
1454000,19.32339303274107,163365.09650553396,49.562610139572186,42.058770843778845,25.949789785355296,-11.949789785355296,WARNING_1,SYNTHETIC
342000,8.047780749548851,119635.27102724343,37.27880891998522,31.576015132884784,1.7919311941394165,12.208068805860584,NORMAL,SYNTHETIC
3209000,37.525909462392946,190001.50621964727,67.31208617314792,60.40598983167553,65.60030297845181,-51.60030297845181,WARNING_3,SYNTHETIC
4576000,46.134540115942194,224019.5575417914,78.8045585582051,79.4766477559908,78.7931410524848,-64.7931410524848,HIGH_RISK,SYNTHETIC
1088000,19.37986718362997,147431.9725415526,41.89308193886045,44.68085046908876,25.69274917630589,-11.692749176305892,WARNING_1,SYNTHETIC
479000,4.623935889953018,119558.93161479662,39.441436470762746,35.64296205829387,2.9163822314670726,11.083617768532928,NORMAL,SYNTHETIC
727000,1.5766678184817655,127302.00463821297,31.366633207788304,32.48920699257419,0.9259974425428352,13.074002557457165,NORMAL,SYNTHETIC
3783000,32.23163832150764,191600.48681179958,69.74678949951233,60.64909885222205,58.707733896729245,-44.707733896729245,WARNING_3,SYNTHETIC
976000,5.092124361505602,119278.445722201,36.53905430621063,30.547741073904362,1.5022853996994685,12.497714600300531,NORMAL,SYNTHETIC
3784000,34.95543058251626,195180.3832299312,64.97422353607617,63.033481749927475,56.893972101318184,-42.893972101318184,WARNING_3,SYNTHETIC
2977000,22.276838104153114,184687.91857119327,55.04998707992778,59.44255864621062,51.70314176639813,-37.70314176639813,WARNING_2,SYNTHETIC
1928000,18.78678385605426,145449.1681509234,40.14704029512856,43.86197159138375,37.17114656601365,-23.171146566013647,WARNING_1,SYNTHETIC
1468000,15.231968408041991,177698.3818906272,47.83491472107053,45.27253862596322,26.96040443535834,-12.960404435358338,WARNING_1,SYNTHETIC
1224000,14.85708577671155,155487.94891675567,46.62693002805157,42.752872057122346,5.204210125493964,8.795789874506035,WARNING_1,SYNTHETIC
2856000,26.344685101813194,182230.9223807282,50.476685424081566,59.138977450801455,52.1852003399735,-38.1852003399735,WARNING_2,SYNTHETIC
1952000,14.63381400064519,135960.5150268475,48.878673056445066,43.36354957546985,38.03472936382553,-24.034729363825527,WARNING_1,SYNTHETIC
4830000,47.45785971793534,202280.56366672093,85.81765089181789,73.46293340427094,76.4697934648141,-62.4697934648141,HIGH_RISK,SYNTHETIC
4500000,59.42524552284787,213305.2367071535,80.71722997426414,77.37769634617509,89.03755384140916,-75.03755384140916,HIGH_RISK,SYNTHETIC
1892000,15.225623892034216,133188.52306912874,41.1210746420297,47.544670192866775,3.5541113445918118,10.445888655408188,WARNING_1,SYNTHETIC
1299000,11.016333493509496,178257.44843314413,46.466488809127,43.51051256558148,7.167906755939242,6.832093244060758,WARNING_1,SYNTHETIC
2990000,26.130940942143983,189211.1055319092,54.7939638234197,57.283715872406574,55.112945891821404,-41.112945891821404,WARNING_2,SYNTHETIC
4599000,51.018185465260366,244252.2361970937,82.97437237440788,78.83138518532446,79.72101383317761,-65.72101383317761,HIGH_RISK,SYNTHETIC
660000,3.41846044664459,113238.83140499263,38.40696170533761,32.126747067600306,2.121162068007792,11.878837931992209,NORMAL,SYNTHETIC
4577000,53.674783899588945,236959.92671871232,86.42935632723524,72.05656748051081,76.53337286464829,-62.533372864648285,HIGH_RISK,SYNTHETIC
4073000,46.562838181120114,240975.86027403074,84.77815354119646,78.04442131555636,91.92957597146257,-77.92957597146257,HIGH_RISK,SYNTHETIC
2784000,29.89460316342693,186387.70726680645,56.03488429657439,58.410791614421775,47.210423680029734,-33.210423680029734,WARNING_2,SYNTHETIC
4937000,59.53848161148719,207530.67858894455,71.46247178105848,76.22777207431345,92.54610653981126,-78.54610653981126,HIGH_RISK,SYNTHETIC
3827000,38.792891569404475,190138.35515429798,64.45504303232286,64.08824244511719,57.945577853183494,-43.945577853183494,WARNING_3,SYNTHETIC
2714000,26.18533088860127,188427.01454343816,51.60925567394507,56.521586418494344,52.6249714996271,-38.6249714996271,WARNING_2,SYNTHETIC
4657000,46.540241755395705,222950.9967122806,76.8347094271626,78.23918793398994,93.19851451884675,-79.19851451884675,HIGH_RISK,SYNTHETIC
267000,2.351797877690116,129572.68287800878,35.076769974617775,37.634112937325796,2.483407716591279,11.516592283408722,NORMAL,SYNTHETIC
4442000,49.03830053125764,201267.06949883985,83.03416599543071,89.63006979225754,71.68096660041952,-57.680966600419524,HIGH_RISK,SYNTHETIC
4959000,57.609024522162,236057.51521970105,88.26179431432354,75.43127543296814,67.00744186368114,-53.00744186368114,HIGH_RISK,SYNTHETIC
3372000,39.42022479615856,198912.90591991006,67.51404338016744,69.6480474458899,63.58454950767099,-49.58454950767099,WARNING_3,SYNTHETIC
3595000,30.444956149321264,193730.53224969207,63.47782735509821,60.804509026734195,64.55491857528895,-50.55491857528895,WARNING_3,SYNTHETIC
4316000,57.79214848452983,216715.5795216994,86.66738982061253,76.35427350794173,93.11886106954805,-79.11886106954805,HIGH_RISK,SYNTHETIC
3722000,38.607914241732644,193939.6827887555,67.03408988767602,68.26518465056853,59.24723661621974,-45.24723661621974,WARNING_3,SYNTHETIC
3406000,32.48466473390068,193041.38395879726,62.53840959381742,63.7991322289949,64.25395970159899,-50.25395970159899,WARNING_3,SYNTHETIC
1278000,11.860082465049668,167496.35815287643,46.16037031188415,49.264402941018886,16.549562113902514,-2.549562113902514,WARNING_1,SYNTHETIC
4640000,56.906366706133014,238635.7321491578,86.99497185564499,70.76340182043663,76.78191797865026,-62.781917978650256,HIGH_RISK,SYNTHETIC
3917000,32.24728580156998,191392.13126379836,64.00115891196147,66.83782091574382,65.29865744739601,-51.29865744739601,WARNING_3,SYNTHETIC
2678000,21.06119238494159,185070.9550834562,52.408362539266534,55.41888662183758,47.36350738965298,-33.36350738965298,WARNING_2,SYNTHETIC
1621000,13.186537441901379,143667.70951994346,47.4447037416982,46.05039811390087,34.5242677037049,-20.5242677037049,WARNING_1,SYNTHETIC
4103000,58.66802730790708,208493.82336451352,82.52090425198804,85.51698254720849,79.94362736286593,-65.94362736286593,HIGH_RISK,SYNTHETIC
2857000,26.894791853534485,185457.87244524262,50.865705622332214,53.23441496638034,48.207199671992925,-34.207199671992925,WARNING_2,SYNTHETIC
1896000,11.254380051128313,176314.23977025758,45.88238499322958,42.46502040732122,31.2214202156728,-17.2214202156728,WARNING_1,SYNTHETIC
3924000,36.24687932376663,197232.60443925636,69.62525870504861,61.9721615111069,56.45626223225024,-42.45626223225024,WARNING_3,SYNTHETIC
3014000,34.41143810953618,195263.9172403081,68.32774346588661,60.76038979956192,57.97365121995547,-43.97365121995547,WARNING_3,SYNTHETIC
4438000,47.61227251261665,212819.2965807954,71.03851992468975,80.4566473314957,90.39506524828435,-76.39506524828435,HIGH_RISK,SYNTHETIC
67000,3.6747608629509876,123708.55441522028,39.71135151802328,31.819429552767527,2.1466015045680518,11.853398495431948,NORMAL,SYNTHETIC
2042000,26.27531871983321,187386.56519081636,59.23607676875983,51.167905262222334,53.25918109216994,-39.25918109216994,WARNING_2,SYNTHETIC
2580000,27.788894300842042,184949.01567484296,51.682683752422086,53.77337507305864,53.79668801044644,-39.79668801044644,WARNING_2,SYNTHETIC
3782000,34.9994155936743,190028.93347178627,62.73500493491762,61.861178284255345,59.031334388367135,-45.031334388367135,WARNING_3,SYNTHETIC
3790000,37.156505601574835,196446.12844170613,68.74792473980459,64.95763886154624,57.435086961021796,-43.435086961021796,WARNING_3,SYNTHETIC
820000,1.4445733280736452,128559.41216331648,32.878090149613676,37.685169925989776,2.20074587515623,11.79925412484377,NORMAL,SYNTHETIC
1226000,11.462584372810456,154277.63490034803,40.36620743907154,47.01115741265918,45.88405316132422,-31.884053161324218,WARNING_1,SYNTHETIC
2991000,27.17919465138747,182569.21256773637,54.29741317594536,50.1068327331413,47.55373084267149,-33.55373084267149,WARNING_2,SYNTHETIC
3132000,37.972185018597585,193380.14620544642,69.45244553317623,61.90022373819096,63.49952923781683,-49.49952923781683,WARNING_3,SYNTHETIC
2743000,28.203633932133876,182905.25672673306,55.851490615520234,57.15942155265835,51.493800762079495,-37.493800762079495,WARNING_2,SYNTHETIC
4457000,55.285203725855546,249119.8556306066,75.08233389337744,84.35449673004504,87.91880074000358,-73.91880074000358,HIGH_RISK,SYNTHETIC
4269000,46.79957252027444,214141.23504715145,78.14642562670568,89.01688387629741,84.92461496973577,-70.92461496973577,HIGH_RISK,SYNTHETIC
3349000,32.87302515642944,193703.6588369277,60.113049306324584,63.30668409495778,64.12595151017015,-50.125951510170154,WARNING_3,SYNTHETIC
1143000,19.301311509957255,162008.92223416438,41.03932366884952,43.44634683836254,32.093493616312294,-18.093493616312294,WARNING_1,SYNTHETIC
397000,3.599159423027991,128314.89715757419,31.894912771872157,31.101700451061333,2.318244429406955,11.681755570593046,NORMAL,SYNTHETIC
2906000,26.807478609218407,186178.82058266716,57.67447823078003,54.17579320289187,52.556301125083706,-38.556301125083706,WARNING_2,SYNTHETIC
4301000,54.160146232536476,220481.11736464815,71.8837365385167,89.19311618029549,68.80220408396762,-54.802204083967624,HIGH_RISK,SYNTHETIC
2759000,29.01464436606732,185812.67163293244,54.113634985424824,54.26126201544835,50.28575446081613,-36.28575446081613,WARNING_2,SYNTHETIC
1398000,16.90958689330203,157843.79652992918,49.99862239725809,49.828183048132914,36.743996941084504,-22.743996941084504,WARNING_1,SYNTHETIC
1659000,17.492576275288805,151211.90662504485,45.55524380193733,44.31395520191623,20.08347146988186,-6.083471469881861,WARNING_1,SYNTHETIC
979000,2.6477027126150054,114304.874963583,38.750998970614724,36.51815521057574,2.759213175262709,11.240786824737292,NORMAL,SYNTHETIC
1298000,12.696682491116267,143943.76905095187,49.087710069428994,40.12384062378793,31.083328714664574,-17.083328714664574,WARNING_1,SYNTHETIC
3555000,35.79503790497197,190862.26231322074,60.69235091924182,68.3984900376519,58.40921708200761,-44.40921708200761,WARNING_3,SYNTHETIC
82000,8.163379385061106,128477.48998997013,36.80034935407892,36.59314195916453,2.24195948280909,11.75804051719091,NORMAL,SYNTHETIC
4507000,49.82988274737574,231523.9055087056,86.21480855745997,76.1598679322708,71.15528365003279,-57.155283650032786,HIGH_RISK,SYNTHETIC
2458000,24.0209465065155,188981.58556782652,57.98270245948176,55.87952014307709,51.76609641759773,-37.76609641759773,WARNING_2,SYNTHETIC
3739000,34.99030314945198,198171.49685076333,65.45734395668414,60.704724586007046,58.88106816344104,-44.88106816344104,WARNING_3,SYNTHETIC
3781000,35.90954847379771,198597.29545148593,68.93747030718603,69.56153986858635,63.03575330197864,-49.03575330197864,WARNING_3,SYNTHETIC
2288000,25.04029290644052,184341.5321655613,59.40423507557338,55.721509142785635,49.45978305880834,-35.45978305880834,WARNING_2,SYNTHETIC
423000,1.4545896697267104,117726.82914446364,30.969345417893138,34.02613031703449,0.8396221208087957,13.160377879191204,NORMAL,SYNTHETIC
4339000,41.33409757278864,214163.54235352806,78.82709017426319,86.57363163860579,83.27760790324024,-69.27760790324024,HIGH_RISK,SYNTHETIC
1904000,14.70222412619312,153883.12173337475,49.55225596252227,49.481671040861514,28.804014207365924,-14.804014207365924,WARNING_1,SYNTHETIC
4538000,50.37066233063403,202834.9221439235,85.41361987271567,87.67089756529998,76.622704926113,-62.622704926113,HIGH_RISK,SYNTHETIC
3352000,38.95258194750376,192763.47769892248,65.39200109462489,65.71830081583414,63.16570875974499,-49.16570875974499,WARNING_3,SYNTHETIC
3102000,37.46353069354974,193075.40898847752,68.61644454752833,61.65681325241411,62.25123360013353,-48.25123360013353,WARNING_3,SYNTHETIC
1565000,12.546480954853298,164516.87273654836,48.85028000143717,43.74243601736451,26.98259023757912,-12.982590237579121,WARNING_1,SYNTHETIC
3355000,34.06840486294874,194043.8283647907,69.98935134442824,60.14020753552635,56.190906207902366,-42.190906207902366,WARNING_3,SYNTHETIC
839000,5.528330856592672,124669.32885599672,30.456622854367062,32.82979540861313,0.6368233739170273,13.363176626082973,NORMAL,SYNTHETIC
500000,7.483010058643539,123437.08377228134,30.338777951425566,34.14027582132362,0.25278442130626927,13.74721557869373,NORMAL,SYNTHETIC
141000,5.318221550319785,125749.27749263005,34.343492482252955,31.73023921343297,1.6811250633562824,12.318874936643718,NORMAL,SYNTHETIC
1377000,17.243634518558622,173786.41185757046,49.57646957717246,48.38040487608027,10.593655862041446,3.4063441379585537,WARNING_1,SYNTHETIC
3697000,30.266776811808892,191954.76824702218,67.9704758405868,66.75847014159555,56.1501154513049,-42.1501154513049,WARNING_3,SYNTHETIC
2144000,25.233657139013523,181421.28010696484,53.942553182638136,54.097961460908046,51.73068261130136,-37.73068261130136,WARNING_2,SYNTHETIC
1138000,12.3511703616662,139159.84700108017,47.14262441714958,47.720942585735514,16.642156014937868,-2.642156014937868,WARNING_1,SYNTHETIC
2927000,29.201103979296,187480.25013998564,50.699584720831005,53.31337028866156,54.11312811893126,-40.11312811893126,WARNING_2,SYNTHETIC
1787000,18.16519603419971,165962.93028240686,48.4814806412861,46.6267166395243,19.211670299731068,-5.211670299731068,WARNING_1,SYNTHETIC
3484000,31.096116173108864,199702.26152862847,69.27902153493268,67.9836426777636,59.247861250197474,-45.247861250197474,WARNING_3,SYNTHETIC
550000,5.1300770208755315,112617.8066170099,35.43309176235957,38.6368203942187,0.39737061499937354,13.602629385000627,NORMAL,SYNTHETIC
4906000,56.08286358425985,207740.54319016295,81.70086714653937,85.19874890297692,75.09250602104062,-61.09250602104062,HIGH_RISK,SYNTHETIC
2019000,27.278272231073032,186862.44258748158,52.256661282582634,52.1204947040738,54.22370895174281,-40.22370895174281,WARNING_2,SYNTHETIC
948000,8.696261230729032,110357.21918350362,39.57693408015423,38.75746016359647,2.035663578994804,11.964336421005196,NORMAL,SYNTHETIC
2600000,27.336487909871167,188488.48056494966,57.40449897081089,56.217356534419274,53.242791334535234,-39.242791334535234,WARNING_2,SYNTHETIC
532000,4.413006917440118,121004.79383816515,36.904955512178134,34.73475401994327,2.031124810807408,11.968875189192591,NORMAL,SYNTHETIC
1829000,17.939115447627373,167234.81377763793,41.93871158559653,49.50836448708286,25.20068519290563,-11.200685192905631,WARNING_1,SYNTHETIC
2917000,26.20908384386934,186676.11843098563,58.39896483300328,55.66812688832572,48.560190379625304,-34.560190379625304,WARNING_2,SYNTHETIC
4418000,45.94037959895325,220329.8374203731,70.89474750643552,74.3852398276487,86.58186904056268,-72.58186904056268,HIGH_RISK,SYNTHETIC
3871000,39.510621003009064,196757.52322177636,69.06659417697774,60.15324109887866,61.858247703426784,-47.858247703426784,WARNING_3,SYNTHETIC
1602000,18.983108308577705,143585.51566788624,45.17492826302774,43.05968186575742,32.71654318281304,-18.71654318281304,WARNING_1,SYNTHETIC
639000,8.616017622889833,124596.30492605733,31.98382963281528,35.343784432636106,0.8185980141961546,13.181401985803845,NORMAL,SYNTHETIC
4832000,43.413914513460526,233280.84166298114,71.10518557500416,74.90992228421061,93.65733626783293,-79.65733626783293,HIGH_RISK,SYNTHETIC
967000,2.4394765238489677,126979.56845249709,32.83465550243358,31.581678636520564,1.091101552931529,12.90889844706847,NORMAL,SYNTHETIC
4237000,59.90584925264577,224917.9811983704,72.87992475058165,84.49559833233614,97.39562540929981,-83.39562540929981,HIGH_RISK,SYNTHETIC
2697000,26.088036701836803,185307.32367180608,57.53963393031394,53.534826029460746,54.34501870695333,-40.34501870695333,WARNING_2,SYNTHETIC
1683000,15.882078718509813,171224.3890776952,48.522265624813414,48.668614402612235,15.536954834448832,-1.5369548344488315,WARNING_1,SYNTHETIC
4470000,54.74558506072988,219090.73332212097,71.89481125681993,75.07479960019043,71.11025668549715,-57.11025668549715,HIGH_RISK,SYNTHETIC
2342000,20.279947183372713,183262.78519155073,51.10729760751349,50.711261115387394,50.38212499980301,-36.38212499980301,WARNING_2,SYNTHETIC
155000,6.915712818750343,111350.3696037483,38.5686039191657,33.31749312459223,0.21770901227125902,13.782290987728741,NORMAL,SYNTHETIC
2487000,20.787124432145223,188706.28332778995,54.43115193200934,51.573344752003706,54.17648647530267,-40.17648647530267,WARNING_2,SYNTHETIC
4641000,59.985666530940826,214157.13712117713,78.1172816507831,89.59696450324392,96.20379102902052,-82.20379102902052,HIGH_RISK,SYNTHETIC
1089000,12.975656310846084,166462.31970117975,43.348417540754035,41.11022568489888,21.31095951064845,-7.310959510648448,WARNING_1,SYNTHETIC
2655000,22.754189075242003,185994.93417812692,54.77468096889086,51.936180510933816,47.20347391362769,-33.20347391362769,WARNING_2,SYNTHETIC
4240000,56.18826578924364,203382.9758889062,78.95842413094904,88.83259921879326,94.82223673831774,-80.82223673831774,HIGH_RISK,SYNTHETIC
288000,5.609025948715208,119020.9300037051,31.997949306581326,30.90171976489491,2.9839802869643544,11.016019713035647,NORMAL,SYNTHETIC
930000,3.6050891936082268,122880.18802899736,35.94294428013821,35.314281721720704,2.3216062582754318,11.678393741724568,NORMAL,SYNTHETIC
2535000,23.548564992878173,182419.19916296407,59.53932379033042,54.63113310978978,52.172736954949634,-38.172736954949634,WARNING_2,SYNTHETIC
4028000,53.890844596329934,239890.75959092175,85.72461078434661,82.87467519411318,80.52348700530153,-66.52348700530153,HIGH_RISK,SYNTHETIC
3371000,30.63345387441117,196424.80554073866,64.47467054864833,62.323519057887395,65.51318203841619,-51.51318203841619,WARNING_3,SYNTHETIC
4621000,52.27258727499481,207303.55048579912,70.20505251701823,73.2324696567291,73.9201605104615,-59.9201605104615,HIGH_RISK,SYNTHETIC
3291000,31.009328663649825,192851.22695354908,62.01987036390946,63.576159133322186,64.53841704411329,-50.53841704411329,WARNING_3,SYNTHETIC
942000,2.57953023664557,118278.60638109202,38.14875942685373,31.908851465722236,1.8666039278466184,12.133396072153381,NORMAL,SYNTHETIC
3859000,39.873818429922665,198156.09465313292,67.14018343338714,68.05722145455333,58.819360757566805,-44.819360757566805,WARNING_3,SYNTHETIC
4662000,49.14883319827318,229793.25351577345,86.18666927638255,83.71014908770779,82.40810269122187,-68.40810269122187,HIGH_RISK,SYNTHETIC
1698000,18.55547859165889,166089.76527554484,41.20271255788496,41.736520960621476,9.670528930736642,4.329471069263358,WARNING_1,SYNTHETIC
4708000,58.854359180127915,208861.43012856887,71.51216996554679,86.99511935923451,83.78976687069789,-69.78976687069789,HIGH_RISK,SYNTHETIC
3200000,31.07154237938488,192472.2883444117,68.87972750036532,68.25834360874802,63.504000689889864,-49.504000689889864,WARNING_3,SYNTHETIC
4601000,58.6567985615157,219896.79406058774,82.56914940137827,83.08332577772153,69.47706256664164,-55.477062566641635,HIGH_RISK,SYNTHETIC
4608000,41.41354308332677,223533.67634567127,80.24039680896081,83.43850241907592,80.53187894925885,-66.53187894925885,HIGH_RISK,SYNTHETIC
985000,9.101859552807397,128533.40976162563,32.412934516895305,30.718348697336086,1.131855041943281,12.86814495805672,NORMAL,SYNTHETIC
3318000,34.60400027118274,194132.25808614364,63.909122218623246,63.56782655144204,62.08928997238044,-48.08928997238044,WARNING_3,SYNTHETIC
2867000,20.610599859484825,187843.7741058912,56.84481421143438,58.29060189431934,46.13009635984147,-32.13009635984147,WARNING_2,SYNTHETIC
4056000,57.98664108724738,242921.43814248085,89.04389366732966,79.0660160539794,68.55934472014647,-54.55934472014647,HIGH_RISK,SYNTHETIC
4777000,55.61426212478521,222654.22073179157,82.34474928291642,82.84370884734916,98.10551038308152,-84.10551038308152,HIGH_RISK,SYNTHETIC
981000,8.201109244593994,117564.01046019362,32.7821715172139,34.41018623904269,0.8270162967384391,13.172983703261561,NORMAL,SYNTHETIC
2492000,29.505873004748622,180282.7145735438,54.92667024684648,58.251253541385594,54.84842955751595,-40.84842955751595,WARNING_2,SYNTHETIC
3792000,39.419124794978856,194308.9499865168,63.0661185221404,66.31778739330704,65.36652189643338,-51.36652189643338,WARNING_3,SYNTHETIC
3548000,37.5039335729302,192193.6002297507,65.4663312919751,63.30530423994022,61.71915841946634,-47.71915841946634,WARNING_3,SYNTHETIC
2942000,24.796683357362475,182399.4309198459,56.11726620352783,57.09275612921265,52.52766346256302,-38.52766346256302,WARNING_2,SYNTHETIC
3527000,38.00012891270761,190897.64138046003,68.78168643091016,63.0006233108855,63.10711776643987,-49.10711776643987,WARNING_3,SYNTHETIC
3845000,33.358946694068976,191644.19393361447,63.703696824689416,64.49830983379157,59.62593893130378,-45.62593893130378,WARNING_3,SYNTHETIC
1457000,16.494880952077164,166190.26448016654,48.08931091371598,48.93696482711374,10.778140052028329,3.221859947971671,WARNING_1,SYNTHETIC
1395000,14.175278737188464,167949.50237588456,48.99253471472021,45.44679762605461,31.82323522402348,-17.82323522402348,WARNING_1,SYNTHETIC
264000,9.104540157889563,121537.21916995186,35.620091747128676,33.386956334207504,2.1204284471926926,11.879571552807308,NORMAL,SYNTHETIC
4095000,41.10028677548231,204579.29007140332,81.57094093001602,87.08861931233582,97.240229474086,-83.240229474086,HIGH_RISK,SYNTHETIC
929000,7.469138962172774,118783.5702641187,36.97282295986639,39.099371729174614,1.002737671279811,12.99726232872019,NORMAL,SYNTHETIC
4871000,44.30405473627907,246745.5810783015,81.07501650827604,85.27556938575049,89.0962684032295,-75.0962684032295,HIGH_RISK,SYNTHETIC
2692000,20.785947193936355,182000.43556564295,59.34448694076025,51.19583573946719,53.28798577759653,-39.28798577759653,WARNING_2,SYNTHETIC
246000,6.307342984580786,122209.70134683578,32.618963745647356,33.45536991790018,2.592571261823468,11.407428738176531,NORMAL,SYNTHETIC
3589000,37.996252826021895,195054.06467334833,61.55927198766712,60.14982500523991,60.54577258893312,-46.54577258893312,WARNING_3,SYNTHETIC
1758000,12.472888438327104,150683.5998744153,43.54388157338114,43.98609656828447,6.381439672265618,7.618560327734382,WARNING_1,SYNTHETIC
4865000,45.46945165600318,206872.17931753857,79.20099767876088,84.29697727986908,88.45643748697665,-74.45643748697665,HIGH_RISK,SYNTHETIC
2810000,23.94982429292087,189642.67746070347,57.19780408880713,50.998756748887764,55.27144218284147,-41.27144218284147,WARNING_2,SYNTHETIC
923000,5.772806740259404,117193.32587333221,36.74144300893134,39.22943419840175,2.663374076970438,11.336625923029562,NORMAL,SYNTHETIC
2880000,21.147577269499752,185916.79690694305,51.13225776040376,56.976158464226785,46.2037436235544,-32.2037436235544,WARNING_2,SYNTHETIC
268000,2.0163125602551237,119972.7909375263,37.23431368377287,39.51542193150283,2.4206224115460593,11.57937758845394,NORMAL,SYNTHETIC
669000,4.589889169955283,127348.47078965168,34.67273367892334,35.7582160507035,0.9663611413773976,13.033638858622602,NORMAL,SYNTHETIC
4475000,54.907778358897566,207176.8212531299,79.95172048609679,74.16088386997555,84.40255077252628,-70.40255077252628,HIGH_RISK,SYNTHETIC
1910000,19.61560666987716,167354.81605552573,49.849109447315584,43.748501129452734,7.719315540508271,6.280684459491729,WARNING_1,SYNTHETIC
2985000,22.294216235369763,183007.2640448643,56.95798941745699,53.83479487243076,54.27042797788515,-40.27042797788515,WARNING_2,SYNTHETIC
1152000,14.7919487195147,147923.42381598265,49.992673026884,45.78395438743505,25.498331914376344,-11.498331914376344,WARNING_1,SYNTHETIC
4817000,58.47889930175953,240038.90098218233,79.50720270217889,75.28557167493942,78.61637266886697,-64.61637266886697,HIGH_RISK,SYNTHETIC
3455000,39.48554137659387,197159.74691554584,69.22205431067289,69.30883477678603,64.94776492916998,-50.94776492916998,WARNING_3,SYNTHETIC
4241000,43.373649517080935,229297.981071087,82.36379707307334,77.8581624489454,67.96668559410082,-53.966685594100824,HIGH_RISK,SYNTHETIC
4549000,59.94553684598147,226636.07898040058,81.82009014878936,76.74007464105654,96.8725674459064,-82.8725674459064,HIGH_RISK,SYNTHETIC
2172000,28.88512081891117,188046.09014676782,52.957037116281086,58.5143773387105,52.199371914304926,-38.199371914304926,WARNING_2,SYNTHETIC
4515000,45.742009926514854,226969.70690829787,74.7782047056492,70.10582914431576,76.97891473675129,-62.97891473675129,HIGH_RISK,SYNTHETIC
1915000,15.98640357109785,174287.37171959167,49.805782805441766,42.71304176673411,16.203452297338497,-2.2034522973384973,WARNING_1,SYNTHETIC
612000,9.534373027009012,125436.9868645831,34.92837800068782,36.15024381903373,2.0904780058669377,11.909521994133062,NORMAL,SYNTHETIC
2406000,27.842126033163744,186758.91914565093,55.32404433368508,51.82517318538362,49.19453627755559,-35.19453627755559,WARNING_2,SYNTHETIC
4205000,55.75348235871112,226862.42471024144,85.93322733901448,81.7232069601452,98.42075958490007,-84.42075958490007,HIGH_RISK,SYNTHETIC
1898000,15.338844570454832,160093.28510407684,49.58840555709003,43.26242273141418,32.82677201312972,-18.82677201312972,WARNING_1,SYNTHETIC
1649000,11.909004047227281,145569.82583068853,47.03253834883603,46.484149311839246,22.734711363073107,-8.734711363073107,WARNING_1,SYNTHETIC
2607000,29.347438672359253,183931.8976694324,59.060562139864054,59.69388188432352,51.36133513255325,-37.36133513255325,WARNING_2,SYNTHETIC
258000,1.585717941205568,120521.21053772041,30.587186816501497,35.65316547004943,2.877324762150177,11.122675237849823,NORMAL,SYNTHETIC
847000,7.00671806424114,122831.22651928704,30.642088515654645,37.05449331234578,2.0365632935268656,11.963436706473134,NORMAL,SYNTHETIC
4251000,58.444013669553016,225392.52577021622,86.82435046780546,89.29158089500893,91.03309477995842,-77.03309477995842,HIGH_RISK,SYNTHETIC
1233000,14.109764592359682,141283.39399319285,43.801143757554556,46.11779333721392,42.11062976333742,-28.11062976333742,WARNING_1,SYNTHETIC
1127000,12.216799732443086,130271.98457111008,44.64255744594484,47.01529224189142,29.277957805903124,-15.277957805903124,WARNING_1,SYNTHETIC
1967000,12.936124095800402,138660.68113457313,48.499721113339575,43.26172363272131,29.714145386978473,-15.714145386978473,WARNING_1,SYNTHETIC
558000,6.160717522530205,122859.96846681664,34.63719727996593,36.226913443560434,0.2685536361093091,13.73144636389069,NORMAL,SYNTHETIC
3905000,30.10641899330831,191990.2147385127,60.156173672760126,68.24209614883758,65.91305925627279,-51.91305925627279,WARNING_3,SYNTHETIC
484000,1.3173265416408007,122752.179604581,38.15730635551057,36.99981021822261,2.620461069400599,11.3795389305994,NORMAL,SYNTHETIC
1320000,10.956193542829306,141545.82006954946,40.57007257000447,40.46176777088771,34.861482983462686,-20.861482983462686,WARNING_1,SYNTHETIC
3404000,35.61763952569516,194905.41433874398,62.952194116893736,62.16157775208911,61.49572034604033,-47.49572034604033,WARNING_3,SYNTHETIC
7000,7.917365886437194,116383.1298921614,31.41638967972905,31.107503183964017,0.6269062251394814,13.373093774860518,NORMAL,SYNTHETIC
3279000,39.767192903352196,190505.55904873944,60.37990779228159,62.71217976757546,61.83268589950241,-47.83268589950241,WARNING_3,SYNTHETIC
3189000,31.844764209070544,191754.4454306822,61.450332611995734,68.3232767988782,61.67570043513864,-47.67570043513864,WARNING_3,SYNTHETIC
1450000,10.157915224468711,144766.38005373022,42.47528851419042,49.4248357191838,43.51958441032136,-29.519584410321357,WARNING_1,SYNTHETIC
3980000,30.431164022941985,198249.93610155437,69.81294916199751,64.22830259525922,57.85952159807697,-43.85952159807697,WARNING_3,SYNTHETIC
1814000,15.283908978492377,155090.73894898832,45.585303859224354,49.493557901764134,44.58151323778966,-30.581513237789657,WARNING_1,SYNTHETIC
773000,8.475030931190055,127643.50140657896,30.488753768508758,38.17815927244169,1.4504272204933255,12.549572779506674,NORMAL,SYNTHETIC
1011000,15.364610548517632,165162.26660591006,49.767775833185325,47.22514828141154,32.45011809669253,-18.450118096692528,WARNING_1,SYNTHETIC
2818000,22.72351322779256,180471.84734809943,53.00490345454594,52.69895396845917,51.25883867016746,-37.25883867016746,WARNING_2,SYNTHETIC
3275000,38.8317030341212,191256.6522785258,66.25201080553447,62.97751544724003,56.18251979429217,-42.18251979429217,WARNING_3,SYNTHETIC
1991000,16.909485610824635,142883.36691489734,49.44685675957606,41.88717733059328,17.973248180204124,-3.9732481802041235,WARNING_1,SYNTHETIC
1277000,17.224871617229034,162821.199765913,46.60187066645126,47.50058386902402,5.09071275957103,8.90928724042897,WARNING_1,SYNTHETIC
1783000,18.67398128031998,133043.2827879278,42.3075938949521,42.59682246102563,12.696711717264746,1.303288282735254,WARNING_1,SYNTHETIC
3105000,36.5518488281459,192545.2461759905,65.0858574616262,66.55129771984636,57.2770021391529,-43.2770021391529,WARNING_3,SYNTHETIC
446000,9.6258021071084,128248.97592591283,30.49074047724273,36.79074210119594,1.2677769244453894,12.73222307555461,NORMAL,SYNTHETIC
880000,4.600431803098215,120110.05638714135,31.618693606287408,37.17477585970656,0.6192557831469574,13.380744216853042,NORMAL,SYNTHETIC
4459000,57.25114427920595,204619.04432222163,89.85825982663926,88.05780507318715,90.07293399067834,-76.07293399067834,HIGH_RISK,SYNTHETIC
781000,9.085384391943592,125931.43459605383,31.033228577084916,38.36115784591854,2.9934160635402294,11.006583936459771,NORMAL,SYNTHETIC
1749000,19.677391805613787,164596.38185864527,48.13728377687198,45.49925483806189,8.816253752549635,5.183746247450365,WARNING_1,SYNTHETIC
3388000,36.19249947034527,196513.12983602806,66.06067990786156,68.06157441740145,59.10522518020015,-45.10522518020015,WARNING_3,SYNTHETIC
4881000,46.17792102411087,217244.5259938166,89.02551426583943,72.41426739830061,98.20151876295837,-84.20151876295837,HIGH_RISK,SYNTHETIC
883000,5.115234258314049,124983.48314631065,33.2907487040127,34.63625754900012,1.1528418022662794,12.847158197733721,NORMAL,SYNTHETIC
2944000,29.378668974109388,181850.53789531294,55.18918100678664,50.675834286572915,53.98710991067352,-39.98710991067352,WARNING_2,SYNTHETIC
1091000,17.612755978566934,135824.91431604457,45.7804293959304,40.74446777212921,26.330803037942726,-12.330803037942726,WARNING_1,SYNTHETIC
4783000,49.44861254500934,238780.4267834361,70.63700243623367,89.91817544843072,77.44370119342429,-63.44370119342429,HIGH_RISK,SYNTHETIC
531000,7.2075760162593125,112545.52396658079,36.392126599365014,30.1649125897765,1.087937853250387,12.912062146749612,NORMAL,SYNTHETIC
4022000,44.90027483124956,206553.7179975913,88.39835603359538,84.15652243478064,83.37595914799466,-69.37595914799466,HIGH_RISK,SYNTHETIC
4421000,50.217295003943704,229357.3044649348,78.49079262206614,70.26905324955482,98.19476702728312,-84.19476702728312,HIGH_RISK,SYNTHETIC
4098000,42.446660474323394,244703.2621149529,88.57697076774714,82.27725382523414,91.61733809703863,-77.61733809703863,HIGH_RISK,SYNTHETIC
1727000,13.293110577194698,143757.26263556167,42.732900053423386,43.656225391544005,13.855091310686703,0.14490868931329715,WARNING_1,SYNTHETIC
610000,5.867313461219222,115060.69499859367,38.86645558127822,36.56047605061178,2.6195882950974902,11.38041170490251,NORMAL,SYNTHETIC
570000,3.9784170530164693,118147.24775725945,30.15803239163296,37.61948178564175,1.0496401126970236,12.950359887302977,NORMAL,SYNTHETIC
2671000,27.976483772345134,186381.34268312063,59.243653110806875,59.261701196757116,48.032322148464104,-34.032322148464104,WARNING_2,SYNTHETIC
3718000,34.885434045829385,196290.68785542477,62.31073994054475,61.88256332211115,65.62079657631539,-51.620796576315385,WARNING_3,SYNTHETIC
343000,6.224401639303917,121287.85360718357,32.880599687221405,31.035102683100586,0.8560276822733863,13.143972317726615,NORMAL,SYNTHETIC
3000000,33.54079428487315,196607.95538564064,65.98998055369309,61.45351432152197,56.21320589371337,-42.21320589371337,WARNING_3,SYNTHETIC
3139000,34.18145438294391,199437.8858952356,61.88587295955199,63.25223697715524,63.00979096026885,-49.00979096026885,WARNING_3,SYNTHETIC
434000,1.3533314360141846,114116.39586026015,36.972736618299294,30.759483659052076,1.8123341320290505,12.18766586797095,NORMAL,SYNTHETIC
1903000,17.998462785883625,145859.16756321728,46.6606135671224,43.51032926456523,24.60983694503082,-10.609836945030821,WARNING_1,SYNTHETIC
3804000,37.39146616025877,191330.39173662613,61.79355049087974,64.27019731944021,56.783392796310935,-42.783392796310935,WARNING_3,SYNTHETIC
4776000,51.241777429444795,200028.8920387974,83.59766871626272,73.00912294972464,72.1675201309632,-58.1675201309632,HIGH_RISK,SYNTHETIC
2069000,21.145774714380597,183866.42222086372,56.525231706380595,56.29115536177696,53.4639381227174,-39.4639381227174,WARNING_2,SYNTHETIC
1537000,16.106117301053942,159353.68360202675,48.24418210266837,49.49430250419817,13.216945136215777,0.7830548637842227,WARNING_1,SYNTHETIC
2252000,29.110589263790583,182401.66104431186,57.626727135186606,54.125534329485504,53.1127443017108,-39.1127443017108,WARNING_2,SYNTHETIC
2346000,25.49265789038873,187361.2748896271,51.61338500181707,58.29950963236194,46.21006533307943,-32.21006533307943,WARNING_2,SYNTHETIC
1517000,12.00815461882838,162562.4451972053,46.75712434729112,41.71182940664793,18.56920577325336,-4.569205773253358,WARNING_1,SYNTHETIC
965000,5.241870684359885,111500.34614703085,35.42941705772407,30.90358876701418,0.22586897997183553,13.774131020028165,NORMAL,SYNTHETIC
4406000,51.7142279822844,225560.8394257702,85.45118566221653,84.54526767619136,76.30248081662663,-62.30248081662663,HIGH_RISK,SYNTHETIC
528000,7.7945230439203534,112948.51906971172,38.290875833359024,38.37617292855487,0.8562265709861703,13.14377342901383,NORMAL,SYNTHETIC
176000,4.828854128026734,119293.59275714659,34.134082443898585,38.67005600856598,1.9129289924557982,12.087071007544202,NORMAL,SYNTHETIC
3482000,35.90731932440226,195662.49198856475,61.68101395390954,64.55562345426705,65.9482014054787,-51.9482014054787,WARNING_3,SYNTHETIC
2543000,27.75202248245119,188469.32980947066,55.50229538680615,52.735740049162715,54.81219650838536,-40.81219650838536,WARNING_2,SYNTHETIC
4935000,53.0812029345045,240281.94170641224,76.80691215543021,79.77245719230812,84.69019860944465,-70.69019860944465,HIGH_RISK,SYNTHETIC
572000,5.246638075568187,121043.25406608854,37.51008752882558,33.070519159625086,0.6556992140395979,13.344300785960403,NORMAL,SYNTHETIC
2299000,29.874977825488422,186422.10743151733,51.53627647600543,56.6136470080242,51.65320332988472,-37.65320332988472,WARNING_2,SYNTHETIC
3508000,31.182330264177573,195488.43863948667,67.87951306303006,64.07265201824389,58.11220812777306,-44.11220812777306,WARNING_3,SYNTHETIC
2459000,26.2967644646461,180053.96551993402,51.41631292948995,54.87112793670664,49.72508862781003,-35.72508862781003,WARNING_2,SYNTHETIC
3609000,35.6867838949375,198553.44190870802,64.18494562719364,69.38923553366672,57.98218287209982,-43.98218287209982,WARNING_3,SYNTHETIC
4554000,43.42265237406086,207630.85352941678,70.73991095512046,82.49369060184384,99.29790152520798,-85.29790152520798,HIGH_RISK,SYNTHETIC
2208000,22.655271781983117,188119.4366757163,53.38394661666641,55.41098972879839,46.584870243585904,-32.584870243585904,WARNING_2,SYNTHETIC
4720000,45.36968372609053,244878.28120686382,77.69256898574388,80.7379217879239,90.24306335454536,-76.24306335454536,HIGH_RISK,SYNTHETIC
2755000,24.713072777911243,186710.89265489683,57.99952000400263,58.67131947859392,54.04316838394573,-40.04316838394573,WARNING_2,SYNTHETIC
383000,5.218452164295956,129870.85993573695,30.08617257133752,35.56832416370781,1.5204877816624143,12.479512218337586,NORMAL,SYNTHETIC
852000,8.559049172907882,120004.19298626704,38.15044823408094,33.667430989299596,2.4556410959473074,11.544358904052693,NORMAL,SYNTHETIC
1880000,13.184425570100212,133145.4992247341,42.80631498732926,47.24685139168206,13.28838036940669,0.7116196305933098,WARNING_1,SYNTHETIC
370000,7.7102828942217405,111936.20298609942,34.622279301436684,38.9270607871059,0.9952162857403044,13.004783714259695,NORMAL,SYNTHETIC
2378000,25.265244755815555,185970.60330843864,57.82197830609163,57.95135311330159,55.06248903734977,-41.06248903734977,WARNING_2,SYNTHETIC
4323000,49.003724952536714,209294.3579013148,71.53963344093725,81.74430549049498,71.49782318303467,-57.49782318303467,HIGH_RISK,SYNTHETIC
1105000,14.560344074565428,178337.19278244968,40.543217950885314,40.35865845010657,34.37713394861944,-20.377133948619438,WARNING_1,SYNTHETIC
3413000,37.50563187138367,199492.43844524326,62.520409849389246,60.261779775973466,61.23050773563309,-47.23050773563309,WARNING_3,SYNTHETIC
3946000,30.215084037577792,199116.0497599991,63.47921685303018,66.85384232466272,62.760118761882964,-48.760118761882964,WARNING_3,SYNTHETIC
1336000,16.981127560158285,151371.7700700898,46.45956944198474,48.29762730110828,21.14941496630619,-7.149414966306189,WARNING_1,SYNTHETIC
2189000,22.271134922192193,183537.21046127673,51.24723182784906,57.55636701559292,54.373893242045035,-40.373893242045035,WARNING_2,SYNTHETIC
4594000,48.75065927091326,223779.32850647694,77.86999983630425,86.35116921958368,93.11364941965192,-79.11364941965192,HIGH_RISK,SYNTHETIC
2319000,24.232146666213485,182478.02662993918,58.60124309031082,50.50534918580158,51.34578784524597,-37.34578784524597,WARNING_2,SYNTHETIC
4705000,56.79946315730906,212057.7906726601,88.4331106447302,85.67568009399972,67.46961277400264,-53.46961277400264,HIGH_RISK,SYNTHETIC
3710000,39.770237604311475,191643.25000009063,69.5383296191285,64.98727274307772,59.60711881745588,-45.60711881745588,WARNING_3,SYNTHETIC
4848000,43.24086808128978,211386.89157906844,86.7020779838973,78.80389423248211,97.33352538832406,-83.33352538832406,HIGH_RISK,SYNTHETIC
1171000,16.294259623577712,151238.45991833598,45.49883094534245,46.93108655238897,32.147535046164634,-18.147535046164634,WARNING_1,SYNTHETIC
4325000,56.40165619142839,239565.27536379086,89.9787791415655,77.8731441627531,90.37650204407691,-76.37650204407691,HIGH_RISK,SYNTHETIC
2694000,27.78634593582522,183068.64858427813,55.17366698341406,51.98413873128193,53.81328247071982,-39.81328247071982,WARNING_2,SYNTHETIC
1422000,17.87589582110829,163474.3399304632,42.89923198925455,46.59256362556884,27.493412671057715,-13.493412671057715,WARNING_1,SYNTHETIC
2341000,29.75942606708893,181812.87754250903,59.46399962418572,51.05549326004904,49.091229813675234,-35.091229813675234,WARNING_2,SYNTHETIC
2651000,24.499831522502568,185274.43214469045,57.6318765776321,52.731348233597465,47.17957729059865,-33.17957729059865,WARNING_2,SYNTHETIC
4155000,56.60426365971017,208571.2670470648,74.75197061990731,87.24444765690497,70.49428072644247,-56.49428072644247,HIGH_RISK,SYNTHETIC
1464000,10.646502108759904,157798.9935810177,49.532563080796955,46.567132205194966,44.95657941741999,-30.956579417419988,WARNING_1,SYNTHETIC
874000,7.3299502964792485,128122.13621530363,31.184852523548017,39.990400175055534,1.6540789407639374,12.345921059236062,NORMAL,SYNTHETIC
3339000,35.77646933543804,191006.0079511963,61.57527535855627,64.92140623212698,63.42264343770359,-49.42264343770359,WARNING_3,SYNTHETIC
4340000,47.72251707953889,242495.83905651985,72.44313850734603,84.1487414867847,97.41632302345107,-83.41632302345107,HIGH_RISK,SYNTHETIC
1251000,10.715177922925385,140236.79324681128,45.18799200713773,41.470065243631716,17.809375220271686,-3.8093752202716864,WARNING_1,SYNTHETIC
2348000,23.657841093045857,184254.19544027117,59.22587703135369,56.18559441473187,55.77573329474204,-41.77573329474204,WARNING_2,SYNTHETIC
840000,1.1097349258826765,110642.98175605701,37.86941135812124,36.825597934324996,2.6610012922536197,11.33899870774638,NORMAL,SYNTHETIC
4568000,53.09360891721805,232323.4897792126,89.1300933244512,71.47748377082053,72.91044224343088,-58.91044224343088,HIGH_RISK,SYNTHETIC
581000,5.676417160840284,116286.9588525981,38.361997509577755,37.92023242829773,2.4136841693556805,11.58631583064432,NORMAL,SYNTHETIC
204000,1.1226393318321737,110531.55529994583,33.232658843651045,39.28238648112165,2.289307641722352,11.710692358277647,NORMAL,SYNTHETIC
1641000,17.990016779963106,170912.88297866858,49.15829623105418,49.897158149489464,9.364756698769664,4.635243301230336,WARNING_1,SYNTHETIC
2014000,29.35897059225464,189750.2119399145,53.972193889752184,52.396332719124096,53.983157716355876,-39.983157716355876,WARNING_2,SYNTHETIC
905000,6.742168966623437,118893.76056021491,36.487749038885546,36.6849429032435,1.8020572488128834,12.197942751187117,NORMAL,SYNTHETIC
631000,8.238731197433399,127236.28835632028,34.96564897147187,39.65142117057399,1.4521571017858983,12.547842898214101,NORMAL,SYNTHETIC
3364000,36.85982205562929,193179.5703979071,67.74630247845613,61.54360408093365,57.01722946389634,-43.01722946389634,WARNING_3,SYNTHETIC
1974000,19.693019477131443,158061.31492161663,47.821299679427185,43.05137835312335,30.65962125147298,-16.65962125147298,WARNING_1,SYNTHETIC
162000,3.025883119874951,126462.54634832373,33.92735012101753,31.425712823271137,2.608018194575291,11.39198180542471,NORMAL,SYNTHETIC
3172000,33.879121822453335,194073.62398211964,63.59810417380527,69.3016360292613,58.734217149763296,-44.734217149763296,WARNING_3,SYNTHETIC
3612000,35.15322071951757,191187.087497552,62.59488183471845,64.15411755746959,60.95154506419579,-46.95154506419579,WARNING_3,SYNTHETIC
4675000,53.40713621139437,243445.96442529088,76.10444977456821,83.4963350407976,71.54875018276178,-57.54875018276178,HIGH_RISK,SYNTHETIC
617000,4.04913717955483,121423.34724111483,38.60886168520994,31.59738467622709,1.7380906303723498,12.26190936962765,NORMAL,SYNTHETIC
4068000,49.04709241884628,209441.85705958874,73.20149218379264,70.91307227985091,66.31384599007579,-52.31384599007579,HIGH_RISK,SYNTHETIC
1431000,14.484849224824677,152081.69769530516,46.514103096465284,40.349017428717325,11.943988878268325,2.056011121731675,WARNING_1,SYNTHETIC
547000,1.7044336960864284,125035.61418461564,31.729273077669315,39.976479671837005,0.9063021994607143,13.093697800539285,NORMAL,SYNTHETIC
3334000,32.39516330051532,197457.3595411991,60.366128669112484,62.67161235877604,63.8636763401303,-49.8636763401303,WARNING_3,SYNTHETIC
4546000,52.13128669246531,247307.4140727828,75.75848497406344,72.8523290491037,70.94769466704716,-56.94769466704716,HIGH_RISK,SYNTHETIC
4223000,57.39459275668562,247940.95303812195,70.92458407029672,85.45212979782993,94.53514228966817,-80.53514228966817,HIGH_RISK,SYNTHETIC
2387000,26.054780338303235,187061.7372187429,55.897765551619806,58.48632907826616,50.13284448729184,-36.13284448729184,WARNING_2,SYNTHETIC
4243000,52.64995091353974,218772.51722487737,74.52018028034439,84.53872774339771,69.76634547823606,-55.76634547823606,HIGH_RISK,SYNTHETIC
3995000,35.82303652028397,190199.21099928903,60.91116737241288,68.8967442817547,64.14220330508073,-50.14220330508073,WARNING_3,SYNTHETIC
4065000,52.50531396124152,236264.53977478688,79.55337235641979,82.40837617557625,91.45290366700664,-77.45290366700664,HIGH_RISK,SYNTHETIC
1861000,10.403603086793897,175287.94583446032,40.48531325478708,43.935473143944456,24.575921242207745,-10.575921242207745,WARNING_1,SYNTHETIC
640000,7.506996922593287,125091.46276436269,37.16622756727313,32.76572013656903,0.7618665511561689,13.238133448843831,NORMAL,SYNTHETIC
3902000,38.42029976090464,195315.643867433,69.68687845507161,62.97145908463533,65.5138377627127,-51.5138377627127,WARNING_3,SYNTHETIC
637000,7.276672127542945,128466.93935451625,32.09277347571951,32.16645535564336,2.1313055046333296,11.86869449536667,NORMAL,SYNTHETIC
4262000,45.45225136237765,204867.85566214842,85.213287555872,78.58868188020887,87.88875965368157,-73.88875965368157,HIGH_RISK,SYNTHETIC
3910000,39.43511350233917,194625.79957553674,67.56296754599083,60.89725242081063,56.573920025026446,-42.573920025026446,WARNING_3,SYNTHETIC
2986000,21.26797250895495,181083.90634622468,59.12266881804291,50.68180319176043,54.62679360154123,-40.62679360154123,WARNING_2,SYNTHETIC
2096000,20.45842765321515,180519.67979332077,53.93418755365107,50.672379430241,53.95522401073723,-39.95522401073723,WARNING_2,SYNTHETIC
4611000,57.48206767549003,209865.96087992718,71.89736010947206,74.51980533854238,91.74011986198632,-77.74011986198632,HIGH_RISK,SYNTHETIC
3075000,36.29274140296437,194853.942442149,65.5230940648956,68.10948849252749,56.13533036398925,-42.13533036398925,WARNING_3,SYNTHETIC
3674000,31.771336535448814,195168.19754626442,67.1284318754621,69.62007222086689,63.29477163984158,-49.29477163984158,WARNING_3,SYNTHETIC
2841000,26.38947736978472,188574.77589347257,54.17380817242164,56.02160700906992,50.2057553431821,-36.2057553431821,WARNING_2,SYNTHETIC
921000,8.443013228658854,116005.43824285053,30.074829961067667,38.66842062413876,0.6506527860282263,13.349347213971773,NORMAL,SYNTHETIC
546000,4.454639899408895,114818.54232828625,39.699318830498086,34.80080075194543,2.9440354058458853,11.055964594154116,NORMAL,SYNTHETIC
3666000,36.96761637971578,197394.36152851372,63.470766372365034,62.99640757427619,65.3723357680956,-51.372335768095596,WARNING_3,SYNTHETIC
1900000,18.34912588413311,148003.2963215789,43.65382887645263,41.96824680090432,12.773271593966681,1.2267284060333186,WARNING_1,SYNTHETIC
2028000,28.804871204331114,184936.6920523382,53.51261872180404,52.52132367954744,53.33819344114294,-39.33819344114294,WARNING_2,SYNTHETIC
2301000,25.772479168612584,189875.54534167497,54.59706174015746,58.94826786227797,52.603823169680524,-38.603823169680524,WARNING_2,SYNTHETIC
1885000,10.516103350176722,177852.06564617512,43.661155310947144,41.6143202277912,40.25130448323478,-26.251304483234783,WARNING_1,SYNTHETIC
1642000,17.86112064403506,140305.4892226157,43.338850942494616,40.66825134562354,41.48578183204837,-27.485781832048367,WARNING_1,SYNTHETIC
3509000,33.33275940300071,191153.98943623464,61.0034984662146,69.60437675970454,62.56467598776356,-48.56467598776356,WARNING_3,SYNTHETIC
4809000,43.5520672749699,216968.38800173366,79.71306668597467,89.24458483531575,70.30835402065397,-56.308354020653965,HIGH_RISK,SYNTHETIC
2097000,29.707285879194195,186723.32892828243,51.245754831982396,51.83160881772201,48.67956831430029,-34.67956831430029,WARNING_2,SYNTHETIC
4357000,59.41097839204876,234775.40365928502,76.83186805843854,81.68791583175539,85.22470926181914,-71.22470926181914,HIGH_RISK,SYNTHETIC
3788000,34.85419926580578,197436.25735540283,68.35346421307,69.8105842135015,63.45684556875058,-49.45684556875058,WARNING_3,SYNTHETIC
4494000,45.17852378449176,208396.15583405763,89.76480951038695,72.14788904053277,89.17826962229569,-75.17826962229569,HIGH_RISK,SYNTHETIC
4967000,48.81310262486735,211461.43881518682,79.86033370047652,81.37771323007388,96.6680508096563,-82.6680508096563,HIGH_RISK,SYNTHETIC
836000,7.674115687225837,110011.36258517888,36.498274225632784,36.85592232437911,0.4063483299873522,13.593651670012648,NORMAL,SYNTHETIC
601000,7.700606556019268,112801.10809378981,36.67396888098797,31.30024995017903,2.784441045333707,11.215558954666292,NORMAL,SYNTHETIC
2184000,20.541678319781152,180660.68680045652,56.27393829947056,56.00067414033027,55.217612385044156,-41.217612385044156,WARNING_2,SYNTHETIC
3865000,31.05535478084655,194753.15240885483,66.02738417457175,61.355058479160235,60.95056885175879,-46.95056885175879,WARNING_3,SYNTHETIC
2481000,20.612297161527508,186241.00694930545,56.49549811273565,51.714737208194215,52.77974995477411,-38.77974995477411,WARNING_2,SYNTHETIC
4307000,44.96443464222872,214574.8081082602,89.36056418940889,81.6802527826229,96.61589078397506,-82.61589078397506,HIGH_RISK,SYNTHETIC
1582000,13.31096593271603,167466.85007154895,41.688795592391436,45.39041625257691,12.73237208926204,1.2676279107379607,WARNING_1,SYNTHETIC
4266000,41.61736381758584,239909.89399493518,84.73564045888713,80.39545143519102,79.85993722668462,-65.85993722668462,HIGH_RISK,SYNTHETIC
2533000,27.199102524234466,187273.15920970714,54.76592099045328,59.10466753252907,48.89823542409187,-34.89823542409187,WARNING_2,SYNTHETIC
2725000,29.985375335873186,180521.99325234257,51.33638471659544,59.92471415229891,53.44290438842013,-39.44290438842013,WARNING_2,SYNTHETIC
1070000,13.013797450864853,175929.35386800749,46.68688304881,44.300613236097334,12.376623040093207,1.6233769599067926,WARNING_1,SYNTHETIC
1775000,10.471802651861378,149259.21627377215,44.33329947216046,41.878214256782016,7.7179659114092765,6.2820340885907235,WARNING_1,SYNTHETIC
4808000,40.9473202551082,227300.0617274291,75.93408590506279,71.68920782853888,74.65255050540044,-60.65255050540044,HIGH_RISK,SYNTHETIC
1283000,13.845922546573174,134332.87297557353,41.41399875786723,45.09139510132029,10.711727539745365,3.2882724602546354,WARNING_1,SYNTHETIC
3050000,38.497915807182785,197181.40226146128,65.14921575041498,69.29702126641308,60.28694358052033,-46.28694358052033,WARNING_3,SYNTHETIC
4753000,52.45433529407077,201804.8454291133,78.98099665411857,79.1867959438436,90.02563588143921,-76.02563588143921,HIGH_RISK,SYNTHETIC
1836000,18.752516733808108,132796.715003313,42.68128637779147,46.51635636973946,10.409968804787166,3.590031195212834,WARNING_1,SYNTHETIC
4242000,42.11786993261937,209683.16492185756,73.19451840702621,84.67737574994291,75.33093820128029,-61.33093820128029,HIGH_RISK,SYNTHETIC
1019000,14.430701544949176,177438.6714878554,45.578396380074416,46.29327144793054,38.11469124311816,-24.11469124311816,WARNING_1,SYNTHETIC
4133000,45.20244362922211,230332.11236283413,73.14972570219913,83.76679378121248,67.50429761262615,-53.50429761262615,HIGH_RISK,SYNTHETIC
1326000,16.062521067943152,172327.13335657067,49.6836596093024,47.02374993063425,25.430727739516804,-11.430727739516804,WARNING_1,SYNTHETIC
475000,3.6814005130953156,120163.85829556489,30.503797382885544,34.32335422767558,2.032795905581149,11.96720409441885,NORMAL,SYNTHETIC
4271000,54.249098487627315,247465.7171491541,74.52530358833988,87.02106870353411,74.15120566731005,-60.15120566731005,HIGH_RISK,SYNTHETIC
1651000,14.504518097871635,179461.7732156381,42.30220963217758,49.49284854698222,37.460979891186476,-23.460979891186476,WARNING_1,SYNTHETIC
3998000,37.51278709478968,192011.84224029907,68.60027436428173,66.5912884141994,62.740952113777816,-48.740952113777816,WARNING_3,SYNTHETIC
4467000,44.55207954953721,242373.87461196026,70.81895432379994,87.42358453034113,97.05817097406138,-83.05817097406138,HIGH_RISK,SYNTHETIC
2610000,22.12386277240674,180792.5366022384,56.869380984140214,59.20774655938083,46.21530800999739,-32.21530800999739,WARNING_2,SYNTHETIC
2476000,24.89135248480898,181529.57094902566,56.56955564258603,54.592434220021545,50.55931422783114,-36.55931422783114,WARNING_2,SYNTHETIC
2583000,24.746498028450752,183828.1402032371,57.53505551071188,56.429386117567304,52.600558255490895,-38.600558255490895,WARNING_2,SYNTHETIC
1373000,16.013625595243283,165191.1832832758,48.24563929864725,44.11216764505637,44.656294827896176,-30.656294827896176,WARNING_1,SYNTHETIC
739000,4.666164771008502,125585.39887149601,35.75294952628502,34.41215504611381,1.9873518986670557,12.012648101332944,NORMAL,SYNTHETIC
3618000,32.16608413577083,196225.9890187228,69.40442064297821,65.30179551609746,58.51577558285462,-44.51577558285462,WARNING_3,SYNTHETIC
2440000,23.109630843681227,183213.1263368938,58.44237849418416,57.80834231991657,48.21686002062917,-34.21686002062917,WARNING_2,SYNTHETIC
867000,8.02325743520133,114077.21254659088,35.5693372121345,32.573875756946144,0.8660193020281353,13.133980697971865,NORMAL,SYNTHETIC
1140000,16.252657519597925,139466.12865366926,44.27799069617491,42.89770117260604,21.779901611634493,-7.779901611634493,WARNING_1,SYNTHETIC
997000,1.0203171987633297,116700.9375501027,32.100871238235335,34.53191935049066,1.5192175783884236,12.480782421611575,NORMAL,SYNTHETIC
1337000,16.69195169292643,146848.0496308494,44.93369371378486,41.18429481989252,26.620258811204963,-12.620258811204963,WARNING_1,SYNTHETIC
541000,5.892530966650346,114815.06142428539,34.36989288311452,35.44098091482311,0.2829692807338951,13.717030719266106,NORMAL,SYNTHETIC
1099000,18.63206848447326,136980.99968652666,40.20142906779645,49.32239113420438,44.717967210071706,-30.717967210071706,WARNING_1,SYNTHETIC
1132000,12.273091094388596,166256.05932546005,41.39162879224704,48.02280780478964,21.110270646740208,-7.110270646740208,WARNING_1,SYNTHETIC
4064000,49.09294850239568,218172.25354766665,84.95256569540246,74.0449357430871,89.95847372403408,-75.95847372403408,HIGH_RISK,SYNTHETIC
2715000,23.028004262611454,188697.69077562046,52.65812301479813,51.60793892153818,46.55133249839388,-32.55133249839388,WARNING_2,SYNTHETIC
2258000,23.8212866648519,184876.80949589654,53.18922940611324,50.56237824517681,50.19683720836282,-36.19683720836282,WARNING_2,SYNTHETIC
4750000,50.588519978776645,247412.2611992362,86.74954511350884,89.56951700757465,74.56501554245075,-60.56501554245075,HIGH_RISK,SYNTHETIC
59000,2.007864647116566,124027.82202486864,30.51721491666391,32.69899343956342,2.4402185937362777,11.559781406263722,NORMAL,SYNTHETIC
2883000,28.627501658624727,189493.75891508642,58.6793806323727,53.58585153898234,47.155504086226244,-33.155504086226244,WARNING_2,SYNTHETIC
1938000,16.59050516618783,133393.37129641685,42.2267117107824,44.428889599807256,36.023852837120295,-22.023852837120295,WARNING_1,SYNTHETIC
2576000,27.759532298121883,183342.25514960807,54.28126370744419,54.17049071316125,52.52011666225187,-38.52011666225187,WARNING_2,SYNTHETIC
4936000,43.44999793926335,201852.14416841793,76.9138375184758,83.88252101940151,90.0314372656011,-76.0314372656011,HIGH_RISK,SYNTHETIC
1078000,13.56499240380893,133434.83059947295,41.24423018290132,49.786702821737194,4.408667790028421,9.59133220997158,WARNING_1,SYNTHETIC
3249000,31.28960798016015,198146.56659810734,68.15299910230843,62.94315242078109,57.177769325569436,-43.177769325569436,WARNING_3,SYNTHETIC
3127000,31.932972861460996,193005.78559840188,67.07056787605222,62.66873118278184,58.878899230216625,-44.878899230216625,WARNING_3,SYNTHETIC
2488000,29.93554184301738,182332.70187945061,58.81776649630541,55.27406553202739,49.183553502830634,-35.183553502830634,WARNING_2,SYNTHETIC
940000,3.327950338131538,114471.80641752094,39.866259175249645,30.73041274761759,2.6033594818590817,11.396640518140918,NORMAL,SYNTHETIC
1080000,11.827175223229688,139595.52171199824,48.109558255461835,42.18388158873989,23.121912878387867,-9.121912878387867,WARNING_1,SYNTHETIC
187000,1.8313066789413344,129807.76914720965,35.84162149183296,38.64074470742149,0.5749638022299637,13.425036197770037,NORMAL,SYNTHETIC
2634000,26.39751019557451,184870.6744329994,51.063523864508454,57.54164058483008,47.70914336448473,-33.70914336448473,WARNING_2,SYNTHETIC
2085000,28.111490687376502,189986.74160657264,57.692086914916956,57.31473510920252,49.395631635119,-35.395631635119,WARNING_2,SYNTHETIC
2249000,29.31341090467719,185287.72508918002,54.235042276850045,51.47528765077784,50.55106549300308,-36.55106549300308,WARNING_2,SYNTHETIC
4890000,51.950337235252036,206801.1461732638,81.62986462236516,80.45030080540377,72.14626210409142,-58.14626210409142,HIGH_RISK,SYNTHETIC
2023000,29.96470640658581,187676.64091264416,50.31100766380592,51.21404282509603,49.85601511379592,-35.85601511379592,WARNING_2,SYNTHETIC
3539000,39.33855765449505,191084.2546238402,67.66596965611366,62.46174004663685,61.78898018359522,-47.78898018359522,WARNING_3,SYNTHETIC
4048000,42.90793425876279,207678.9689031983,84.91429101044511,86.12878428564399,76.8637254855098,-62.8637254855098,HIGH_RISK,SYNTHETIC
3606000,32.466959497558584,199602.1660271457,68.43600569065973,67.89929257854725,65.52947426899057,-51.52947426899057,WARNING_3,SYNTHETIC
226000,1.2187635241990555,119399.1188057468,37.052724094776515,36.77175961663324,1.8889730481423785,12.111026951857621,NORMAL,SYNTHETIC
4847000,52.1468259185731,206374.58856243716,83.43076430098144,70.83055508792653,68.44736035798893,-54.44736035798893,HIGH_RISK,SYNTHETIC
1929000,10.554776271356555,178737.99191794696,46.95924425347295,43.57093851032596,24.91648651800413,-10.916486518004131,WARNING_1,SYNTHETIC
3055000,38.70929330394192,199605.55988527084,62.085595988307475,61.93819542967138,61.41500622932449,-47.41500622932449,WARNING_3,SYNTHETIC
4489000,51.55738835151345,246207.24958923907,85.3978692888942,72.33232936468862,68.94609400523713,-54.94609400523713,HIGH_RISK,SYNTHETIC
1404000,15.572235336317451,139734.8901614007,45.46662090592843,49.33089923008879,33.54185971249507,-19.541859712495068,WARNING_1,SYNTHETIC
2179000,26.64326011614476,185997.95073211164,53.86867026987478,59.59349745794091,46.9010682265119,-32.9010682265119,WARNING_2,SYNTHETIC
697000,6.198554188641142,125904.64517165419,30.321493951005614,30.473842338175984,1.5397816267961573,12.460218373203842,NORMAL,SYNTHETIC
1124000,15.5702246037525,133316.57456823112,42.979281848425686,49.44799071380124,39.9899865029768,-25.989986502976798,WARNING_1,SYNTHETIC
3361000,34.82610371405305,193131.26696106515,60.50623180595132,66.09400769987992,65.62987236966198,-51.62987236966198,WARNING_3,SYNTHETIC
4135000,44.5633940332162,226153.04297531626,72.1396483249462,77.08333343142507,80.53283131536978,-66.53283131536978,HIGH_RISK,SYNTHETIC
1778000,17.266880067575528,147746.24698837177,42.09540368394627,48.676993333126525,32.84402293270102,-18.844022932701023,WARNING_1,SYNTHETIC
2858000,26.780491683890236,186171.24987624856,57.87586155021392,55.12981983673743,48.497907584627924,-34.497907584627924,WARNING_2,SYNTHETIC
1037000,11.981948140308912,144228.86890053665,47.411462929305145,44.97167600203457,27.152775986611267,-13.152775986611267,WARNING_1,SYNTHETIC
4456000,58.23674153166764,236187.7358334991,72.04478558823011,79.16802631674184,94.00388728174336,-80.00388728174336,HIGH_RISK,SYNTHETIC
2256000,28.893290760503277,182294.17694372663,57.06957142320138,54.702526889910175,46.124368685903136,-32.124368685903136,WARNING_2,SYNTHETIC
313000,4.234103929013127,110092.37597686655,31.807061957668093,36.166389313959506,2.4952679127906072,11.504732087209392,NORMAL,SYNTHETIC
2281000,28.457407259127073,186043.42999084506,59.511536575274036,50.13682230816727,47.88336609955517,-33.88336609955517,WARNING_2,SYNTHETIC
1416000,10.409644787620582,152489.2723154221,42.14030267128534,49.437128643176,20.33091998736026,-6.330919987360261,WARNING_1,SYNTHETIC
1036000,18.96773529882497,175616.9841296025,41.11667446249136,44.35149644666488,41.73767835338104,-27.737678353381042,WARNING_1,SYNTHETIC
2159000,27.470383745658808,182654.16055514477,59.8088239226759,50.440290724220795,55.47621227677316,-41.47621227677316,WARNING_2,SYNTHETIC
4163000,55.15986299801959,204463.34413287678,84.11792880395072,82.71740093815012,76.94285254036149,-62.942852540361486,HIGH_RISK,SYNTHETIC
1754000,10.950498159004589,151917.39147528284,44.30241899807685,41.45920898507635,29.010568115930532,-15.010568115930532,WARNING_1,SYNTHETIC
3112000,39.90432166285126,197888.52085907184,60.748668660844416,66.83079623180416,62.406964636433386,-48.406964636433386,WARNING_3,SYNTHETIC
2813000,27.056373643707552,189979.9473826951,52.72909425582817,56.72779501068442,46.21988195730702,-32.21988195730702,WARNING_2,SYNTHETIC
2698000,28.7956336008681,188197.67323205082,57.74843681107539,52.508317023496566,50.67170915978376,-36.67170915978376,WARNING_2,SYNTHETIC
3207000,38.61019964995731,193224.77294426784,60.91864996735009,69.20755909892681,64.19996334793778,-50.19996334793778,WARNING_3,SYNTHETIC
4350000,56.88451872248278,204549.92594283097,73.11840857952834,83.83581960726109,93.14982061666456,-79.14982061666456,HIGH_RISK,SYNTHETIC
3431000,36.66775452849784,192273.85893762717,61.772631298173934,65.84268261042062,65.08557638879441,-51.08557638879441,WARNING_3,SYNTHETIC
1506000,11.768077921123503,177139.59541561897,49.64809173685177,45.736206703272984,27.570388084075265,-13.570388084075265,WARNING_1,SYNTHETIC
1923000,13.093196810208601,155436.5024398448,45.80160083559539,43.51044330415973,4.8482540924795385,9.15174590752046,WARNING_1,SYNTHETIC
448000,1.4796027719234013,122519.79113398162,35.82978262065561,33.281008091901995,1.753214667364296,12.246785332635703,NORMAL,SYNTHETIC
4128000,40.91044350944179,221445.90771247423,82.25181172637161,75.42723003525579,73.59879546438516,-59.59879546438516,HIGH_RISK,SYNTHETIC
2528000,21.18362556267366,187709.64587971105,56.59360750430319,56.09754505952048,48.25747708648701,-34.25747708648701,WARNING_2,SYNTHETIC
4969000,41.401074989416976,208976.54052499984,78.95758707879682,74.80299175752195,75.2892160256437,-61.2892160256437,HIGH_RISK,SYNTHETIC
2789000,21.83658379155122,181884.46549597086,52.767651914997515,56.32115567229834,51.62387224931379,-37.62387224931379,WARNING_2,SYNTHETIC
361000,2.053655578809881,117534.68015749753,30.517497456038846,33.46214455361091,1.7171766963126671,12.282823303687334,NORMAL,SYNTHETIC
2183000,20.586738702838247,188646.1142823025,56.34787891860237,51.916314065577126,49.25676575425196,-35.25676575425196,WARNING_2,SYNTHETIC
1134000,18.757605431220465,146460.35435959062,43.1631583798801,42.6582432448164,4.20949706825807,9.79050293174193,WARNING_1,SYNTHETIC
3880000,30.416653418419397,192156.94454585246,64.38741641146463,63.45604825164271,57.254657752190745,-43.254657752190745,WARNING_3,SYNTHETIC
2155000,23.467259537264784,180354.71859184536,51.12877003220171,58.1666102730768,53.825154714732975,-39.825154714732975,WARNING_2,SYNTHETIC
1830000,16.74229882172399,154696.56138676958,49.67485077576005,40.735495672132856,37.1692288270992,-23.169228827099197,WARNING_1,SYNTHETIC
1053000,11.290828580045323,141262.8898926779,44.350771669431765,47.06025011380024,36.84924548116908,-22.849245481169078,WARNING_1,SYNTHETIC
22000,9.54214261467515,129836.15432995257,30.1377735529405,34.74242581425386,1.0816597391770084,12.918340260822992,NORMAL,SYNTHETIC
2066000,24.024212960158327,188985.1590450294,51.766582944119264,57.83452909312816,55.605321426576964,-41.605321426576964,WARNING_2,SYNTHETIC
1653000,13.667780417267103,156255.21469801315,40.5020226391428,41.28476832010636,31.989759961736752,-17.989759961736752,WARNING_1,SYNTHETIC
2587000,29.723332606578623,182171.4926767975,54.755612235272054,57.858851702546,48.93206730307819,-34.93206730307819,WARNING_2,SYNTHETIC
3210000,37.544798657970794,197369.4995491254,67.77953259634032,61.672126139290306,63.6157321894812,-49.6157321894812,WARNING_3,SYNTHETIC
4302000,50.02230255049384,226957.3906193324,72.42624708685223,75.13806627762787,77.78517134978556,-63.78517134978556,HIGH_RISK,SYNTHETIC
4036000,48.13507719245813,230274.85593667618,81.87693449871782,89.29032630348166,67.14536607289061,-53.14536607289061,HIGH_RISK,SYNTHETIC
2325000,20.129967199769837,183407.93040519947,51.88816096032245,55.94237789109623,52.395504907509995,-38.395504907509995,WARNING_2,SYNTHETIC
460000,6.037235719636009,125415.4642733074,38.72987215401707,34.51145744011154,1.378552758517723,12.621447241482278,NORMAL,SYNTHETIC
1067000,13.639132936441396,141310.56880182648,49.479098745847494,44.18814094930577,28.67584961339875,-14.67584961339875,WARNING_1,SYNTHETIC
87000,5.064519626212209,125251.80183925282,33.488606520463975,34.53614178454622,1.92766414844957,12.07233585155043,NORMAL,SYNTHETIC
1430000,13.63735893048403,150558.24574184237,48.34182348648059,40.17818587686457,24.39316146255973,-10.393161462559728,WARNING_1,SYNTHETIC
2647000,28.181539962711103,183497.45539830657,53.315169507197176,57.63319484840834,54.38185710799658,-40.38185710799658,WARNING_2,SYNTHETIC
282000,3.083354865718685,118630.38007374709,33.39023625919827,32.756350510833684,1.9234467453228232,12.076553254677176,NORMAL,SYNTHETIC
462000,9.325015191311238,113656.17540861953,30.904080784718975,30.06715784163385,1.1160784037325362,12.883921596267463,NORMAL,SYNTHETIC
212000,2.7580257346085073,121224.46135780089,38.72531749148498,37.90648806600495,1.4581910348927698,12.54180896510723,NORMAL,SYNTHETIC
2499000,27.734997519136435,183939.40827089807,52.25881859693713,57.098865525242836,55.11064700994103,-41.11064700994103,WARNING_2,SYNTHETIC
1368000,18.299427770411782,157670.35698268685,49.14692778597784,43.40982603621686,35.9206439525087,-21.920643952508698,WARNING_1,SYNTHETIC
234000,9.210604350081859,114281.8457867344,37.48514466893096,31.642533872542668,0.38805573908156077,13.61194426091844,NORMAL,SYNTHETIC
2770000,20.430424632993862,183771.34323646303,55.54632828990433,59.51664720634771,48.84521474980288,-34.84521474980288,WARNING_2,SYNTHETIC
597000,6.577174003009515,113509.24493158175,34.06855839390826,38.82847503466204,0.7090832681865606,13.29091673181344,NORMAL,SYNTHETIC
4420000,52.198846984709775,249400.37363522113,82.16342729636715,72.11633782303643,96.40228856013438,-82.40228856013438,HIGH_RISK,SYNTHETIC
2250000,27.923073426607854,184625.61932288206,50.94564821310145,57.6392104718751,53.41493789562823,-39.41493789562823,WARNING_2,SYNTHETIC
4031000,50.11747574712541,240543.48156065377,77.27416114327849,86.22574472127485,78.17445195829315,-64.17445195829315,HIGH_RISK,SYNTHETIC
2283000,29.558842345999444,180771.9195898441,52.833784698699745,52.47659467356904,53.00961579781473,-39.00961579781473,WARNING_2,SYNTHETIC
662000,2.650824401067524,125658.10548343448,33.94084089415258,38.900146741599215,1.473354018931662,12.526645981068338,NORMAL,SYNTHETIC
4963000,42.337679491682145,200866.55664356676,73.29970514442522,86.34994187291514,83.37505984683604,-69.37505984683604,HIGH_RISK,SYNTHETIC
2285000,21.932847617094282,182847.84586906512,52.09896091698476,56.56502498380656,47.651519993135636,-33.651519993135636,WARNING_2,SYNTHETIC
4716000,48.20612238716828,211093.98220618122,83.06868280362454,73.50047337594017,93.86580008295788,-79.86580008295788,HIGH_RISK,SYNTHETIC
3193000,33.09743816646788,197809.3698770315,63.112290784928675,63.98235341533027,64.36148643575413,-50.36148643575413,WARNING_3,SYNTHETIC
2503000,26.203881507970216,186129.87609574525,58.870363069447286,52.39827046719042,54.94110380686281,-40.94110380686281,WARNING_2,SYNTHETIC
4043000,42.23918089700758,208445.99136797272,70.5209248935273,86.65274347071848,72.44729770675528,-58.44729770675528,HIGH_RISK,SYNTHETIC
779000,8.528325567757154,119353.04904900424,31.352213620039862,39.61833007192368,2.0353758319651116,11.964624168034888,NORMAL,SYNTHETIC
4019000,52.276411633671735,214539.30513745677,79.32829520379217,75.60598587952869,74.99639756614542,-60.99639756614542,HIGH_RISK,SYNTHETIC
3426000,38.816078671128736,193261.8078680188,64.87168839635025,69.37709516244401,64.0207029723669,-50.020702972366905,WARNING_3,SYNTHETIC
4306000,44.26958260399305,241609.84705588443,71.481694998856,80.79850101733297,74.34163797432454,-60.34163797432454,HIGH_RISK,SYNTHETIC
3196000,39.38389051460866,195622.1819389196,65.73823684408293,60.503140163290794,57.45866138376476,-43.45866138376476,WARNING_3,SYNTHETIC
4835000,54.39640962586547,224463.84487859876,75.76431172651574,79.33586271766032,88.75858750491389,-74.75858750491389,HIGH_RISK,SYNTHETIC
685000,4.0209736689343885,114766.7705872412,37.39172321926723,30.945553506633964,1.1740378528189908,12.82596214718101,NORMAL,SYNTHETIC
3169000,36.71162319944242,199335.40533737076,61.582148578185944,67.95311712884465,61.12756651800235,-47.12756651800235,WARNING_3,SYNTHETIC
3926000,38.24380432257253,199626.01479547058,63.93505079781952,69.3194352148018,62.21667956618592,-48.21667956618592,WARNING_3,SYNTHETIC
3434000,32.267096779559346,191686.49203045928,62.87814013535748,68.60043870456883,64.61731756999346,-50.61731756999346,WARNING_3,SYNTHETIC
2171000,23.247300671689583,187085.8931420152,58.43698413553933,51.71811557148055,48.72476987592229,-34.72476987592229,WARNING_2,SYNTHETIC
3689000,39.7363684982462,197244.59992059058,62.86671416847483,60.57119308780755,60.49928611830718,-46.49928611830718,WARNING_3,SYNTHETIC
1850000,19.94912789602223,179779.88073970572,45.51529347988273,43.970502098885426,14.000228414413405,-0.0002284144134048205,WARNING_1,SYNTHETIC
487000,2.985217240197057,119380.10158025344,38.027049761268785,37.4613355572931,0.5138778507939817,13.486122149206018,NORMAL,SYNTHETIC
1688000,17.71636659922971,157898.09118145253,43.80305600729083,40.416101835376786,7.188653333809764,6.811346666190236,WARNING_1,SYNTHETIC
2230000,25.323207474033076,180618.4887173261,55.05205452529633,54.62443313004695,55.21752707074137,-41.21752707074137,WARNING_2,SYNTHETIC
3264000,31.786868521074144,199503.34535180018,67.42002381515236,64.54427925577092,57.08487001295078,-43.08487001295078,WARNING_3,SYNTHETIC
2320000,28.0921752055436,183514.69296104708,54.68288628401491,52.045526402083965,51.82515337135324,-37.82515337135324,WARNING_2,SYNTHETIC
782000,4.999225386628189,115214.0756267189,36.37790040134578,39.32980026649271,2.7656456949619472,11.234354305038053,NORMAL,SYNTHETIC
521000,4.275901844085624,120587.82708052575,35.63316241697962,38.68239128405658,1.358639467675613,12.641360532324388,NORMAL,SYNTHETIC
522000,2.3517935117335864,127656.51132068156,33.68093270996616,31.096558991916982,2.365462006787755,11.634537993212245,NORMAL,SYNTHETIC
2837000,27.143798240707767,189231.17162688432,52.954359962062455,53.78220390163041,49.347590872451946,-35.347590872451946,WARNING_2,SYNTHETIC
4539000,40.65698011147114,201994.01430631446,89.64740719932962,84.6133369058004,91.0605534490231,-77.0605534490231,HIGH_RISK,SYNTHETIC
2398000,29.012496880167106,181487.16936657115,51.028155490610274,56.13811901440371,48.02123229173622,-34.02123229173622,WARNING_2,SYNTHETIC
2207000,22.13502821994004,186455.1796160677,53.341103588719385,58.930306209891505,55.659838001748994,-41.659838001748994,WARNING_2,SYNTHETIC
3477000,38.0267362006279,194788.67235826017,66.2281294162748,65.72242055381125,61.06005950063019,-47.06005950063019,WARNING_3,SYNTHETIC
3552000,36.03286509940773,197599.13192151574,63.69063101224474,61.70066821903796,61.82604276930749,-47.82604276930749,WARNING_3,SYNTHETIC
4087000,43.36699400421007,212973.1643562435,72.25793212257618,84.48817183853654,92.13317373314769,-78.13317373314769,HIGH_RISK,SYNTHETIC
2822000,21.913155958812045,187844.60277321064,50.74353216524736,53.11031001564426,49.86243326853548,-35.86243326853548,WARNING_2,SYNTHETIC
1511000,15.41815282783763,137423.00414939702,45.49726856233176,45.33526346040836,21.81552536001634,-7.815525360016341,WARNING_1,SYNTHETIC
1882000,17.87354074583759,149889.33828239638,43.361180939506504,46.379779872260215,30.832678724991013,-16.832678724991013,WARNING_1,SYNTHETIC
651000,8.881586956176534,115482.68787377217,34.201628545246386,32.10192569751024,2.447408635900655,11.552591364099346,NORMAL,SYNTHETIC
4930000,55.882948456167696,219622.4218341152,71.13006013763865,86.69644205660005,99.60165047440002,-85.60165047440002,HIGH_RISK,SYNTHETIC
3089000,35.32735127608041,192897.84216296085,66.85088823806593,63.774461270615426,60.44680907571263,-46.44680907571263,WARNING_3,SYNTHETIC
369000,8.905625616781515,116882.82156126696,35.214432101579945,34.41041879675393,1.4095049595470193,12.59049504045298,NORMAL,SYNTHETIC
4997000,55.63988373364689,223741.16688555919,86.95657895192124,85.68154103447023,84.90959585966357,-70.90959585966357,HIGH_RISK,SYNTHETIC
118000,4.802418750020912,115412.64304541721,31.08249441474857,32.70610695195194,1.090356612926235,12.909643387073764,NORMAL,SYNTHETIC
3320000,37.27755489027372,198042.29787503125,60.2938693382907,68.85739458300375,58.54833199680759,-44.54833199680759,WARNING_3,SYNTHETIC
3034000,38.47595993270698,192607.19055917943,63.565793764283576,64.30928949949396,65.8709980808608,-51.8709980808608,WARNING_3,SYNTHETIC
2216000,26.96584773472827,188872.23209829576,54.34133287020522,59.37048159438936,54.78896021974143,-40.78896021974143,WARNING_2,SYNTHETIC
3542000,32.352847226436495,193424.37234043793,63.11286482090792,67.45432749871874,63.39453454583308,-49.39453454583308,WARNING_3,SYNTHETIC
1613000,16.55188277148577,135581.6907175611,44.2111121113606,40.79108038377518,13.156545153332416,0.8434548466675835,WARNING_1,SYNTHETIC
3151000,39.810870304328404,191168.68026962437,60.902980377569385,61.509801052477115,64.16901171956792,-50.16901171956792,WARNING_3,SYNTHETIC
962000,2.1594425294501938,121436.83953042218,31.007615211213732,36.947983112487606,1.5618035851465328,12.438196414853467,NORMAL,SYNTHETIC
2510000,25.538826698479642,182713.69768638536,50.14402122098011,53.748195286465226,55.565624867203574,-41.565624867203574,WARNING_2,SYNTHETIC
3831000,33.44130575081059,196889.76051853114,61.57232613477536,67.93709212837061,65.38177476685364,-51.38177476685364,WARNING_3,SYNTHETIC
2823000,24.35737981323501,186548.3620179476,56.46180435907668,58.47695901089915,55.100421498282905,-41.100421498282905,WARNING_2,SYNTHETIC
4343000,44.980169192711195,227054.7199040628,86.76463242349648,84.4909615922126,99.22769181796637,-85.22769181796637,HIGH_RISK,SYNTHETIC
3032000,31.862075042429744,191102.01062136402,65.65339213850255,62.370329887949936,63.17870032349288,-49.17870032349288,WARNING_3,SYNTHETIC
2415000,29.660130593275515,187495.11332731193,59.6629647539581,53.06163235052455,52.0342845640784,-38.0342845640784,WARNING_2,SYNTHETIC
4654000,50.25084300365165,207657.57598314874,86.53734632784312,83.06698379727445,95.06798978831132,-81.06798978831132,HIGH_RISK,SYNTHETIC
4236000,49.14557933110497,218500.6682214012,83.29578300501106,86.49886800426066,86.01204680481348,-72.01204680481348,HIGH_RISK,SYNTHETIC
2185000,20.97923763193868,183976.31451840448,53.96103583516044,52.771768861906544,47.64094870779801,-33.64094870779801,WARNING_2,SYNTHETIC
3669000,33.39794261121093,195283.77158669513,66.6790080615201,65.55761157174537,56.51720248265331,-42.51720248265331,WARNING_3,SYNTHETIC
2037000,26.26066242602983,184557.68354126636,55.36518280210771,56.253301052436356,49.11720950174393,-35.11720950174393,WARNING_2,SYNTHETIC
4362000,58.13322941642229,236154.57830115274,74.99640028707671,85.72862968042396,92.77528289792104,-78.77528289792104,HIGH_RISK,SYNTHETIC
772000,6.1937193683419105,122618.2401554531,38.87422898136737,36.806837756654055,0.2123225813299416,13.787677418670059,NORMAL,SYNTHETIC
1284000,12.077262620508225,171931.66053825925,49.3315526914439,41.14650552729901,24.0328184849677,-10.032818484967699,WARNING_1,SYNTHETIC
4603000,58.028703796114314,217905.3384179622,82.58900524035613,75.90919886544582,82.11836305367656,-68.11836305367656,HIGH_RISK,SYNTHETIC
4794000,41.70496297939716,221297.18398536788,74.85742817618458,77.0300684397672,98.93462573700883,-84.93462573700883,HIGH_RISK,SYNTHETIC
1414000,17.30035474031157,156714.75982128814,46.61611807876581,40.979219859178876,40.0026384670682,-26.002638467068202,WARNING_1,SYNTHETIC
1234000,17.15356470922268,147604.7876489183,46.09790406378262,48.947986466056925,8.074808417157115,5.925191582842885,WARNING_1,SYNTHETIC
2699000,28.48642724264545,188129.4695451119,55.445168601307024,50.70602962040687,51.48417590382033,-37.48417590382033,WARNING_2,SYNTHETIC
435000,2.7756825743276874,129514.72048779321,39.569715846307794,35.619409236011776,1.7886095652393637,12.211390434760636,NORMAL,SYNTHETIC
1674000,15.207314964398902,164152.92779971918,44.73313036713522,41.36060105111581,20.349131373488856,-6.349131373488856,WARNING_1,SYNTHETIC
365000,4.6837530469553394,120445.01787964744,36.852146193661326,33.303178857754254,0.5307663807814071,13.469233619218592,NORMAL,SYNTHETIC
2649000,22.390941723945517,188340.23604600705,54.32865606970008,54.63523240021215,52.54711370593441,-38.54711370593441,WARNING_2,SYNTHETIC
231000,4.688206009983475,121715.42650309445,36.55459392720002,31.121231634723888,0.29172024473834673,13.708279755261653,NORMAL,SYNTHETIC
4267000,55.53068333608273,215590.0860747075,75.2414318763365,80.84680668780265,86.13872213215909,-72.13872213215909,HIGH_RISK,SYNTHETIC
4041000,42.13312179699397,220658.2227770734,76.55899662138015,79.85996964646978,78.23680738232837,-64.23680738232837,HIGH_RISK,SYNTHETIC
4399000,50.78531570061531,202827.5898990519,75.49473967526353,77.87263577469331,90.63522609753872,-76.63522609753872,HIGH_RISK,SYNTHETIC
407000,8.364689901016256,111885.72106976014,32.9741195909358,32.517106417494325,1.2516967219603663,12.748303278039634,NORMAL,SYNTHETIC
2090000,26.704535227972706,185527.94591788854,55.052729090322174,53.57490185244587,50.996761871664404,-36.996761871664404,WARNING_2,SYNTHETIC
86000,7.356762285248763,125293.34457124,33.552178341212,32.052598504652025,1.7099727503100306,12.29002724968997,NORMAL,SYNTHETIC
844000,1.8278332751866833,113347.29999288359,32.09427281459429,39.591018380695346,1.3055544995617703,12.69444550043823,NORMAL,SYNTHETIC
1031000,18.53125408033781,152799.78648985352,42.366444365648654,43.71185520136248,42.46562483992779,-28.46562483992779,WARNING_1,SYNTHETIC
2855000,22.80215364817753,183196.66598146735,56.34322557028467,55.74399690483964,52.157039576331286,-38.157039576331286,WARNING_2,SYNTHETIC
4109000,40.30936910913921,214972.14536966177,85.78792996088481,71.23809679165497,67.91142086551618,-53.91142086551618,HIGH_RISK,SYNTHETIC
4396000,40.300702265496895,203946.05399930218,84.43553093308113,78.81149754074134,74.74127598735154,-60.74127598735154,HIGH_RISK,SYNTHETIC
3893000,36.857109155114216,192063.8935801936,62.22184318116696,61.235063688008175,60.773761419820126,-46.773761419820126,WARNING_3,SYNTHETIC
2658000,24.614426689276907,181457.8302920583,59.487932293756415,56.119955925488256,49.562351624182526,-35.562351624182526,WARNING_2,SYNTHETIC
855000,5.134247815938486,129976.5722190961,39.395448407795435,32.198900427350615,2.8588037578302474,11.141196242169752,NORMAL,SYNTHETIC
78000,5.90188294060325,122644.05000229724,33.01400636720186,36.088078092055945,0.6374754713297988,13.362524528670201,NORMAL,SYNTHETIC
2247000,23.950592126586884,184907.1054949506,57.00706990024564,52.36554927540003,50.164242025927564,-36.164242025927564,WARNING_2,SYNTHETIC
4570000,49.89143507478627,228438.79861115222,79.83614918281121,89.70716318422504,87.35168523043083,-73.35168523043083,HIGH_RISK,SYNTHETIC
3656000,32.335108250424675,194075.37490408696,65.95960604997812,68.24986234724904,63.08428011407564,-49.08428011407564,WARNING_3,SYNTHETIC
4151000,48.052178521535964,248782.36954052324,86.83846483925444,88.93418014476867,67.97053549962695,-53.97053549962695,HIGH_RISK,SYNTHETIC
3378000,33.59785687873914,190506.85923876573,67.39349861187529,69.28889131376127,62.41738021061339,-48.41738021061339,WARNING_3,SYNTHETIC
2279000,29.84001111873194,183064.60500136024,56.600646223118865,55.68650953739536,50.338083831201146,-36.338083831201146,WARNING_2,SYNTHETIC
2598000,20.80123478670966,187138.5096994051,56.51799172388025,53.49937249902845,51.27595008803472,-37.27595008803472,WARNING_2,SYNTHETIC
4159000,57.36314639001873,212128.80684490423,83.53123839172002,75.55302496898216,92.51078245082687,-78.51078245082687,HIGH_RISK,SYNTHETIC
3870000,32.39880172536549,199450.88645274038,69.13458917268227,64.06276672284568,59.954699499440814,-45.954699499440814,WARNING_3,SYNTHETIC
3428000,30.456678733538666,191261.12493588595,65.85062448621214,65.24206806034351,59.86712018327306,-45.86712018327306,WARNING_3,SYNTHETIC
2176000,20.980106624967917,184254.54250302914,54.4501152549708,55.052930954903466,51.530826017230304,-37.530826017230304,WARNING_2,SYNTHETIC
424000,6.332141563300004,117231.98059145325,39.002780996154094,31.541908821896314,1.8581800191178541,12.141819980882145,NORMAL,SYNTHETIC
392000,6.176670399729143,112350.08764505203,33.592043972677374,39.74109618980582,1.6530052186779949,12.346994781322005,NORMAL,SYNTHETIC
4726000,48.379635013862455,242491.20108504314,74.82046854822339,81.99791750596624,72.60502172725303,-58.60502172725303,HIGH_RISK,SYNTHETIC
3693000,37.897963965631355,191498.2554985969,65.64239557256715,64.76884218503659,61.07410933506062,-47.07410933506062,WARNING_3,SYNTHETIC
104000,7.8530079548989935,112766.58140232098,36.06532100407945,36.40945672125223,2.7407625224622856,11.259237477537715,NORMAL,SYNTHETIC
3994000,34.870287634883496,192705.01513814152,61.502858255130796,64.18651025252993,64.61547470787923,-50.61547470787923,WARNING_3,SYNTHETIC
4412000,49.23028883963363,238505.7222460357,86.18278162059619,84.36137734545954,92.1619554304593,-78.1619554304593,HIGH_RISK,SYNTHETIC
1948000,13.746873717675793,165765.79339157318,42.94094297246211,44.5414252037707,30.201776253620046,-16.201776253620046,WARNING_1,SYNTHETIC
1459000,10.72898014812383,165643.8732266285,46.565934208784014,45.559166180146775,44.85813913922271,-30.858139139222708,WARNING_1,SYNTHETIC
3257000,31.94341739135973,190874.15666442935,63.32325589525197,65.3421565728086,61.21000525219449,-47.21000525219449,WARNING_3,SYNTHETIC
2803000,20.70739259467416,187401.17315865986,51.55276800119036,55.6065093625005,46.78572556629514,-32.78572556629514,WARNING_2,SYNTHETIC
2706000,29.80871400638711,185204.13733190214,52.43840860477181,50.70962163807441,49.39979301458988,-35.39979301458988,WARNING_2,SYNTHETIC
4789000,47.90299811449267,247094.00911484487,82.08286329580434,71.44071854141316,91.80145056077188,-77.80145056077188,HIGH_RISK,SYNTHETIC
1587000,13.016748947297968,178336.91199602914,49.977143929000746,44.435366984350296,25.75326043338398,-11.753260433383979,WARNING_1,SYNTHETIC
3659000,37.754549861291686,194369.94411870197,60.668847231037454,65.29615344645762,57.22014095752346,-43.22014095752346,WARNING_3,SYNTHETIC
1731000,18.875364150008437,157134.85953099385,44.43780311887254,45.35695610391133,19.262775052524663,-5.262775052524663,WARNING_1,SYNTHETIC
4764000,42.49034638509994,238596.4257066902,77.1932224069016,74.89610496670873,78.33471531731465,-64.33471531731465,HIGH_RISK,SYNTHETIC
4224000,57.590027533071336,240887.39546471645,75.82667433909926,70.8783582250992,88.9278568213521,-74.9278568213521,HIGH_RISK,SYNTHETIC
3681000,34.154224864504535,196099.31637294943,64.27379612931567,66.72882083476456,64.87620891645678,-50.876208916456775,WARNING_3,SYNTHETIC
1791000,16.937977648910874,146352.5575749768,45.05562281182661,48.56519230951455,8.28380545479069,5.71619454520931,WARNING_1,SYNTHETIC
2355000,26.83480069851099,181575.97646344284,54.34086967319097,55.607913073683555,53.784549579304105,-39.784549579304105,WARNING_2,SYNTHETIC
1940000,16.958140852642106,165411.24080145778,41.76014302324763,41.46942085483042,41.84494990667834,-27.844949906678337,WARNING_1,SYNTHETIC
702000,2.367885763934118,117041.01348478477,33.87864025082621,35.74055505781821,1.1584820174932966,12.841517982506703,NORMAL,SYNTHETIC
2442000,29.8944569651788,182678.64940373096,54.37577383030738,54.04331349984514,47.342589461913214,-33.342589461913214,WARNING_2,SYNTHETIC
4375000,45.93563343141917,232068.4789472057,82.8095356689245,80.81361857749579,72.6937257111842,-58.6937257111842,HIGH_RISK,SYNTHETIC
496000,4.796480117583034,127124.58007593214,35.522531203440096,37.17056966440545,1.540971541868014,12.459028458131986,NORMAL,SYNTHETIC
464000,6.086551499106371,123063.83770045638,32.21737987637099,37.51323775791302,0.6897674677580128,13.310232532241987,NORMAL,SYNTHETIC
4071000,59.85322230843373,203182.92343432517,72.4644077463909,88.84019639289409,80.42431733727267,-66.42431733727267,HIGH_RISK,SYNTHETIC
4333000,45.10745877937974,247418.7403264277,80.83963021794122,80.61044180798487,72.54366847647016,-58.54366847647016,HIGH_RISK,SYNTHETIC
172000,3.2524927969949045,115149.03918647926,35.02679324796067,37.1076153502193,2.9878754417511066,11.012124558248892,NORMAL,SYNTHETIC
4943000,55.42254984306803,226451.9271417998,81.44689472471346,74.88276689916304,66.23787519336696,-52.23787519336696,HIGH_RISK,SYNTHETIC
4796000,54.2670795008804,241715.50574754618,89.58277067342765,80.9917947093746,73.87490969416642,-59.87490969416642,HIGH_RISK,SYNTHETIC
2540000,29.260775502110064,188421.58996939767,53.29549177511903,51.17607679780346,53.93766838685239,-39.93766838685239,WARNING_2,SYNTHETIC
3262000,34.91755461145079,199591.6490959363,61.27395109630895,66.09861265093085,62.52735380290396,-48.52735380290396,WARNING_3,SYNTHETIC
4680000,51.859335759744525,213869.83272477175,83.54622122162164,88.66354652084254,86.38408115426327,-72.38408115426327,HIGH_RISK,SYNTHETIC
2260000,28.383728847436558,185606.80431058936,54.23424791977483,53.67585433322485,51.45314375410036,-37.45314375410036,WARNING_2,SYNTHETIC
2112000,23.32868841198754,181068.89142941174,57.369836608776836,50.62002708906828,51.00878056823003,-37.00878056823003,WARNING_2,SYNTHETIC
900000,5.122066442971585,121634.5459591743,33.83951813477178,31.433500702095387,1.5967209883950988,12.403279011604901,NORMAL,SYNTHETIC
1446000,18.283822516003845,164505.13588911766,46.45835555803348,44.39586944742162,26.381351130520134,-12.381351130520134,WARNING_1,SYNTHETIC
3573000,37.54333918235578,191502.5540150523,67.97374558219872,66.82830578174206,61.98651663179572,-47.98651663179572,WARNING_3,SYNTHETIC
741000,1.9862192647885384,114614.92610534433,38.44408614165573,31.889603842196866,0.8317863597650055,13.168213640234995,NORMAL,SYNTHETIC
2293000,23.541782002673692,185516.5255504736,56.32741810178458,52.023286437533336,54.76031198024944,-40.76031198024944,WARNING_2,SYNTHETIC
2452000,27.921780110920103,183673.54884967752,56.94087110645286,53.763380003002645,46.89710671186943,-32.89710671186943,WARNING_2,SYNTHETIC
2622000,29.085875464391627,184956.15242264303,57.71023818388685,57.87969679588292,55.8202044775471,-41.8202044775471,WARNING_2,SYNTHETIC
4078000,40.93674441722869,237914.5484688891,89.87287434611352,79.95740804869638,82.48471455978368,-68.48471455978368,HIGH_RISK,SYNTHETIC
1206000,10.615678872199931,149788.94472847861,45.48331133673257,44.03783942996452,29.948274966643886,-15.948274966643886,WARNING_1,SYNTHETIC
509000,2.0195391741503617,124904.07685562022,36.42317411671535,32.78074039720023,1.099921904398935,12.900078095601065,NORMAL,SYNTHETIC
2620000,24.913009671705385,187868.8621444709,57.24945439801421,56.149547083390345,52.147439480314965,-38.147439480314965,WARNING_2,SYNTHETIC
2802000,25.9856239488623,187027.42970669057,51.12002375446031,51.23448416825718,48.90270025538131,-34.90270025538131,WARNING_2,SYNTHETIC
3313000,37.39106014308991,199643.12324995152,69.09565047453104,62.155189396656546,62.32189193873731,-48.32189193873731,WARNING_3,SYNTHETIC
1549000,14.602448297438794,143999.60438012,40.170993940017475,46.650195095086104,9.43807570761584,4.561924292384161,WARNING_1,SYNTHETIC
4563000,59.81115715771857,216629.41238772764,72.67590612682915,72.0591218243882,94.57696763858358,-80.57696763858358,HIGH_RISK,SYNTHETIC
2202000,24.270361227006426,186682.27254042999,56.31931127107129,55.38303176496061,54.75456588358668,-40.75456588358668,WARNING_2,SYNTHETIC
2566000,21.82671594731721,184560.28981569613,54.26430582645432,54.27962335749838,52.689710646191706,-38.689710646191706,WARNING_2,SYNTHETIC
3892000,33.48061441828801,193574.29559295374,69.63429037585757,67.92525359452942,64.31839942644393,-50.31839942644393,WARNING_3,SYNTHETIC
2044000,23.388180704008,186109.91946027373,51.300372588929754,59.61853522438603,54.1673238059121,-40.1673238059121,WARNING_2,SYNTHETIC
767000,1.275294913534472,111481.15366738147,36.75344470676188,33.36986618866801,1.7950062547433323,12.204993745256667,NORMAL,SYNTHETIC
4872000,49.964707196894224,217608.6726338655,88.0904450433534,89.87378807841144,91.17452006043794,-77.17452006043794,HIGH_RISK,SYNTHETIC
3738000,31.29143121167651,198462.45687822107,64.7133207165205,63.28522383178395,59.46460482758065,-45.46460482758065,WARNING_3,SYNTHETIC
421000,1.3182318523533267,119658.76778943567,31.97980746416907,33.42269074288023,0.7048720487864959,13.295127951213503,NORMAL,SYNTHETIC
123000,4.659105139101365,113527.12760016152,31.92941736493482,34.54179011702269,1.2786917704932497,12.72130822950675,NORMAL,SYNTHETIC
4162000,48.34616671173028,222293.3752611799,72.61670841853193,78.27302186144804,68.18866933215104,-54.188669332151036,HIGH_RISK,SYNTHETIC
2628000,28.565603260804906,183202.15529893033,52.88918560643257,58.93932771071722,53.153844042092054,-39.153844042092054,WARNING_2,SYNTHETIC
819000,3.404047285207712,122394.3877875928,39.233125623102545,38.409444672987796,1.7466774100737497,12.25332258992625,NORMAL,SYNTHETIC
1403000,11.550735828347287,156232.183185608,45.202107053410934,48.35955897845559,23.002238555221037,-9.002238555221037,WARNING_1,SYNTHETIC
1382000,17.85579350975636,162928.89954614287,49.45546859615395,41.17239447495513,24.174234460303573,-10.174234460303573,WARNING_1,SYNTHETIC
2148000,24.228744832592216,181093.0424309473,52.050581589913314,55.1536197364636,52.51836898986464,-38.51836898986464,WARNING_2,SYNTHETIC
1575000,11.368806479392534,161238.5757425124,49.813719344689105,45.29329084938621,26.913060205807785,-12.913060205807785,WARNING_1,SYNTHETIC
1638000,10.576274427365012,169694.34043007187,45.76895652897064,45.41706582110133,29.28802073705497,-15.288020737054971,WARNING_1,SYNTHETIC
1795000,16.292094478851944,157776.58983238466,47.37978538115416,45.967020412470916,29.192145135068255,-15.192145135068255,WARNING_1,SYNTHETIC
4815000,59.993254301109005,243618.76250123262,80.39175943013086,70.69267143376956,66.45432796692356,-52.45432796692356,HIGH_RISK,SYNTHETIC
399000,4.89236431819746,117944.66602945648,35.55255619900056,36.47963375895788,2.379247265302972,11.620752734697028,NORMAL,SYNTHETIC
2310000,20.363041944305817,184037.9207183996,59.15018658634693,55.77869505724905,46.44611654625846,-32.44611654625846,WARNING_2,SYNTHETIC
882000,9.231356052185154,118166.46045265978,35.49673399262744,37.12886291432101,1.8874603495302182,12.112539650469781,NORMAL,SYNTHETIC
4973000,47.57775842038272,209947.38190927333,72.6054987183131,81.26298875421192,79.07756381319295,-65.07756381319295,HIGH_RISK,SYNTHETIC
2897000,27.63587561952122,182558.7338595909,55.88859654171489,53.511226067953125,47.19941590391576,-33.19941590391576,WARNING_2,SYNTHETIC
1352000,16.611787603481304,168161.02448285374,49.53417048884564,48.09515524770224,17.98712750165413,-3.987127501654129,WARNING_1,SYNTHETIC
2742000,20.373705548368182,189931.12384884074,52.135822684848485,56.3356784310442,53.753760257834536,-39.753760257834536,WARNING_2,SYNTHETIC
4550000,42.01983518574971,205641.89222285492,85.19362529482764,74.2514084855059,67.61387182667201,-53.61387182667201,HIGH_RISK,SYNTHETIC
2130000,28.80732284117633,182405.66032698003,55.20832942547671,56.57475165652453,54.66399481314226,-40.66399481314226,WARNING_2,SYNTHETIC
982000,7.526208768037335,127034.44365505037,30.99509642865457,35.81247022853352,1.0700727497740794,12.929927250225921,NORMAL,SYNTHETIC
456000,9.624239180076895,114518.57915833565,36.06196428887811,39.37565258772947,0.6171379077026591,13.38286209229734,NORMAL,SYNTHETIC
4119000,43.074621693170705,238485.4482604858,81.20413129848785,73.44488455460093,93.95561165735208,-79.95561165735208,HIGH_RISK,SYNTHETIC
1079000,17.2013761151934,172808.05196644593,49.56330018416415,49.89176838276625,17.49714774076368,-3.4971477407636797,WARNING_1,SYNTHETIC
1950000,13.535606497105544,159770.04357938428,46.58736719111743,43.02174750379756,3.2908852079470283,10.709114792052972,WARNING_1,SYNTHETIC
4314000,58.722479672340114,242493.64855242107,79.32396578624282,87.1021374326937,88.17398293363081,-74.17398293363081,HIGH_RISK,SYNTHETIC
689000,5.759538405115571,117902.03675095782,35.111437634299435,33.814102284029026,2.240062199106117,11.759937800893884,NORMAL,SYNTHETIC
2429000,26.147259763934077,188865.34241902624,54.540713228642765,59.695237463308295,53.02663752425248,-39.02663752425248,WARNING_2,SYNTHETIC
641000,8.047670010538361,111955.75994890886,37.59985011496153,30.302099482420704,0.20259309884793378,13.797406901152065,NORMAL,SYNTHETIC
2392000,25.80521477491766,187025.98442680112,57.66140812599235,57.75598926309695,50.50815359124421,-36.50815359124421,WARNING_2,SYNTHETIC
1953000,10.551248471308691,161598.31687071663,40.67954883408671,49.70051734474176,23.96961751031366,-9.969617510313661,WARNING_1,SYNTHETIC
2748000,24.305374362714048,183100.68749694517,54.12164347832777,51.76850751004281,55.57759738008434,-41.57759738008434,WARNING_2,SYNTHETIC
4313000,47.70109873856995,201970.224632682,85.78940734332866,81.67260649456813,83.8102219435325,-69.8102219435325,HIGH_RISK,SYNTHETIC
3435000,33.8773042617408,197088.93155931708,68.38060584128658,66.14956111784977,63.64589855502748,-49.64589855502748,WARNING_3,SYNTHETIC
3336000,36.231734913575714,191117.96209037182,69.22463371909305,63.124768785330076,63.95953463521642,-49.95953463521642,WARNING_3,SYNTHETIC
4766000,56.68364651015996,217789.51265079845,86.35567406547376,78.06134536476284,78.8969475804871,-64.8969475804871,HIGH_RISK,SYNTHETIC
3370000,38.76577778959773,193691.93260536512,64.7585788969165,66.74189177248398,62.07955862369408,-48.07955862369408,WARNING_3,SYNTHETIC
1884000,14.975748501913117,176865.6278872622,40.69203197179814,45.047048410993206,12.768975520904732,1.231024479095268,WARNING_1,SYNTHETIC
389000,8.484696376878887,110902.29491418556,30.7186216584096,32.68513647639822,1.8295964312767672,12.170403568723232,NORMAL,SYNTHETIC
2494000,29.01440086682321,186949.78907253584,56.46857991567617,56.233559242778796,48.85740526735762,-34.85740526735762,WARNING_2,SYNTHETIC
3878000,36.454250016820396,193072.9915980169,61.60908101965219,64.9061152824994,57.51157619549323,-43.51157619549323,WARNING_3,SYNTHETIC
3856000,37.618568288375904,192450.8810011203,67.30018817808403,65.61018423960626,63.20169788188083,-49.20169788188083,WARNING_3,SYNTHETIC
845000,8.828976510743496,122532.78435394962,35.87821929569029,35.083441626953906,1.0440926703664475,12.955907329633552,NORMAL,SYNTHETIC
542000,8.383813631759079,117216.21122835031,33.39717054162077,38.858886951442,2.9710437906808824,11.028956209319118,NORMAL,SYNTHETIC
91000,7.127619300684078,122896.3838871858,38.5262271903945,39.16058331301828,2.341476255396352,11.658523744603649,NORMAL,SYNTHETIC
3889000,31.09757060097529,197863.40053586214,63.8253525291247,67.86096563308124,57.51641396219001,-43.51641396219001,WARNING_3,SYNTHETIC
1979000,16.692555535964683,165258.41619537107,44.495778381074615,46.28858963823786,8.49952932247584,5.500470677524159,WARNING_1,SYNTHETIC
2812000,23.085588285109793,189332.45432009068,50.45247743524394,56.957889609015496,54.72296537462054,-40.72296537462054,WARNING_2,SYNTHETIC
4082000,53.63523167285104,214645.47575784026,86.66874074887045,77.02250217312702,84.62347189034844,-70.62347189034844,HIGH_RISK,SYNTHETIC
2902000,24.08957342978085,184571.4566247042,57.88013296514977,56.51246557786226,46.99788495174314,-32.99788495174314,WARNING_2,SYNTHETIC
2529000,25.141793544348168,186023.4684272134,51.715854801473796,56.00977920106147,47.61990642165103,-33.61990642165103,WARNING_2,SYNTHETIC
1676000,11.732662545225274,151785.0470127396,42.72712883939244,47.79660808417289,28.438201938697855,-14.438201938697855,WARNING_1,SYNTHETIC
1048000,11.67526569619568,143308.82475638224,45.14910476436475,45.541175008481076,45.66837994004292,-31.668379940042918,WARNING_1,SYNTHETIC
1960000,10.242904547512317,147840.26383425022,41.50492982296241,42.51331285021344,22.819209945894098,-8.819209945894098,WARNING_1,SYNTHETIC
2530000,26.98660964288696,185777.13033076108,51.885212019170154,57.87648521405604,48.19470917673327,-34.19470917673327,WARNING_2,SYNTHETIC
3992000,31.168387678359615,196657.12630234315,66.76337038248066,66.06806814680783,62.700524799167,-48.700524799167,WARNING_3,SYNTHETIC
237000,7.90591835341925,118454.68068544124,33.20160968892869,32.8486469044389,2.63083351428139,11.36916648571861,NORMAL,SYNTHETIC
3097000,36.11321584108219,190810.26810453026,65.262187574149,65.42154978786479,60.91622059264776,-46.91622059264776,WARNING_3,SYNTHETIC
3488000,33.58491071065229,195028.46016761594,65.66122506429669,65.67269250929992,57.48312671254788,-43.48312671254788,WARNING_3,SYNTHETIC
1133000,14.829747327994241,143173.51788717427,44.281268650048005,48.26016419855226,28.29547796521914,-14.295477965219138,WARNING_1,SYNTHETIC
1805000,17.2963169562764,168641.51289915942,46.892301604572424,45.54338097555893,40.35865694815879,-26.35865694815879,WARNING_1,SYNTHETIC
4317000,51.933792386386486,224505.43122935982,83.71920039661312,81.55337708542015,68.28389825815647,-54.28389825815647,HIGH_RISK,SYNTHETIC
163000,1.329230494350382,113360.01697155742,34.251026319923064,37.149243028961905,1.3098075350947767,12.690192464905223,NORMAL,SYNTHETIC
3492000,38.965134294042215,195491.66936006543,67.81134231280042,60.21441208314205,59.065285524558156,-45.065285524558156,WARNING_3,SYNTHETIC
4709000,53.25259373322731,240617.47371398789,75.39557781678116,84.07234737236904,69.07122916906351,-55.071229169063514,HIGH_RISK,SYNTHETIC
4630000,46.856559460264236,205744.55726245735,80.51882867431132,78.19433726218378,89.99664315467226,-75.99664315467226,HIGH_RISK,SYNTHETIC
3453000,31.23735249762165,194762.54574347445,60.69988301877335,68.44625737572426,57.86641474480334,-43.86641474480334,WARNING_3,SYNTHETIC
3199000,35.939440854193215,192970.4601905047,69.07618203761834,61.11555966270768,59.79899722351606,-45.79899722351606,WARNING_3,SYNTHETIC
3634000,37.57044266152546,195592.17687998438,69.9956339266167,68.8226169598567,63.67579086581865,-49.67579086581865,WARNING_3,SYNTHETIC
3939000,31.61139577892431,190847.21761049778,67.69985255351503,69.9623221675949,59.91160174349317,-45.91160174349317,WARNING_3,SYNTHETIC
1811000,10.839461888328204,144290.33806305274,45.92899161244886,49.922942783729276,19.46887140062166,-5.4688714006216586,WARNING_1,SYNTHETIC
3649000,31.776577131288246,199643.756060597,68.00215016437528,61.970957978497125,56.13511478819548,-42.13511478819548,WARNING_3,SYNTHETIC
4049000,52.60472468076834,209758.6834484606,88.65848479585087,77.53954735304339,74.59850118965498,-60.59850118965498,HIGH_RISK,SYNTHETIC
1428000,19.285598359023847,153335.86379749453,46.03384188044926,49.64449074913069,32.64381787997734,-18.64381787997734,WARNING_1,SYNTHETIC
3613000,30.413840177633894,196604.56016013087,66.09201552110098,68.89582514663756,59.44666104952653,-45.44666104952653,WARNING_3,SYNTHETIC
3131000,30.679600979849447,198639.82856126796,61.7228871476943,60.17716149464381,64.42181944404679,-50.42181944404679,WARNING_3,SYNTHETIC
3396000,38.24667565102684,194167.69599281534,60.142867678329594,64.83237822155502,60.25616714051633,-46.25616714051633,WARNING_3,SYNTHETIC
4460000,55.555626550560106,203879.07131239213,82.86461078629614,76.49839395041157,88.65590269816889,-74.65590269816889,HIGH_RISK,SYNTHETIC
4649000,40.55744081735336,243663.2805399757,73.26538331144403,75.34473439679635,99.2781950892223,-85.2781950892223,HIGH_RISK,SYNTHETIC
2820000,29.57687896319494,187872.26276896533,52.00343460370795,59.96580276599544,46.5410899451801,-32.5410899451801,WARNING_2,SYNTHETIC
1452000,17.500308288863135,154542.08748134293,44.24205659116867,41.614186564525696,37.4640601717693,-23.464060171769297,WARNING_1,SYNTHETIC
593000,6.266599285708082,118057.5921701526,31.24410388726524,30.868004433507235,0.7676209127755131,13.232379087224487,NORMAL,SYNTHETIC
41000,8.32756812530897,123349.79846293516,37.87555584863217,39.24280383679061,2.309801577647708,11.690198422352292,NORMAL,SYNTHETIC
560000,1.7402149441005619,129976.59274667318,36.17669460553639,37.11069353977652,2.972407719356137,11.027592280643862,NORMAL,SYNTHETIC
3273000,36.818871845190166,196579.97804917948,66.55758562528032,63.89148612157242,58.349621461784565,-44.349621461784565,WARNING_3,SYNTHETIC
3244000,38.929679344763045,192649.1421949548,68.21475367933792,61.86934321891181,62.03080487365818,-48.03080487365818,WARNING_3,SYNTHETIC
243000,5.670772397271671,111105.40819002455,32.54549314627282,32.999249058278956,1.6246207885657475,12.375379211434252,NORMAL,SYNTHETIC
1339000,12.843590092179799,165690.7469009183,49.02897496223682,47.36186371898237,16.486742653583686,-2.4867426535836863,WARNING_1,SYNTHETIC
2780000,24.70332750636459,180448.76234448983,51.09217837368485,54.05909125567366,51.61096703985746,-37.61096703985746,WARNING_2,SYNTHETIC
3187000,38.21230898312369,197981.19569266774,69.70603531379831,65.59871656039623,63.867087183862346,-49.867087183862346,WARNING_3,SYNTHETIC
3799000,39.14947591504858,194910.1688843091,67.64042472563182,63.76836862401181,58.45248338386931,-44.45248338386931,WARNING_3,SYNTHETIC
1442000,18.20514809425984,171899.14693200515,47.16804855429848,43.282780730233156,33.36664759422888,-19.36664759422888,WARNING_1,SYNTHETIC
261000,8.257044876015804,118025.29928372227,39.867119124482,36.961163576130126,2.685507294452004,11.314492705547996,NORMAL,SYNTHETIC
2764000,26.393659229912036,189353.81399099203,54.63286227580369,56.59031755032631,48.125101457578985,-34.125101457578985,WARNING_2,SYNTHETIC
1689000,18.931191208734106,153774.94140140447,43.74936922328148,48.26961428012811,9.631151893929562,4.368848106070438,WARNING_1,SYNTHETIC
1725000,18.827475678657386,149472.85591522386,43.99244920530155,49.26109247490932,37.62153680608514,-23.62153680608514,WARNING_1,SYNTHETIC
4792000,57.80712490900932,238229.97396260186,72.25146155614044,81.2750799165913,99.13800479282371,-85.13800479282371,HIGH_RISK,SYNTHETIC
834000,7.386772785495818,114338.32245611577,36.83844684334076,32.903092567076705,1.1301957805858545,12.869804219414146,NORMAL,SYNTHETIC
1866000,18.280002859762675,155880.83714384935,40.271200941706354,40.994283661978116,3.1244983196960887,10.87550168030391,WARNING_1,SYNTHETIC
2496000,23.50714752929935,180160.40844722796,54.61008787311614,52.69703667174572,55.991317662102716,-41.991317662102716,WARNING_2,SYNTHETIC
2010000,27.278631731563767,185656.10131784328,59.55868803612341,54.58468359453668,54.953289869021624,-40.953289869021624,WARNING_2,SYNTHETIC
340000,2.209189784332659,112022.1233187117,31.70319088111829,33.40138953688479,0.556794679003279,13.443205320996721,NORMAL,SYNTHETIC
2988000,22.673173368701665,189380.53068308122,56.31402643298582,58.398810030444864,50.79421891837595,-36.79421891837595,WARNING_2,SYNTHETIC
1601000,10.766310299623065,135720.66347450638,49.84679532868565,40.600884687701125,11.476048876005356,2.523951123994644,WARNING_1,SYNTHETIC
3875000,36.576120379959185,190570.54739666494,61.035179246621595,65.48146920977719,63.3578890262556,-49.3578890262556,WARNING_3,SYNTHETIC
4694000,53.35743064098665,224427.79673568602,84.86823281583689,84.11933507338549,88.03386137829368,-74.03386137829368,HIGH_RISK,SYNTHETIC
480000,4.597291362972535,118435.32125429122,35.05153394858749,34.421485574644954,1.4857490679377827,12.514250932062218,NORMAL,SYNTHETIC
2825000,26.52518463145885,182858.1231428855,58.40116604595409,56.80930484016922,53.67792513298478,-39.67792513298478,WARNING_2,SYNTHETIC
4329000,56.18604814589007,219007.7915713072,79.27762383915731,87.53761016794068,85.96506948206861,-71.96506948206861,HIGH_RISK,SYNTHETIC
3540000,33.74527640110603,199846.6962595323,69.47558376115938,67.2198471180454,56.441679226871976,-42.441679226871976,WARNING_3,SYNTHETIC
4638000,43.19712782969619,244293.24261788567,77.78741780529985,81.71143206081938,95.44172809813396,-81.44172809813396,HIGH_RISK,SYNTHETIC
3046000,31.026851922758016,194646.79561620974,61.038502281927435,61.06508010623228,61.80753593307025,-47.80753593307025,WARNING_3,SYNTHETIC
3990000,32.16417898735885,194142.56150276418,60.12323131144325,65.50874570279763,61.40370280576576,-47.40370280576576,WARNING_3,SYNTHETIC
1766000,13.648232195770746,171603.58830399383,47.30281481831053,47.99946000428805,13.828490228478925,0.17150977152107494,WARNING_1,SYNTHETIC
4473000,58.25806182035677,211951.51253705725,73.2286294195297,88.51522113963499,85.04250367487606,-71.04250367487606,HIGH_RISK,SYNTHETIC
2453000,22.05655823060785,180884.3198580765,57.09642072418757,55.392603567518435,51.75833524630665,-37.75833524630665,WARNING_2,SYNTHETIC
2877000,25.010447218291006,180389.86856924044,51.881364336615746,52.78864246956241,50.946515972601546,-36.946515972601546,WARNING_2,SYNTHETIC
3815000,37.789529215438606,196498.4320825395,65.83694330721306,69.09939233110873,58.02197015286193,-44.02197015286193,WARNING_3,SYNTHETIC
4016000,49.326736919488695,222049.58159108166,71.46533537263385,73.2926343123942,93.5038079028051,-79.5038079028051,HIGH_RISK,SYNTHETIC
4677000,52.91831278348439,205083.6050315019,78.6993097163043,73.31269790587346,90.55951904748648,-76.55951904748648,HIGH_RISK,SYNTHETIC
3679000,37.35340554734442,193782.1997985256,65.13702328568957,66.44277684344844,58.93413756445905,-44.93413756445905,WARNING_3,SYNTHETIC
1271000,18.764893911198563,141065.3431927429,49.19177400296511,41.65395776837357,35.5690913753624,-21.569091375362397,WARNING_1,SYNTHETIC
3077000,37.184327905929415,193481.36387793784,67.92524630507718,64.91383496447301,63.36006761726448,-49.36006761726448,WARNING_3,SYNTHETIC
4501000,41.60899841581076,220552.48484269952,74.16718149169381,81.23073885298929,83.64995032696157,-69.64995032696157,HIGH_RISK,SYNTHETIC
3094000,35.77848027702776,199493.95456152598,68.70299102059055,64.14299920717153,57.90627972818232,-43.90627972818232,WARNING_3,SYNTHETIC
4653000,52.80592760138195,242426.4612883787,80.84870937589,82.47606741950426,81.99933541267546,-67.99933541267546,HIGH_RISK,SYNTHETIC
347000,3.2297735137848473,117399.68735694396,38.35530198111091,35.89624852905317,2.6560910258609662,11.343908974139033,NORMAL,SYNTHETIC
3881000,34.33037274733854,190382.8536567584,63.31523398530388,66.25553743728713,59.10489505489713,-45.10489505489713,WARNING_3,SYNTHETIC
4623000,53.7069053711799,246742.13986080908,70.34747950197676,80.27627845783653,86.70676949041527,-72.70676949041527,HIGH_RISK,SYNTHETIC
2562000,28.11374377330048,184415.2646527167,57.48680362109965,57.96076927458265,55.98167676689728,-41.98167676689728,WARNING_2,SYNTHETIC
4590000,48.68578075204742,220806.3637564709,71.70580882659634,82.51024096500096,82.97941925363581,-68.97941925363581,HIGH_RISK,SYNTHETIC
1423000,10.160293768783754,169143.1029745546,45.01441746415202,49.67027301661908,11.820678653354099,2.179321346645901,WARNING_1,SYNTHETIC
656000,8.509433106067725,114493.78949091748,33.94425929572595,31.585300291194585,2.6698379974674067,11.330162002532592,NORMAL,SYNTHETIC
2102000,29.372109135747216,186671.83963484765,54.225487529092504,54.17482051764758,55.07236207097776,-41.07236207097776,WARNING_2,SYNTHETIC
632000,1.3253423993703333,122845.04837135987,38.877616757138874,35.98858370100353,1.1126980877821284,12.887301912217872,NORMAL,SYNTHETIC
2892000,28.713619925022137,185989.01817557693,52.84909788319145,58.87836395773496,47.797926889545906,-33.797926889545906,WARNING_2,SYNTHETIC
2493000,24.443378177029416,181703.29459569592,58.23065262868902,54.07324960065992,54.93153997982753,-40.93153997982753,WARNING_2,SYNTHETIC
2665000,26.268915121982932,186554.42258804606,54.503162980583014,53.11139168677501,50.878605164235275,-36.878605164235275,WARNING_2,SYNTHETIC
4015000,44.56106051217754,215002.66789965687,80.24565369997032,79.84395232515354,99.70100705628207,-85.70100705628207,HIGH_RISK,SYNTHETIC
3662000,39.05270414906009,192447.37404057122,61.445533789124624,65.43271662156154,60.86125007230039,-46.86125007230039,WARNING_3,SYNTHETIC
3307000,38.37124362262309,194686.43545000732,69.59959047936705,62.79391547156947,57.735008385935856,-43.735008385935856,WARNING_3,SYNTHETIC
3096000,37.14652625626637,193934.8070861559,63.199955486644214,62.372583901754766,60.738534919000415,-46.738534919000415,WARNING_3,SYNTHETIC
3919000,38.99878249486716,191133.46257314982,63.56128343887176,64.39636726066367,65.39154445547122,-51.39154445547122,WARNING_3,SYNTHETIC
2500000,23.722698726248108,185188.98010059327,57.387487980379795,58.30901101313011,47.1204884511133,-33.1204884511133,WARNING_2,SYNTHETIC
1465000,18.11671487257475,172765.7280820522,40.13447104447766,45.08640118167301,13.207679064246264,0.792320935753736,WARNING_1,SYNTHETIC
2833000,26.875857409809452,184412.66998435685,51.6519607443,58.41670573860901,48.40267650822895,-34.40267650822895,WARNING_2,SYNTHETIC
115000,8.538205700012906,111392.81273182789,39.27668402454221,36.324462346907865,0.9500516858163301,13.04994831418367,NORMAL,SYNTHETIC
1821000,18.470647384994454,176822.60928450973,45.822588554407325,44.06054416228508,42.22676474491192,-28.226764744911918,WARNING_1,SYNTHETIC
1494000,18.618253528549992,172394.11926118116,48.99956005729323,46.09062567618276,6.622858287071278,7.377141712928722,WARNING_1,SYNTHETIC
2401000,21.613032692810865,185727.6449645715,57.939221028149674,54.715789288684626,48.873920118572684,-34.873920118572684,WARNING_2,SYNTHETIC
1232000,14.1188495351309,170925.12669493986,42.04802125264222,49.24636288729217,28.718081928215945,-14.718081928215945,WARNING_1,SYNTHETIC
2661000,27.04809812874922,184173.09708340958,53.3202106300132,55.59769466276379,50.783451279387286,-36.783451279387286,WARNING_2,SYNTHETIC
4100000,41.63805739171062,205260.43936081493,86.80448748510663,73.16910086943793,76.72268061836108,-62.72268061836108,HIGH_RISK,SYNTHETIC
4573000,55.77710829961134,212962.72548505085,77.11638271467476,83.4487817586243,81.20514811318291,-67.20514811318291,HIGH_RISK,SYNTHETIC
1153000,12.251584841367643,144152.3413706437,45.827667268227266,48.86793614748064,44.813880763125454,-30.813880763125454,WARNING_1,SYNTHETIC
3848000,39.92484166346118,191602.6793863119,61.0025276174477,69.54044300987509,63.19895452998268,-49.19895452998268,WARNING_3,SYNTHETIC
57000,6.004922524385465,114050.44815848372,34.74876836475704,31.516637087794447,2.8695766962296045,11.130423303770396,NORMAL,SYNTHETIC
4104000,53.68630094812446,235754.72209542603,73.4149866645019,73.069489659274,91.91415761631873,-77.91415761631873,HIGH_RISK,SYNTHETIC
4288000,55.898710240611265,213233.0458923181,70.82737157445179,74.8794472696304,96.27666241342882,-82.27666241342882,HIGH_RISK,SYNTHETIC
4945000,50.97833517661917,241312.309999083,78.47269381406063,72.21143855891668,68.89965426181153,-54.899654261811534,HIGH_RISK,SYNTHETIC
1735000,19.52773829787975,178850.3413944316,44.027072079887674,42.812807647964334,28.400499747978003,-14.400499747978003,WARNING_1,SYNTHETIC
2196000,21.08107604852503,180167.7040108151,51.54666596802983,58.71929510289659,47.983006574210506,-33.983006574210506,WARNING_2,SYNTHETIC
3553000,36.54574331849608,199694.30845496728,64.0619730225952,66.98008507060955,57.7756451619975,-43.7756451619975,WARNING_3,SYNTHETIC
2475000,20.7613572596097,180245.13044799393,56.92089752773546,55.96866995383874,53.99181866960007,-39.99181866960007,WARNING_2,SYNTHETIC
2564000,26.326859988273576,181534.75086075667,53.56872867509302,56.71747558684457,53.32021081490195,-39.32021081490195,WARNING_2,SYNTHETIC
3158000,36.32683047836997,199081.3200624695,69.69940534218314,69.72205256102608,57.253116895249654,-43.253116895249654,WARNING_3,SYNTHETIC
4034000,54.46857611967813,232485.51130717734,78.40574396078675,80.92655143637674,83.36225737330494,-69.36225737330494,HIGH_RISK,SYNTHETIC
3655000,36.11868724378478,197862.03271910275,67.37589531144516,66.1345514986031,62.78777333303833,-48.78777333303833,WARNING_3,SYNTHETIC
707000,7.89765216250628,118247.49828594449,32.29948017818632,36.700931741485704,1.398103936901892,12.601896063098108,NORMAL,SYNTHETIC
4280000,41.32070072255152,228231.26908431962,85.31935565166383,81.13206236276832,73.18137400627454,-59.18137400627454,HIGH_RISK,SYNTHETIC
1093000,13.707135006218275,160348.9797516209,47.7134388542757,49.90321430418409,12.650542308057732,1.349457691942268,WARNING_1,SYNTHETIC
4839000,59.09030068825041,248936.3287260941,80.65737556599757,70.12816145175223,74.46714449155334,-60.46714449155334,HIGH_RISK,SYNTHETIC
1376000,12.630714665293988,144805.09984481125,40.884273555623665,47.25928988114302,45.946538267713734,-31.946538267713734,WARNING_1,SYNTHETIC
4913000,55.87041381871916,244770.21772744806,88.28237014865817,77.49608914262006,86.49284684477257,-72.49284684477257,HIGH_RISK,SYNTHETIC
72000,8.509947044759862,118878.85772791953,32.7948737357019,38.15763611595413,1.375044059866603,12.624955940133397,NORMAL,SYNTHETIC
1922000,17.49389046905002,151006.80502495315,48.15531395847413,40.169259823912796,28.61713003570852,-14.61713003570852,WARNING_1,SYNTHETIC
3173000,38.475916618130036,190681.08064547656,62.65600031281633,69.14970169109189,59.1630434183617,-45.1630434183617,WARNING_3,SYNTHETIC
1764000,14.752900330102172,145863.11264613882,46.38479336419407,44.04559671902016,22.518247550523125,-8.518247550523125,WARNING_1,SYNTHETIC
743000,1.0108509501047915,129170.30587950905,37.648120006111284,35.10756486748515,1.0005898567434393,12.999410143256561,NORMAL,SYNTHETIC
4318000,50.53008098099586,231996.11209382024,75.86228720872779,72.62633069651406,90.26901463167813,-76.26901463167813,HIGH_RISK,SYNTHETIC
1005000,14.451915015483253,154933.8930036096,44.59917110882555,47.05353883372252,33.363943178303025,-19.363943178303025,WARNING_1,SYNTHETIC
2668000,21.880246270992753,184563.4959678778,54.22449958527234,56.288205976513076,47.22521504134854,-33.22521504134854,WARNING_2,SYNTHETIC
1190000,16.123325790784907,171989.5414051852,45.31364623912773,46.71776506527665,23.00843268279187,-9.00843268279187,WARNING_1,SYNTHETIC
4631000,50.74549342443456,206557.4057847465,86.30048297084502,84.38010269965446,94.911258858275,-80.911258858275,HIGH_RISK,SYNTHETIC
2601000,27.627126283528774,181276.47275127066,59.12873239597452,50.62277922747534,54.70764748537473,-40.70764748537473,WARNING_2,SYNTHETIC
1125000,10.514429101527696,145892.6838466737,49.97779741090532,43.626110437210556,44.21869822460925,-30.21869822460925,WARNING_1,SYNTHETIC
1241000,13.0034075847436,138864.17661376979,42.96992755160309,49.58392716928411,24.27700192740621,-10.27700192740621,WARNING_1,SYNTHETIC
4606000,49.05615364205398,229593.7532526691,74.19118729590733,78.38325749976708,92.78617865511777,-78.78617865511777,HIGH_RISK,SYNTHETIC
4130000,47.39507970737888,241083.59081369132,88.25827975356219,86.05164880117127,96.2095687419164,-82.2095687419164,HIGH_RISK,SYNTHETIC
3442000,37.032687581014,192262.56685478188,66.25257552977965,61.090924250728136,59.431164516535375,-45.431164516535375,WARNING_3,SYNTHETIC
998000,9.741642786018367,126913.98801293944,39.79243239586794,33.39662463804297,1.1889259232186904,12.81107407678131,NORMAL,SYNTHETIC
3386000,32.31161236456526,192016.62704945094,67.43447129997405,69.51589541309231,62.63247133703203,-48.63247133703203,WARNING_3,SYNTHETIC
2684000,27.00894198589025,188441.80223276257,51.28128789317059,53.32219800403205,50.000469613755946,-36.000469613755946,WARNING_2,SYNTHETIC
1577000,16.799712431945192,167880.96127921774,40.37772030685719,42.67413146856368,32.37417199608932,-18.374171996089323,WARNING_1,SYNTHETIC
4790000,53.62018472199122,227149.6261368233,80.41571118090265,86.34170673250362,92.78207033027888,-78.78207033027888,HIGH_RISK,SYNTHETIC
1826000,16.89856957562471,130749.76532122376,47.92372514403495,47.24126228142397,42.11846189549109,-28.118461895491087,WARNING_1,SYNTHETIC
3292000,37.27807704861085,192696.9546252571,69.94314055369826,69.07766601449312,61.974516463832195,-47.974516463832195,WARNING_3,SYNTHETIC
4989000,42.364440637138216,203837.82502822514,76.88768213684098,85.0565170573197,67.58855984733184,-53.58855984733184,HIGH_RISK,SYNTHETIC
3536000,35.241320191336925,194096.7091443252,67.17257846329294,63.13051705948977,63.84514095821671,-49.84514095821671,WARNING_3,SYNTHETIC
440000,8.489953677905028,114727.20870767088,39.97667392338636,32.64033702275614,0.3144359713606881,13.685564028639313,NORMAL,SYNTHETIC
4951000,58.33428102126484,216039.35753122566,86.48817147104823,72.40688156978732,94.23964962625621,-80.23964962625621,HIGH_RISK,SYNTHETIC
1100000,15.676235711456066,157643.5458147863,43.46067350864984,42.07059363662239,16.578899264797116,-2.5788992647971156,WARNING_1,SYNTHETIC
4010000,48.86825979157612,229960.18478229153,78.93447061247117,74.49418852808842,99.0999611731714,-85.0999611731714,HIGH_RISK,SYNTHETIC
3058000,38.808335604108734,197670.1942200792,64.09302396674299,68.66718453954998,59.453439464477526,-45.453439464477526,WARNING_3,SYNTHETIC
649000,1.2605441443317962,126054.41210576732,38.463430169899695,38.59178478696897,1.4983728303519441,12.501627169648057,NORMAL,SYNTHETIC
1546000,19.718603636589755,131777.4603715331,45.36628971392542,47.484764260825635,32.034824570301474,-18.034824570301474,WARNING_1,SYNTHETIC
4756000,57.99886535454917,244963.8671989842,77.23132704933731,81.19346222494866,95.94156703959086,-81.94156703959086,HIGH_RISK,SYNTHETIC
3560000,30.7012638935763,197548.1547081603,61.0274221746359,64.16745390409858,56.66416227119472,-42.66416227119472,WARNING_3,SYNTHETIC
3886000,39.32243100940728,196864.60204044118,68.05271342343248,65.83493256284972,59.159370292598254,-45.159370292598254,WARNING_3,SYNTHETIC
3741000,35.41148718483118,196461.14634221053,67.26285690450464,60.38306270540436,64.02939603136456,-50.029396031364556,WARNING_3,SYNTHETIC
630000,9.13737467153502,119588.34149611782,30.82427989457127,31.063886830124076,0.964214434899437,13.035785565100563,NORMAL,SYNTHETIC
672000,9.778704327913673,125199.3376740146,33.98644820853415,32.962547353793056,0.2977642171036902,13.70223578289631,NORMAL,SYNTHETIC
1249000,18.236517582697132,148932.484997092,46.049417319062684,40.617792276797836,38.647612548319316,-24.647612548319316,WARNING_1,SYNTHETIC
482000,6.177094985999273,121859.13262299233,31.05750137461514,38.383235912959066,2.4131571513676033,11.586842848632397,NORMAL,SYNTHETIC
1584000,17.195458780954578,153951.4438472388,45.58915102990757,48.49937141122011,37.83562840497291,-23.83562840497291,WARNING_1,SYNTHETIC
3074000,35.74912187567596,196688.12727603808,64.1430626630474,64.58036884116488,57.64911156134917,-43.64911156134917,WARNING_3,SYNTHETIC
4627000,59.478122209556275,242551.92795428677,79.58022311452538,71.69296301962437,81.33256047561308,-67.33256047561308,HIGH_RISK,SYNTHETIC
3038000,33.977418834085114,195188.3677543031,61.537717637069186,68.70669719676215,61.93850449110706,-47.93850449110706,WARNING_3,SYNTHETIC
1462000,11.151552738926709,165756.4860488274,40.480327664113545,46.618126927219194,14.842872189434665,-0.8428721894346651,WARNING_1,SYNTHETIC
3929000,31.747416895770947,191533.82908111895,67.64892196296914,63.72743530023825,65.6842632921284,-51.684263292128406,WARNING_3,SYNTHETIC
3621000,34.127885920559436,194626.46165398203,62.00773977514199,68.17247255168868,63.18211899048154,-49.18211899048154,WARNING_3,SYNTHETIC
2578000,22.688228524557083,186644.17833995755,52.85805103458904,58.589973387038455,47.12640450195035,-33.12640450195035,WARNING_2,SYNTHETIC
3801000,35.69844180740333,194390.80681848584,68.2916095219197,60.68892234418497,62.041562904542204,-48.041562904542204,WARNING_3,SYNTHETIC
49000,2.2298218557619265,114933.60754452295,33.362858304273615,32.486746620361735,2.209054691491727,11.790945308508274,NORMAL,SYNTHETIC
4289000,48.03340333482497,227167.31102500056,87.51092884979718,71.54311972407918,70.8005933854404,-56.80059338544039,HIGH_RISK,SYNTHETIC
3344000,35.220697484673835,196216.44801451548,60.11178562391723,67.3628821567019,62.509839889015964,-48.509839889015964,WARNING_3,SYNTHETIC
858000,4.335663716328286,115008.66173463776,37.47789723146665,37.06244111683247,0.2651292323409497,13.73487076765905,NORMAL,SYNTHETIC
1072000,14.582233655281485,130643.29958154616,43.10546680180332,42.34816903479844,31.583765815109288,-17.583765815109288,WARNING_1,SYNTHETIC
719000,9.407074968052738,126591.9081817141,35.56486090510794,34.75207378526292,0.6161355415753306,13.38386445842467,NORMAL,SYNTHETIC
3717000,38.29088894747724,192755.07499045378,65.67152389059235,61.65803648451348,65.1486129517758,-51.1486129517758,WARNING_3,SYNTHETIC
2631000,23.050674472357397,185140.7804265498,57.31423637695211,58.55863737860097,46.552792968304736,-32.552792968304736,WARNING_2,SYNTHETIC
4873000,44.66443243856459,239499.80092744483,86.31489581296552,74.21540486383297,81.59701900461182,-67.59701900461182,HIGH_RISK,SYNTHETIC
1660000,14.243454692662866,146622.90900679762,44.28481330298949,42.79829324366387,18.58589773829715,-4.585897738297149,WARNING_1,SYNTHETIC
1656000,19.127528668403492,159989.3830180983,47.954643372841815,41.949216996015444,21.359631817449085,-7.359631817449085,WARNING_1,SYNTHETIC
2425000,24.90835582151526,186929.31115075428,50.388297473902384,53.49605044330747,50.478590537290856,-36.478590537290856,WARNING_2,SYNTHETIC
3524000,36.38040904574697,194821.76237397722,68.68405960446576,65.50246686835683,64.06556114271241,-50.06556114271241,WARNING_3,SYNTHETIC
4229000,48.18991130191518,216115.74124318763,88.49227191086965,73.58866321327724,90.07074279576739,-76.07074279576739,HIGH_RISK,SYNTHETIC
4974000,59.75875927840619,240805.2775372826,88.34377754041184,87.08157495119839,79.52620120144478,-65.52620120144478,HIGH_RISK,SYNTHETIC
3309000,32.95332569913632,199564.6651847477,69.28358468369402,62.537521239183185,62.84157031194636,-48.84157031194636,WARNING_3,SYNTHETIC
4476000,59.08045219937645,237364.1882923944,82.83234717256681,72.22560628619644,85.19204344443925,-71.19204344443925,HIGH_RISK,SYNTHETIC
3305000,36.755866826036076,197595.03901808473,69.12216563310848,67.4203435711567,59.18579473678868,-45.18579473678868,WARNING_3,SYNTHETIC
4751000,59.65511547143561,224780.4655070466,83.64257851286753,73.8827939042691,68.71506094586216,-54.71506094586216,HIGH_RISK,SYNTHETIC
4126000,44.85480183975164,237580.3797567857,71.75607316604801,76.49709083331047,73.08726938638596,-59.087269386385955,HIGH_RISK,SYNTHETIC
2606000,23.796311321811434,186384.41461388607,56.34699787082978,50.212958953328965,48.372249067263056,-34.372249067263056,WARNING_2,SYNTHETIC
1385000,17.813127013470233,173870.51397672924,47.91755000327031,43.919942347206906,25.177469394565335,-11.177469394565335,WARNING_1,SYNTHETIC
3835000,37.370190780500494,194855.28382585468,68.31945651941723,67.27177600917248,63.61671117371867,-49.61671117371867,WARNING_3,SYNTHETIC
1399000,10.504272413684623,170684.10485570235,47.71647046412373,47.977972389189404,31.755144722037276,-17.755144722037276,WARNING_1,SYNTHETIC
1195000,19.744786245069633,150780.29428588774,49.564244266467995,45.23957100719732,9.369208914014589,4.630791085985411,WARNING_1,SYNTHETIC
1408000,12.342405261118637,162455.20149116486,45.93266661965042,48.81353398010985,33.2127450332208,-19.2127450332208,WARNING_1,SYNTHETIC
3824000,33.739687904349836,190056.8496242492,65.50981220317647,62.02245328836972,58.953360802031916,-44.953360802031916,WARNING_3,SYNTHETIC
1798000,16.629944533025064,157786.0509249371,43.85755596003931,41.442976164553926,5.595359637769541,8.40464036223046,WARNING_1,SYNTHETIC
1475000,11.37008510133339,132272.49230818325,45.26166404376817,42.39424445450781,44.92820046582967,-30.92820046582967,WARNING_1,SYNTHETIC
4965000,52.404917333752216,210143.1908074625,80.94502160987135,83.87943827776903,90.7406233380858,-76.7406233380858,HIGH_RISK,SYNTHETIC
35000,2.667347959941714,122941.4359628665,37.82820565648645,37.0609858239276,1.2996311589548026,12.700368841045197,NORMAL,SYNTHETIC
3541000,35.135389223106465,194997.2550367215,61.86737427589721,67.10742903365434,63.17047876476525,-49.17047876476525,WARNING_3,SYNTHETIC
2345000,28.396124816874185,185166.2085097149,54.25541194560939,58.49390714444629,49.94509237787217,-35.94509237787217,WARNING_2,SYNTHETIC
4678000,51.979679114097685,204391.33780550575,81.56566184922515,73.91684823521507,71.59543647097865,-57.595436470978655,HIGH_RISK,SYNTHETIC
2359000,27.123471449239513,181072.75791061227,59.94267599643087,51.00768814969202,50.60133079724191,-36.60133079724191,WARNING_2,SYNTHETIC
2206000,25.164231647640527,185084.52616192366,54.1750434482855,53.97836896310339,53.59968526933909,-39.59968526933909,WARNING_2,SYNTHETIC
3767000,38.56337484297502,196856.47462180824,65.87300495687546,68.84865620949465,59.35308264702347,-45.35308264702347,WARNING_3,SYNTHETIC
1286000,17.87112294155296,155233.75922708077,47.99438146901,44.07090244647944,40.53179907481171,-26.53179907481171,WARNING_1,SYNTHETIC
349000,1.8364329385667308,112367.98166357337,30.237565064571864,33.92710058560924,2.5304940518090935,11.469505948190907,NORMAL,SYNTHETIC
2137000,26.84527652238833,189063.06169865307,57.532273990877265,52.16293335601565,55.7472932630849,-41.7472932630849,WARNING_2,SYNTHETIC
2691000,25.15364968767194,187463.07244559244,55.794186458191106,56.91445575774736,46.941258929875396,-32.941258929875396,WARNING_2,SYNTHETIC
4560000,59.78088828589098,210887.6328033215,85.13010905452404,75.92645253034152,84.36081813612546,-70.36081813612546,HIGH_RISK,SYNTHETIC
3967000,32.42907346467673,193936.11184259396,65.55136479541937,65.51721712227587,56.139765874712346,-42.139765874712346,WARNING_3,SYNTHETIC
1681000,13.792846194069567,174385.66664101224,46.73102094229162,46.12139678503722,4.291937714417241,9.70806228558276,WARNING_1,SYNTHETIC
4834000,41.68927356768763,221935.3186608578,89.23463530488934,80.96567940414408,69.29169686638788,-55.29169686638788,HIGH_RISK,SYNTHETIC
1443000,17.413718256824346,170640.28176940104,41.62531209812987,44.18627302526022,15.918664206547295,-1.9186642065472945,WARNING_1,SYNTHETIC
3243000,39.59228720397396,190147.33119482404,66.58864519545595,64.69438186962459,63.79625003924678,-49.79625003924678,WARNING_3,SYNTHETIC
1671000,18.701610951117956,146034.6923438655,41.821338146648365,43.561019329371284,44.569214756816876,-30.569214756816876,WARNING_1,SYNTHETIC
3836000,31.39427025281336,195074.91423731527,60.29797076226629,60.782321380636375,65.34282751668076,-51.34282751668076,WARNING_3,SYNTHETIC
1179000,15.33031251612573,151540.41544027804,43.31842231450334,43.979950652479005,4.652532879922671,9.34746712007733,WARNING_1,SYNTHETIC
2798000,29.407336687735935,181666.38193803246,55.62967264252587,51.80958759707094,54.23464110805012,-40.23464110805012,WARNING_2,SYNTHETIC
1692000,15.390747627194276,174618.96282072438,44.14270653465137,40.21314814179234,34.66672677029687,-20.66672677029687,WARNING_1,SYNTHETIC
3956000,37.220636573213284,191649.31053600396,66.73766953473724,64.30889966835635,56.80869362209651,-42.80869362209651,WARNING_3,SYNTHETIC
372000,4.204889756394076,118099.88122991634,33.0548061237117,38.55163946484214,1.6337174136976724,12.366282586302328,NORMAL,SYNTHETIC
3610000,31.5748409786408,193676.50637110716,60.448719965808806,65.88405810688991,57.60733296461454,-43.60733296461454,WARNING_3,SYNTHETIC
1916000,17.9995477600708,147466.73444012753,48.85999116341738,45.399938254332376,27.306913235148947,-13.306913235148947,WARNING_1,SYNTHETIC
1357000,14.225027168529229,177138.286869798,41.498468811470325,41.24365981739179,30.929594079934216,-16.929594079934216,WARNING_1,SYNTHETIC
1825000,11.668295763133003,157916.88601289858,42.147838380845,48.770868674526895,5.091335451447021,8.908664548552979,WARNING_1,SYNTHETIC
786000,8.155802243216993,116604.02591195462,36.86849565766467,39.60226004522968,1.0929158527533636,12.907084147246636,NORMAL,SYNTHETIC
469000,5.47350409833309,113377.46083225429,33.38591443210814,39.667639636420326,0.8593304771249131,13.140669522875086,NORMAL,SYNTHETIC
140000,5.282593311375812,117066.75390136936,38.95504577196884,33.03337632682199,1.2933579713518586,12.706642028648142,NORMAL,SYNTHETIC
788000,8.033078995725122,127128.19261311478,39.34957816865851,33.490042255554506,0.5831289952110525,13.416871004788948,NORMAL,SYNTHETIC
323000,5.711826150504028,125732.99424987199,30.80277320404037,38.01348931421939,0.3649629501402498,13.63503704985975,NORMAL,SYNTHETIC
50000,2.7591921817809535,123356.98317695972,39.876474477564614,38.86557913666278,2.858888520122222,11.141111479877779,NORMAL,SYNTHETIC
714000,7.9307905588181855,116026.40715325231,38.605635552736324,38.5217919500745,1.787401723682731,12.21259827631727,NORMAL,SYNTHETIC
4889000,53.51981651197766,243987.31555309342,76.63907863519779,73.14751902596359,67.56989916809803,-53.56989916809803,HIGH_RISK,SYNTHETIC
2840000,27.77701159194,189134.84343446593,55.709762501619316,51.22076431766712,46.74607375486376,-32.74607375486376,WARNING_2,SYNTHETIC
2446000,28.493646000930553,187884.28781706127,56.70342535848454,59.487711865652344,53.067402923826705,-39.067402923826705,WARNING_2,SYNTHETIC
4813000,46.41025496853998,232301.99138300112,83.24511554485845,77.35152859377767,75.06015504442139,-61.06015504442139,HIGH_RISK,SYNTHETIC
4419000,58.632535173759,247663.56095687463,72.19962011427286,84.60164626297694,93.49298315053461,-79.49298315053461,HIGH_RISK,SYNTHETIC
4596000,58.39294816096263,232934.20591799993,70.44591973183644,80.68657389113599,88.53270444504307,-74.53270444504307,HIGH_RISK,SYNTHETIC
3015000,38.94715739535553,192101.67162869064,60.313043623445814,66.02614346561799,60.98673764183837,-46.98673764183837,WARNING_3,SYNTHETIC
2666000,23.020072425576107,187021.22302749386,50.7714920585741,55.83150952764602,46.646354176888266,-32.646354176888266,WARNING_2,SYNTHETIC
406000,3.4983942532035432,129287.46389782958,35.55877404875761,35.15898896244421,2.7738218782333406,11.22617812176666,NORMAL,SYNTHETIC
3724000,39.47353532486599,198088.28098372364,62.7911747801048,61.04678296164026,58.44901744337346,-44.44901744337346,WARNING_3,SYNTHETIC
1004000,10.534197005837369,133048.8557365589,48.91260932021105,47.77898453647082,3.4809602911306556,10.519039708869345,WARNING_1,SYNTHETIC
3787000,33.387932967539726,190280.3168654654,61.91596806322612,60.15691672881399,65.0513983982357,-51.051398398235705,WARNING_3,SYNTHETIC
890000,3.987404237038344,114557.35573105668,31.465468265101403,31.4245807228427,0.8300661631170267,13.169933836882974,NORMAL,SYNTHETIC
2411000,20.328392539544346,180757.37199222122,57.83313517655218,52.42815320137634,46.11304198161259,-32.11304198161259,WARNING_2,SYNTHETIC
2545000,28.44393096899114,186958.5079628519,57.603543700027096,58.05639741817735,51.58521894259779,-37.58521894259779,WARNING_2,SYNTHETIC
4833000,49.94085786113745,213214.39232854266,80.04392480055748,70.98439612335133,73.32948422484701,-59.32948422484701,HIGH_RISK,SYNTHETIC
2390000,26.863740748658483,183369.75073740055,53.62726524136051,57.954242486695776,52.83750600789858,-38.83750600789858,WARNING_2,SYNTHETIC
3940000,34.105596172857815,198589.7955701479,65.33094867943086,63.916528524509076,65.96629380546412,-51.96629380546412,WARNING_3,SYNTHETIC
42000,7.162332897619793,123110.35476686104,36.323550507663015,37.647242191417575,0.5787893998313318,13.421210600168669,NORMAL,SYNTHETIC
2830000,27.627833811879142,181268.60728955577,53.79977861628353,52.38963788507472,50.30210745336495,-36.30210745336495,WARNING_2,SYNTHETIC
3965000,38.027400539121125,197331.85166176924,67.58979573521239,69.70685466059993,62.505396555122836,-48.505396555122836,WARNING_3,SYNTHETIC
303000,5.525161257675648,115148.44724690742,34.86045249560873,39.994089253876716,1.1808339582965417,12.819166041703458,NORMAL,SYNTHETIC
4513000,45.94682517460771,213104.638803264,85.88356078924905,71.55598440037411,91.9034834469513,-77.9034834469513,HIGH_RISK,SYNTHETIC
3747000,36.97602125052785,199493.06140015414,67.40560109754512,63.5321924801094,59.78167519556738,-45.78167519556738,WARNING_3,SYNTHETIC
664000,4.008957059201812,128347.91178532284,34.916103342974544,32.40473554095238,1.8219117485047274,12.178088251495273,NORMAL,SYNTHETIC
1177000,10.142399825266056,147959.86327608037,49.73330046982278,45.75950733848754,24.35137613263343,-10.35137613263343,WARNING_1,SYNTHETIC
2676000,24.90554852589954,182965.07981400727,51.02997800001974,54.952508000776724,51.80964727785865,-37.80964727785865,WARNING_2,SYNTHETIC
1947000,16.70754685828618,165715.2563102435,44.197404558331726,47.260554524570516,13.441961837922985,0.5580381620770147,WARNING_1,SYNTHETIC
2501000,20.617141335131514,185200.18912767564,50.89555531814856,53.14325934036778,55.28967398580633,-41.28967398580633,WARNING_2,SYNTHETIC
1473000,12.156534280158859,158422.30213137454,44.662483075301715,40.353041689690755,6.635594521302279,7.364405478697721,WARNING_1,SYNTHETIC
3483000,31.34700784101103,192182.2600109145,66.10637002609297,66.8534041201898,64.61164918420346,-50.61164918420346,WARNING_3,SYNTHETIC
3520000,30.971321685784268,198518.2547439021,64.68376520640453,64.03675447384128,58.03213045391037,-44.03213045391037,WARNING_3,SYNTHETIC
2132000,24.887682092365797,181818.7809697861,53.34142393966086,53.517737735145985,54.490187685706445,-40.490187685706445,WARNING_2,SYNTHETIC
1026000,14.405353128772417,137585.12917020745,46.0370458305779,43.93145720989492,35.74392068925243,-21.743920689252427,WARNING_1,SYNTHETIC
961000,4.824155145339676,118345.07219717372,39.69793707750719,31.297281069049056,0.6454009135170062,13.354599086482994,NORMAL,SYNTHETIC
2889000,20.69803501027676,180116.67557788975,54.58417514037697,51.62206035825115,50.62937133099724,-36.62937133099724,WARNING_2,SYNTHETIC
3134000,35.66145815448743,194092.56143393644,62.74277970506934,69.66320935093582,58.565711578628836,-44.565711578628836,WARNING_3,SYNTHETIC
2009000,23.25685203988739,188840.42148137547,54.62756501444943,54.0572423327627,52.37475886426054,-38.37475886426054,WARNING_2,SYNTHETIC
2149000,26.792062476875127,186907.05085627793,55.4646827961314,52.55832936668395,54.05127731682248,-40.05127731682248,WARNING_2,SYNTHETIC
3323000,30.85518698258907,196099.50046030292,61.13105476464392,64.40674468479605,59.73789424915666,-45.73789424915666,WARNING_3,SYNTHETIC
2338000,23.170188201004184,185077.31622623804,57.28955663707671,57.04260977285924,49.48552174164572,-35.48552174164572,WARNING_2,SYNTHETIC
3888000,39.543028594924266,190866.56146315363,68.51264185977777,66.89406166625943,58.96190739945466,-44.96190739945466,WARNING_3,SYNTHETIC
304000,8.546634868278506,126535.79763847489,34.361364226491055,37.18689671504524,0.23420329616298227,13.765796703837017,NORMAL,SYNTHETIC
1440000,11.378725541413738,154745.29582386278,48.81255439017977,47.664950355466004,27.255802662791567,-13.255802662791567,WARNING_1,SYNTHETIC
1496000,19.646808460160145,152099.41492713228,43.38922070248067,41.6792869455702,6.39790509650603,7.60209490349397,WARNING_1,SYNTHETIC
2652000,28.184046912378257,185629.16573748377,51.124327186587294,51.77497078692269,50.41859013818832,-36.41859013818832,WARNING_2,SYNTHETIC
2875000,25.676315241687895,183769.36851035926,54.0269196668011,52.839972950088075,53.013790443716815,-39.013790443716815,WARNING_2,SYNTHETIC
916000,1.6320348364253827,123199.72488474229,32.44119075085577,35.187017282946165,2.2967156013113654,11.703284398688634,NORMAL,SYNTHETIC
4182000,57.64301599676824,238710.7137664528,84.6786564373005,76.67760745476618,75.70416220410462,-61.70416220410462,HIGH_RISK,SYNTHETIC
3721000,30.275451554923702,196564.29148848495,60.48599070417755,67.95455364786804,64.04500841780101,-50.045008417801014,WARNING_3,SYNTHETIC
2772000,24.286224538350204,183416.61135226185,56.98459281452209,56.100710723745465,50.61460397261604,-36.61460397261604,WARNING_2,SYNTHETIC
1624000,10.202941204950392,130627.74794871407,44.23162679771668,43.49650866710604,36.76428291976891,-22.76428291976891,WARNING_1,SYNTHETIC
3837000,38.78494808127706,194021.14155430265,64.62366859486895,65.22399186791458,60.814052628909025,-46.814052628909025,WARNING_3,SYNTHETIC
821000,6.232194958239607,119836.2516282582,36.791453684388934,36.277520957908806,0.9690147993290781,13.030985200670923,NORMAL,SYNTHETIC
3964000,33.54837710965533,195986.70505144124,64.36742399717495,64.89257315160745,58.3235182687546,-44.3235182687546,WARNING_3,SYNTHETIC
1354000,19.053141230907247,143681.05231675575,44.940705240251724,45.302040654300086,32.53221551182496,-18.53221551182496,WARNING_1,SYNTHETIC
4497000,54.74385788510403,216858.8794895743,83.5553841874416,76.4533718561973,72.66693227839752,-58.666932278397525,HIGH_RISK,SYNTHETIC
850000,2.5702875040321125,114613.58250655716,33.802355838993044,34.240170981569676,0.76472643718527,13.23527356281473,NORMAL,SYNTHETIC
1000000,12.259676927154212,152774.36344570844,47.45719928971002,45.637281203168754,40.57995960202314,-26.579959602023138,WARNING_1,SYNTHETIC
3377000,30.461092898551588,193011.67519695192,67.95983177508332,64.61431265281219,65.46857810156331,-51.46857810156331,WARNING_3,SYNTHETIC
18000,8.283154313534723,110805.07479879848,36.14386106535186,33.26162642003566,0.4456657926313793,13.55433420736862,NORMAL,SYNTHETIC
1637000,17.14291789004777,165122.77620976605,49.49739810803116,43.984591361710216,37.792731481172,-23.792731481171998,WARNING_1,SYNTHETIC
1667000,18.929693198233984,153850.34886665636,43.741791507500984,46.919259562271705,45.81848138590205,-31.818481385902047,WARNING_1,SYNTHETIC
493000,3.7826845360515797,125635.1409514789,39.233026902578786,36.10024508444912,0.5001903684083937,13.499809631591607,NORMAL,SYNTHETIC
1347000,17.512501443535704,166352.80535778208,44.819669128250695,41.49464068737731,38.85686294325719,-24.85686294325719,WARNING_1,SYNTHETIC
3727000,36.648639551863944,191934.8158842255,69.62066601530421,62.32573490851438,59.25255060535731,-45.25255060535731,WARNING_3,SYNTHETIC
4825000,45.572319218803685,209692.0787640752,84.37798978021334,81.87943609588909,80.55449301628227,-66.55449301628227,HIGH_RISK,SYNTHETIC
3614000,36.146100680649184,193588.57492252273,63.558297807304825,65.57280736947355,59.31559097151303,-45.31559097151303,WARNING_3,SYNTHETIC
3481000,32.22039010637952,198239.2061831657,60.801644354602345,63.75260284579498,56.9072776517075,-42.9072776517075,WARNING_3,SYNTHETIC
687000,9.44104160103227,120105.53844586192,36.714035241730315,39.522859075503185,1.468629938267516,12.531370061732485,NORMAL,SYNTHETIC
3731000,35.438373789635364,195317.2814751875,60.88247081834746,61.19321255820684,58.268087977453476,-44.268087977453476,WARNING_3,SYNTHETIC
1608000,14.348602719803708,135430.4222579614,43.29413337000425,42.676874066091294,45.20085494821518,-31.20085494821518,WARNING_1,SYNTHETIC
4084000,59.699290752192596,232698.68296730175,78.43639448134273,71.55566937257004,77.79454758520421,-63.794547585204214,HIGH_RISK,SYNTHETIC
3402000,31.73157168250022,198168.7206021407,64.96135992984247,61.108510392105494,63.697409518371465,-49.697409518371465,WARNING_3,SYNTHETIC
1009000,14.088109465934346,172862.16839731467,45.330095647083134,45.92024274937992,4.482863749251525,9.517136250748475,WARNING_1,SYNTHETIC
2408000,26.507156614470087,185128.93886939448,56.524852368688535,51.2505115884274,49.849087213405554,-35.849087213405554,WARNING_2,SYNTHETIC
1092000,13.502306421280483,160813.48548749348,48.38580858695969,42.719010627372526,8.741947457816366,5.258052542183634,WARNING_1,SYNTHETIC
1327000,19.220181976911853,158952.61864872364,44.34470324223174,45.72340178609,5.650318432348238,8.349681567651762,WARNING_1,SYNTHETIC
1677000,15.822801555548255,174585.19885944898,49.64020868184685,46.75550812197913,33.15342119160228,-19.153421191602277,WARNING_1,SYNTHETIC
1999000,18.206554460930167,167102.7456162927,49.52551655540657,46.45855620117474,23.7309434709851,-9.7309434709851,WARNING_1,SYNTHETIC
1310000,14.311613200292769,137839.54363338434,43.92954617151652,48.95758246485548,12.83072550602296,1.1692744939770403,WARNING_1,SYNTHETIC
3258000,32.05691133941103,198230.64476099415,63.49087092849417,63.145700819611434,65.29916992173425,-51.29916992173425,WARNING_3,SYNTHETIC
1987000,13.842349562629854,132728.12123754263,49.47670052148057,49.76994120438307,38.031021738542194,-24.031021738542194,WARNING_1,SYNTHETIC
3648000,36.08436555408811,198354.8429744196,64.3819407533451,61.50623024025813,60.349430296132496,-46.349430296132496,WARNING_3,SYNTHETIC
344000,7.8870921207400135,129642.88592635689,37.237452901918374,35.029952532376015,2.244598458405647,11.755401541594352,NORMAL,SYNTHETIC
4482000,41.736687938127396,212900.2311830487,82.88102567659318,89.44140961539631,75.33183805010681,-61.33183805010681,HIGH_RISK,SYNTHETIC
986000,4.004206192959204,115157.88018295588,30.607071846019117,32.20131080233095,1.9726960637809792,12.02730393621902,NORMAL,SYNTHETIC
4544000,42.29205747404012,209793.26621256073,75.95770517222986,87.16079714597899,85.31369139836092,-71.31369139836092,HIGH_RISK,SYNTHETIC
3807000,30.316561839549237,190489.95789055363,68.31502621382278,60.232807013202006,62.802621286055576,-48.802621286055576,WARNING_3,SYNTHETIC
4523000,44.162761930189134,249370.7287930057,73.55354245687666,80.43185914361072,97.35518949938363,-83.35518949938363,HIGH_RISK,SYNTHETIC
4002000,40.9154484442794,238861.95209647767,76.5079476723963,75.31702482874732,72.46023617237863,-58.46023617237863,HIGH_RISK,SYNTHETIC
3091000,36.409610916172696,199748.2805822013,69.20642714913933,66.34022403567666,61.52860842769638,-47.52860842769638,WARNING_3,SYNTHETIC
3961000,35.72211480702312,196838.22351413808,69.29526218713663,61.65537688750652,57.85875136313716,-43.85875136313716,WARNING_3,SYNTHETIC
1142000,13.257798966568156,134794.88100551657,47.67813700585705,42.905454727658636,12.872363743448247,1.127636256551753,WARNING_1,SYNTHETIC
2358000,26.77402041446067,182004.87517441608,59.223677232909544,54.2485312477808,47.349367652825336,-33.349367652825336,WARNING_2,SYNTHETIC
1198000,17.557765194403537,152997.9768980893,47.07748968902053,44.53467963601575,15.695787659093337,-1.6957876590933374,WARNING_1,SYNTHETIC
85000,1.7924211748256473,124899.83051559377,32.63475428189318,33.162753771849744,2.785025898754926,11.214974101245074,NORMAL,SYNTHETIC
1518000,11.541268651812135,140530.99870146863,43.69038011278447,45.54980747245555,16.191060733833652,-2.191060733833652,WARNING_1,SYNTHETIC
516000,3.7622616542575056,112214.48517201109,31.4583230073568,36.09429368496967,1.407401910752338,12.592598089247662,NORMAL,SYNTHETIC
1381000,16.99738968785317,173599.62119633055,43.851450673607175,45.70689844597491,21.06978081231011,-7.0697808123101105,WARNING_1,SYNTHETIC
2716000,25.125485013998127,183096.81908420956,55.26509516460191,56.44983161931659,51.35836157948213,-37.35836157948213,WARNING_2,SYNTHETIC
3084000,33.24718737904442,197564.43650561158,68.92985347050417,69.5951457619397,64.42265295061681,-50.42265295061681,WARNING_3,SYNTHETIC
1014000,12.049967913998822,136024.96972515175,42.509508488283586,40.12235992814008,44.89388912345777,-30.893889123457768,WARNING_1,SYNTHETIC
128000,1.9099461159584545,123053.73469738511,30.897312777412512,36.88897007988835,2.4356101342403766,11.564389865759622,NORMAL,SYNTHETIC
1364000,18.85653166623456,173460.5213337139,41.923656371181245,45.58120174875076,35.83411284592268,-21.834112845922682,WARNING_1,SYNTHETIC
3623000,37.43768974060582,196636.5065585659,66.80780682811897,65.91440243922735,57.102213774232304,-43.102213774232304,WARNING_3,SYNTHETIC
4970000,58.945946832148266,221441.13904251362,70.67637896913232,88.68807571096602,82.52539479473431,-68.52539479473431,HIGH_RISK,SYNTHETIC
891000,9.403105848331107,125186.82200044775,39.81276523993273,36.633152793727,0.9854677751605703,13.01453222483943,NORMAL,SYNTHETIC
2793000,29.690927854546935,181760.30092318845,50.126029674589226,56.411447810377865,54.45418825191213,-40.45418825191213,WARNING_2,SYNTHETIC
4238000,57.27505862747501,220893.50511247158,80.54549595812895,87.94265147192371,88.87985524669119,-74.87985524669119,HIGH_RISK,SYNTHETIC
1359000,18.208880526699154,153603.34474186445,46.59343098467115,41.69075568850183,6.097867593368022,7.902132406631978,WARNING_1,SYNTHETIC
307000,6.628156786886569,123378.95317983159,34.31150957141115,30.25501563960198,1.1639218040050257,12.836078195994974,NORMAL,SYNTHETIC
1661000,10.25242688410964,174176.69294962645,49.9157143382714,42.85835358511103,35.683191118141075,-21.683191118141075,WARNING_1,SYNTHETIC
2431000,26.30136033102172,180351.82585134363,58.545725607633855,54.41367801811726,52.927019928769724,-38.927019928769724,WARNING_2,SYNTHETIC
3934000,33.21275324712694,196134.8915863282,62.356793771736854,67.7590619710577,63.23147370546615,-49.23147370546615,WARNING_3,SYNTHETIC
1317000,19.187630766066412,165324.77944031582,49.71124323358564,48.71634134937146,17.55379290135523,-3.55379290135523,WARNING_1,SYNTHETIC
4303000,59.098264123043194,248281.47423783332,79.64367025179423,72.2003407243761,67.03900792708875,-53.03900792708875,HIGH_RISK,SYNTHETIC
2474000,24.036931717656874,180540.13063708678,56.00891091426423,54.5165682578483,50.088108517017844,-36.088108517017844,WARNING_2,SYNTHETIC
2542000,21.686716660102093,184279.303739175,50.921612149704,51.73203306848614,52.04451660413561,-38.04451660413561,WARNING_2,SYNTHETIC
1246000,15.142959847798323,176878.17848300887,48.803059103994,41.631376051619895,23.29927167540457,-9.299271675404569,WARNING_1,SYNTHETIC
1208000,10.822317277485343,131570.54960437497,41.81914445738752,46.41025761746536,13.633357091620608,0.36664290837939184,WARNING_1,SYNTHETIC
216000,2.1533082137043564,116294.99237128762,31.14019191334551,33.54801919137599,2.1011598505618236,11.898840149438175,NORMAL,SYNTHETIC
4292000,47.63580294950033,200329.92171457363,74.07090166622055,85.8821552421086,73.60862660112875,-59.60862660112875,HIGH_RISK,SYNTHETIC
3062000,35.49328398364355,195954.36705909294,68.10533319444139,68.67048966488666,60.74335806422,-46.74335806422,WARNING_3,SYNTHETIC
1239000,15.691800795311353,158296.17967504595,48.48030392790864,43.79146716825868,44.32777552827163,-30.32777552827163,WARNING_1,SYNTHETIC
2289000,21.34528491800439,182286.4408374429,53.458247540330156,59.99694430858246,49.786342643647856,-35.786342643647856,WARNING_2,SYNTHETIC
2740000,29.416732842041394,185793.886313547,58.839155181453705,55.48216874904269,52.20614920066786,-38.20614920066786,WARNING_2,SYNTHETIC
275000,4.463948020121849,116421.7125282371,30.364301956828832,38.19811108185688,0.3177860377485707,13.68221396225143,NORMAL,SYNTHETIC
489000,5.978792723800905,119511.22346465869,36.08659752626784,34.983745470217976,1.6941358150316295,12.305864184968371,NORMAL,SYNTHETIC
1035000,12.061895173262112,173832.9855845032,46.29653419911734,48.674352111497,15.491790281366498,-1.491790281366498,WARNING_1,SYNTHETIC
1229000,12.435333316402204,151688.03422279927,49.88775434855982,46.58999561264977,19.844456467305037,-5.8444564673050365,WARNING_1,SYNTHETIC
4585000,43.244231613876515,218309.91933403647,80.57153849353043,81.35230814160761,99.85650182049885,-85.85650182049885,HIGH_RISK,SYNTHETIC
1008000,17.048629032104454,169141.99486216123,40.11277045011759,48.416835289216515,32.95872098680986,-18.95872098680986,WARNING_1,SYNTHETIC
4689000,50.44570667756965,223515.66670851846,84.7644982368328,81.825087103659,90.38253030206988,-76.38253030206988,HIGH_RISK,SYNTHETIC
4026000,47.007483213887944,237493.1876266411,77.4249155283052,74.16565763672598,77.79702360862937,-63.797023608629374,HIGH_RISK,SYNTHETIC
3182000,37.936312931406704,194689.83314051086,68.40255590603367,65.11535429987231,58.11479110503181,-44.11479110503181,WARNING_3,SYNTHETIC
2532000,23.5120303675006,180595.904221856,53.81657430449626,52.1088223007606,51.870503753170894,-37.870503753170894,WARNING_2,SYNTHETIC
4169000,47.767743701567866,226817.38520560547,77.20954587017499,84.96386634881193,84.08790519627517,-70.08790519627517,HIGH_RISK,SYNTHETIC
1058000,16.066142458025272,170409.4323170862,45.881817313179255,47.12531216252148,4.527779347837019,9.472220652162981,WARNING_1,SYNTHETIC
2166000,29.0715197563376,180090.3733089124,54.71628823157501,51.92400381960767,51.570648903485534,-37.570648903485534,WARNING_2,SYNTHETIC
4578000,41.811587618909044,231383.3347318292,70.18256009590687,76.08494512188537,76.20061149667306,-62.20061149667306,HIGH_RISK,SYNTHETIC
281000,2.597186004449412,118173.38754733426,31.881042281213514,30.336099691862508,1.1950204104966655,12.804979589503334,NORMAL,SYNTHETIC
3565000,38.22798638237879,196785.70772560118,63.77766693963187,66.04907191554346,61.95715904748373,-47.95715904748373,WARNING_3,SYNTHETIC
1316000,10.496309501712712,156575.4350922871,48.70673835402194,49.19556976970333,41.148759737872815,-27.148759737872815,WARNING_1,SYNTHETIC
4978000,49.744228015683504,201288.20455604544,72.02845453986845,72.97615450589967,87.32197091310887,-73.32197091310887,HIGH_RISK,SYNTHETIC
968000,5.878865657951415,119449.37355128977,35.73845302024598,34.32090423579489,0.28723627031467713,13.712763729685323,NORMAL,SYNTHETIC
3126000,38.42396700177975,198836.42490030258,63.37083248422403,63.08283870529218,57.46780116719916,-43.46780116719916,WARNING_3,SYNTHETIC
3920000,30.118309624279185,191647.3879966538,62.4754540045515,69.29303891330547,56.82954363073181,-42.82954363073181,WARNING_3,SYNTHETIC
3166000,32.02164610676076,196061.89019702782,61.25535283621838,69.6848449293399,64.43871119121529,-50.43871119121529,WARNING_3,SYNTHETIC
3519000,37.531976931324465,196638.9421812785,68.28125485271568,63.19964023516199,60.39531246051411,-46.39531246051411,WARNING_3,SYNTHETIC
619000,1.360333250514334,110772.88619653769,39.02149668409001,39.64282648704108,1.634121976839844,12.365878023160157,NORMAL,SYNTHETIC
3346000,34.29968128533797,194328.500115421,66.59481604045553,66.59142346712879,63.86943800933214,-49.86943800933214,WARNING_3,SYNTHETIC
1742000,17.898751916773005,133031.6881354001,48.180792946307896,41.78460387985917,27.818876371697293,-13.818876371697293,WARNING_1,SYNTHETIC
1390000,15.662590565440803,136833.46185192873,42.68202630333168,46.72385789872907,30.10553250546799,-16.10553250546799,WARNING_1,SYNTHETIC
4050000,45.92565798485508,226583.70894029379,86.35252470018399,77.64385882411716,74.90160210629791,-60.901602106297915,HIGH_RISK,SYNTHETIC
1847000,12.2727869493581,150877.5942561887,42.934960261337245,45.955625676596654,19.823262919023666,-5.823262919023666,WARNING_1,SYNTHETIC
1579000,17.546168896056344,177993.30800950396,43.73299799165302,41.65246753301192,6.256724554637618,7.743275445362382,WARNING_1,SYNTHETIC
1655000,12.108905852309181,148846.48050562912,47.641439892688624,42.15892349108411,38.26802955174692,-24.26802955174692,WARNING_1,SYNTHETIC
2352000,25.645727537798006,180404.94179033735,54.67117290360093,57.35019599339408,51.77369170860847,-37.77369170860847,WARNING_2,SYNTHETIC
2212000,20.12740791006274,183124.73930990734,56.779383913268745,54.98628044733466,46.95752170995849,-32.95752170995849,WARNING_2,SYNTHETIC
2020000,21.781962272398786,184308.56118086012,52.84009947945495,58.92226993629305,53.04485318006391,-39.04485318006391,WARNING_2,SYNTHETIC
4972000,49.96884190858283,216899.3149132345,82.97529822693893,82.13329389273586,96.83516919484515,-82.83516919484515,HIGH_RISK,SYNTHETIC
1956000,15.505917236146795,144411.13111446035,43.66392866832328,46.76433774678356,35.04275103785755,-21.04275103785755,WARNING_1,SYNTHETIC
1307000,13.016038602520926,172430.92619903554,47.89199425658085,46.70670583565908,42.91367086778088,-28.91367086778088,WARNING_1,SYNTHETIC
2003000,20.462888412165547,189685.69561336693,59.9106226617554,54.87863882371737,48.49569380373478,-34.49569380373478,WARNING_2,SYNTHETIC
4455000,53.90217065106422,241692.2047103925,87.20698342286005,76.38173357740445,94.76343426184042,-80.76343426184042,HIGH_RISK,SYNTHETIC
575000,5.442165049550783,114503.5533221109,36.19915980184105,33.87017115624184,0.733799718496779,13.26620028150322,NORMAL,SYNTHETIC
4089000,46.78014182787039,221780.78072779227,86.08898244320203,74.76238446146003,70.9478733788495,-56.94787337884949,HIGH_RISK,SYNTHETIC
4319000,43.287893089822425,247176.9053758146,82.50318346810053,76.2205247199274,74.64061447567299,-60.64061447567299,HIGH_RISK,SYNTHETIC
4436000,57.26558959920119,224672.06984388686,76.57107151165656,71.8811559831145,82.75952690212253,-68.75952690212253,HIGH_RISK,SYNTHETIC
1706000,19.048235740162617,138340.6938939763,41.891430899204806,41.37341521130077,35.49654437291064,-21.49654437291064,WARNING_1,SYNTHETIC
3742000,37.60311871882155,198868.7340490325,61.74946593755469,64.51561114652823,57.297492856460764,-43.297492856460764,WARNING_3,SYNTHETIC
3470000,32.30820274318253,193782.69788484002,69.63228741693534,64.47503319920871,59.89890595501044,-45.89890595501044,WARNING_3,SYNTHETIC
1280000,19.5801650985223,168487.9279692575,47.214718434676705,44.77775087397615,43.84406662309607,-29.84406662309607,WARNING_1,SYNTHETIC
861000,7.4339965945446,129870.45046291687,35.252831635726835,30.282195321773283,2.681411277490331,11.31858872250967,NORMAL,SYNTHETIC
4145000,54.75584170213677,204489.53681880646,75.11584344454369,72.52142760143019,89.71576722089698,-75.71576722089698,HIGH_RISK,SYNTHETIC
1801000,16.09191917209409,163200.02717698034,48.06129621058944,42.87304475661712,29.16354221703352,-15.16354221703352,WARNING_1,SYNTHETIC
1628000,10.683860126860615,140080.2739536073,40.58444358570585,44.17027926974215,43.82355270282516,-29.82355270282516,WARNING_1,SYNTHETIC
1993000,19.088657940788146,155932.11513465896,48.65324059519923,43.717764592309145,9.106158257267454,4.893841742732546,WARNING_1,SYNTHETIC
2639000,23.16295027286365,189708.63475831444,54.948348819685684,51.49772038015895,54.82136443163936,-40.82136443163936,WARNING_2,SYNTHETIC
269000,1.1861025437606723,119873.44152541291,38.69361826878524,31.40179742203332,2.3194217406391657,11.680578259360834,NORMAL,SYNTHETIC
629000,8.058126125474374,118200.97573829988,32.413143379775285,31.89768137210768,0.9420596562557351,13.057940343744265,NORMAL,SYNTHETIC
3081000,35.51127501575306,197006.0540361545,63.67812638366844,66.04251769898173,58.204219508006545,-44.204219508006545,WARNING_3,SYNTHETIC
2334000,21.968493457741832,181063.38284522496,50.96513804681753,54.91461335767223,46.73373467767295,-32.73373467767295,WARNING_2,SYNTHETIC
2966000,25.18107846526166,187206.34396318175,55.87750744487054,54.279259775549676,53.75243712400018,-39.75243712400018,WARNING_2,SYNTHETIC
300000,7.855167920287536,114290.77945120288,39.48873757149126,39.42509263319806,1.5210000164564743,12.478999983543526,NORMAL,SYNTHETIC
459000,6.6003934105484365,117566.1964474683,35.27399780658131,37.91847289791074,2.508607189537247,11.491392810462752,NORMAL,SYNTHETIC
1447000,13.585201247429866,153432.64417481347,43.75730041906936,46.832471730735776,25.690958266486014,-11.690958266486014,WARNING_1,SYNTHETIC
1472000,19.450360477595197,179588.51494250094,43.59940123087691,44.22348234989129,3.930932932725274,10.069067067274727,WARNING_1,SYNTHETIC
2046000,26.399475005959488,188864.97676028826,56.0842919318938,56.279608260252715,55.93007304994693,-41.93007304994693,WARNING_2,SYNTHETIC
4228000,46.00139476435999,201606.86670738395,70.57288218299898,88.39414483142606,69.05120033332375,-55.05120033332375,HIGH_RISK,SYNTHETIC
3764000,33.926083697535695,199253.43425647955,61.442343553786124,64.32563136723215,60.304430181327824,-46.304430181327824,WARNING_3,SYNTHETIC
2113000,28.620607916258976,184251.23363285972,51.754457771417826,50.73882103710593,48.27966843661544,-34.27966843661544,WARNING_2,SYNTHETIC
27000,1.3854731389276131,117326.70977113073,33.77837644192824,38.59680301241987,2.0561802308898454,11.943819769110155,NORMAL,SYNTHETIC
3839000,36.983032944990484,198729.1098902556,67.23051668546606,65.33134500483442,59.305848693580586,-45.305848693580586,WARNING_3,SYNTHETIC
4522000,49.260783113408856,222882.75873013103,82.8993560435193,74.6008001303659,94.43822943339504,-80.43822943339504,HIGH_RISK,SYNTHETIC
837000,9.654070268737852,118638.91322000964,32.70470079382479,30.399419250864693,0.23011040928007148,13.769889590719929,NORMAL,SYNTHETIC
3826000,34.3978578882258,197125.61370310345,62.40202169517114,65.92123893823398,65.78841190583948,-51.78841190583948,WARNING_3,SYNTHETIC
2008000,21.89260657196169,183388.92434890228,57.66051508796295,57.60086249658211,55.601144416638256,-41.601144416638256,WARNING_2,SYNTHETIC
4907000,57.316121851114275,223900.91413369187,77.98805896905363,86.73170277555643,84.4491224525159,-70.4491224525159,HIGH_RISK,SYNTHETIC
503000,5.431969741611273,118501.63535028262,38.2915049034575,36.44873114677862,1.4891076438604653,12.510892356139534,NORMAL,SYNTHETIC
3206000,36.49410969188741,199512.98637712537,68.96238414301199,68.37003337231043,56.1304922763769,-42.1304922763769,WARNING_3,SYNTHETIC
4304000,54.30249432819388,229611.49341997085,85.8238726866283,73.2278581797476,69.15725054102387,-55.15725054102387,HIGH_RISK,SYNTHETIC
380000,5.86633897422552,118621.52715275876,38.476664679979734,32.86743900979218,1.6615926837280606,12.33840731627194,NORMAL,SYNTHETIC
1851000,18.649640691556126,148547.42507016315,48.413636357677774,41.58442755157626,33.05241361766687,-19.052413617666872,WARNING_1,SYNTHETIC
1525000,19.160933182700767,179974.470725325,42.37909245191543,48.3565996131912,27.713904384476912,-13.713904384476912,WARNING_1,SYNTHETIC
2365000,22.267654722365723,189233.21222946234,58.97912086464024,52.48483679990571,53.78635377157868,-39.78635377157868,WARNING_2,SYNTHETIC
4147000,49.63915996680258,217798.47422946407,70.4034824994839,85.22730748946339,84.62647267218912,-70.62647267218912,HIGH_RISK,SYNTHETIC
3052000,35.220107041305404,199811.62034744737,66.96469110104978,69.90332725117301,62.14365233068159,-48.14365233068159,WARNING_3,SYNTHETIC
2884000,28.960438085812484,183144.53203770198,59.19845293729582,55.08576200087028,53.83889801311411,-39.83889801311411,WARNING_2,SYNTHETIC
2340000,27.74304908298287,186128.4439409396,54.537849647998975,51.246285610185936,52.04248581907508,-38.04248581907508,WARNING_2,SYNTHETIC
374000,2.3869825078999973,129488.34246217694,33.65047246884758,35.07248632461716,1.8535047440400252,12.146495255959975,NORMAL,SYNTHETIC
3260000,33.12737171243809,190801.5399092107,66.24594888024056,66.95152206871418,61.17132515303997,-47.17132515303997,WARNING_3,SYNTHETIC
2381000,26.18154579855076,181925.501223331,54.2794290132883,54.56326497512438,50.28902391691282,-36.28902391691282,WARNING_2,SYNTHETIC
4309000,44.37927174577226,216266.28802145322,83.07283818454115,80.1462636733274,85.68970884584962,-71.68970884584962,HIGH_RISK,SYNTHETIC
939000,1.883481681718322,110851.03635293552,30.111867530868768,30.932182126674604,0.7260100309450614,13.273989969054938,NORMAL,SYNTHETIC
4198000,50.79534475280535,230496.26144576317,71.94100715174896,86.32616142594333,66.40195590461042,-52.40195590461042,HIGH_RISK,SYNTHETIC
4165000,55.29631484499847,221241.93854391313,76.24305811350646,75.52826520790423,71.38151240388972,-57.381512403889715,HIGH_RISK,SYNTHETIC
2799000,28.69595731383197,182900.3152905823,56.4040726990398,56.0987465626124,52.05745894403502,-38.05745894403502,WARNING_2,SYNTHETIC
2147000,20.655821052696506,180483.87021585324,57.745592630794626,51.59720583811156,55.14630615997568,-41.14630615997568,WARNING_2,SYNTHETIC
3817000,34.24645857972803,191601.37193951214,62.43706449996535,61.05619062381572,59.84658610040196,-45.84658610040196,WARNING_3,SYNTHETIC
4540000,41.18309523989714,236246.38818645308,75.14542113891645,89.16682744019116,75.19492758638187,-61.194927586381866,HIGH_RISK,SYNTHETIC
4216000,59.75108859804641,211525.352665862,85.60724863166868,76.07954887305388,78.94003682551471,-64.94003682551471,HIGH_RISK,SYNTHETIC
2068000,22.284782457618142,184178.87233621778,50.95216573933804,50.68116363228333,52.49255487742389,-38.49255487742389,WARNING_2,SYNTHETIC
529000,3.7364612873027427,115468.59404253346,36.31285917306085,34.84384259201451,1.7421248981689423,12.257875101831058,NORMAL,SYNTHETIC
4604000,50.00407119117507,221968.70559053516,75.12507993632897,81.97085972821797,70.1308081519753,-56.1308081519753,HIGH_RISK,SYNTHETIC
636000,6.942689532273861,118067.08806498257,34.64401626317192,38.22127273904107,1.153018578791244,12.846981421208756,NORMAL,SYNTHETIC
1269000,14.954944330870372,131404.47252568594,43.64217680886884,43.55811771243317,40.5296023453312,-26.5296023453312,WARNING_1,SYNTHETIC
185000,6.822619115876298,126462.15245613799,31.699785211957856,30.805449467131133,2.4591364521332744,11.540863547866726,NORMAL,SYNTHETIC
4349000,41.47258721883564,211015.0991156443,84.05164171901134,74.83718363423343,77.42354777860041,-63.42354777860041,HIGH_RISK,SYNTHETIC
3179000,32.32110688077285,199335.4580128519,60.39692361162093,68.49135114349366,58.310569510835336,-44.310569510835336,WARNING_3,SYNTHETIC
3454000,32.177846837164,190970.77263980728,62.7816280312783,69.06885083889695,61.735291005836814,-47.735291005836814,WARNING_3,SYNTHETIC
1797000,19.0818917294034,139502.85438371915,48.772373659558376,46.04258536489183,15.401314372081613,-1.4013143720816128,WARNING_1,SYNTHETIC
2979000,25.824577336150156,188860.5743984043,58.07474321554772,59.09747564829757,52.0896936435493,-38.0896936435493,WARNING_2,SYNTHETIC
1441000,18.13757349481519,175544.3592693768,48.20753420045698,43.14714087539409,43.78293056738794,-29.782930567387943,WARNING_1,SYNTHETIC
3427000,37.245956614495896,191247.8688082781,60.30433949946713,69.38034256441618,62.37097609122562,-48.37097609122562,WARNING_3,SYNTHETIC
4874000,51.23693950628219,209724.15958763307,76.8246925414182,78.62514252771086,99.58621270988056,-85.58621270988056,HIGH_RISK,SYNTHETIC
1535000,17.54643416195796,138582.70399392984,49.61917910115726,42.383658155793654,18.32337994381628,-4.323379943816281,WARNING_1,SYNTHETIC
3443000,32.73419718247183,198277.32020130326,67.05289303730265,65.66387138760608,61.45317647378412,-47.45317647378412,WARNING_3,SYNTHETIC
1273000,18.611129640353838,131291.8238935793,42.470335593750065,47.28876009245644,29.755848104782938,-15.755848104782938,WARNING_1,SYNTHETIC
2467000,22.076188873767574,183580.9044688759,51.25198567345104,57.40173032150993,48.081711238849756,-34.081711238849756,WARNING_2,SYNTHETIC
607000,2.0041158264160073,115291.95210692317,32.32552262443063,32.46475853083427,0.8098353386168817,13.190164661383118,NORMAL,SYNTHETIC
3513000,33.81007067102907,197655.22155980964,63.53836629633742,62.37262055577095,64.53655114504342,-50.53655114504342,WARNING_3,SYNTHETIC
1712000,19.83175444085426,145570.06044606556,44.317321775879556,47.891103152007815,39.972436532961495,-25.972436532961495,WARNING_1,SYNTHETIC
2199000,28.109732165536897,180980.4169114936,57.60514644090339,54.1516251628868,52.02191566855319,-38.02191566855319,WARNING_2,SYNTHETIC
955000,8.814301691729103,129414.20322392427,33.363810880567065,35.933401254113974,0.8627152100734377,13.137284789926563,NORMAL,SYNTHETIC
2579000,20.959965663429003,185553.43606304066,54.742457950135275,52.87739294239431,48.84164932186442,-34.84164932186442,WARNING_2,SYNTHETIC
3897000,31.902559292269583,199968.33607048987,61.57744485885617,69.00059348360975,61.31998691032473,-47.31998691032473,WARNING_3,SYNTHETIC
4425000,53.03425761939056,228855.59797594193,87.13077184586989,75.02496359648555,88.1139585281306,-74.1139585281306,HIGH_RISK,SYNTHETIC
3380000,32.81315973745604,199988.2389988828,69.01213640298518,61.47570472421231,56.46827737731725,-42.46827737731725,WARNING_3,SYNTHETIC
3685000,32.879796093181085,197957.89562712918,64.54657228566899,62.39979974129616,56.764205779959546,-42.764205779959546,WARNING_3,SYNTHETIC
403000,1.9731780167657724,116213.08370162165,38.92541494795087,39.07197373336612,0.9647729952986859,13.035227004701314,NORMAL,SYNTHETIC
2071000,29.08174403261412,181173.87706276192,51.6615910891447,51.5427652837709,52.93346768384334,-38.93346768384334,WARNING_2,SYNTHETIC
4755000,46.492771266999526,245583.16730012803,81.30049722753618,87.28760873964029,69.80212355992836,-55.80212355992836,HIGH_RISK,SYNTHETIC
1977000,13.515023135018652,139838.70628788613,49.58769285018914,49.196736228698875,39.155577288980645,-25.155577288980645,WARNING_1,SYNTHETIC
158000,7.3975526057245675,118726.33319388526,34.14177521592671,39.16026254832444,1.4625892924847845,12.537410707515216,NORMAL,SYNTHETIC
1748000,19.68963968643454,152773.70954535692,42.94951993474981,47.809562767234524,39.051283379243465,-25.051283379243465,WARNING_1,SYNTHETIC
2909000,29.298632768996896,186067.50355876976,50.31971021676273,53.71377678656084,52.46089381550578,-38.46089381550578,WARNING_2,SYNTHETIC
3534000,37.77727556930933,192924.78919384096,61.54789991482008,63.35285506362764,65.401777747875,-51.401777747875,WARNING_3,SYNTHETIC
902000,1.3975234295069523,126975.84226272177,31.492277284402565,37.048734679721186,0.7036821011670777,13.296317898832923,NORMAL,SYNTHETIC
352000,5.971565380957489,115687.94269146818,32.347034890518955,30.38722601228996,2.0366687083491204,11.96333129165088,NORMAL,SYNTHETIC
1230000,18.022459591727788,175396.7482078068,43.099663376110456,42.385520546716805,5.928027588771682,8.071972411228318,WARNING_1,SYNTHETIC
4670000,53.99533400697145,217810.64686534688,76.68875080871132,74.49852489351443,91.45008714635624,-77.45008714635624,HIGH_RISK,SYNTHETIC
2140000,20.177860429971332,183269.4764632411,53.90583769731866,57.03649361297332,51.111708182572556,-37.111708182572556,WARNING_2,SYNTHETIC
444000,3.3826770115966425,113902.48482184672,34.81375397261658,38.78968872386457,0.506978968151941,13.493021031848059,NORMAL,SYNTHETIC
4948000,42.18977811235757,218718.40256038116,81.97686860252036,70.61387859514728,98.09056273108237,-84.09056273108237,HIGH_RISK,SYNTHETIC
754000,7.012673547397554,116991.27222904068,38.82077709438104,34.64602587193036,2.7875490171558033,11.212450982844196,NORMAL,SYNTHETIC
1737000,16.713546936524935,159842.305058443,44.45951640711011,43.418096368354014,10.840585621689893,3.1594143783101067,WARNING_1,SYNTHETIC
2971000,28.872836361476068,182265.61008128352,54.010632698816835,53.02293246992468,53.14615795396151,-39.14615795396151,WARNING_2,SYNTHETIC
4979000,55.88770550087085,211334.3631349259,70.53905942454402,87.2588711758469,93.03177851621763,-79.03177851621763,HIGH_RISK,SYNTHETIC
2920000,25.317457576594386,187415.65150831934,55.61022511766183,57.57916294734066,50.781919258253055,-36.781919258253055,WARNING_2,SYNTHETIC
311000,4.668626443634988,128478.0080109086,30.78743289882917,39.36906540022678,2.4345106035616526,11.565489396438348,NORMAL,SYNTHETIC
548000,7.6469055205937515,116276.93544223293,33.19665567627087,31.1444531897113,2.231983508065681,11.768016491934318,NORMAL,SYNTHETIC
4052000,56.42960573829767,240323.46276604483,79.16957113626549,85.44017741951124,81.63812438632384,-67.63812438632384,HIGH_RISK,SYNTHETIC
4761000,57.95685200077339,246858.13409640206,88.11151568034833,76.6485777884958,98.22555574860579,-84.22555574860579,HIGH_RISK,SYNTHETIC
1989000,14.884298572675329,132889.14296572589,48.587074636859896,43.927108293245425,17.46563957963329,-3.46563957963329,WARNING_1,SYNTHETIC
306000,4.388787565683111,121947.89058147682,35.2171421418584,30.618854770255766,1.7498397179634706,12.250160282036529,NORMAL,SYNTHETIC
2335000,29.319652647559558,180355.4339030627,54.94557315490629,53.863503617444024,47.320310093279105,-33.320310093279105,WARNING_2,SYNTHETIC
694000,8.999770366921947,123559.43705090089,38.748508488051634,37.51950508271743,1.3198634469889743,12.680136553011026,NORMAL,SYNTHETIC
2356000,24.90441155384496,185188.03549421346,59.39099594416881,52.20898502142183,47.53843323583613,-33.53843323583613,WARNING_2,SYNTHETIC
1927000,18.190994970854952,175606.93810798632,44.45973033568939,49.63179353286097,4.539946095291715,9.460053904708285,WARNING_1,SYNTHETIC
684000,6.583954331575815,112356.87801811662,32.85311993599214,31.84471584179106,2.9913463889081133,11.008653611091887,NORMAL,SYNTHETIC
749000,8.402592614691617,118990.64482247042,30.329360146983603,32.00270830090143,0.5102523060913899,13.48974769390861,NORMAL,SYNTHETIC
4008000,55.780990411200236,227693.4652268846,79.51438631940914,83.77713155179467,75.68104268472689,-61.68104268472689,HIGH_RISK,SYNTHETIC
1266000,13.346021115719859,133732.40692883442,43.27175170041106,49.34770304852562,23.25176972424797,-9.251769724247971,WARNING_1,SYNTHETIC
3285000,31.735454265408322,196760.64482630862,61.82220430374013,64.67086898620093,64.55780946151512,-50.55780946151512,WARNING_3,SYNTHETIC
3529000,32.92896907577557,190373.30261644785,63.721428658526506,60.40938976199757,62.78523453987774,-48.78523453987774,WARNING_3,SYNTHETIC
4423000,44.850381005893155,238745.32596425462,80.61324107796088,80.06590881457151,89.807718518889,-75.807718518889,HIGH_RISK,SYNTHETIC
3984000,32.69551025618772,195820.10882986133,66.51091008601864,68.19076058578736,62.45448625316297,-48.45448625316297,WARNING_3,SYNTHETIC
3083000,37.62727575958815,198614.0298819085,69.37024371770876,66.90127789079907,58.37242278425994,-44.37242278425994,WARNING_3,SYNTHETIC
3061000,39.76352398614071,191916.2818430294,61.50694321957417,60.17335307916103,64.13820480070707,-50.13820480070707,WARNING_3,SYNTHETIC
3025000,37.10482606339908,199944.41541179258,60.238440952402755,69.30946887994413,61.134099184758135,-47.134099184758135,WARNING_3,SYNTHETIC
970000,3.228024533914094,116244.28545844156,34.69133436972117,39.538498899501455,1.9546345096093911,12.045365490390608,NORMAL,SYNTHETIC
13000,8.240302196783304,129001.22189248874,34.410774296172846,36.98190244717716,0.320409102072143,13.679590897927858,NORMAL,SYNTHETIC
873000,4.318873187129991,129700.93393441742,32.495481759387204,31.198791339566732,1.8365190651921715,12.16348093480783,NORMAL,SYNTHETIC
808000,5.464175773921982,118180.70264091459,31.838081238785005,39.35683639398042,1.4214902586494091,12.57850974135059,NORMAL,SYNTHETIC
3198000,31.588780141632657,191854.7215522399,63.994865501322494,68.39977863157704,63.43473439309774,-49.43473439309774,WARNING_3,SYNTHETIC
514000,3.9403443564136036,127893.7577373563,32.32732146676187,39.1890972281009,0.5199364231096884,13.480063576890311,NORMAL,SYNTHETIC
4472000,46.25208057622961,245939.8620384615,78.13309488880132,89.82929962152018,82.30646846367942,-68.30646846367942,HIGH_RISK,SYNTHETIC
409000,9.7921216281733,124156.87788802896,39.31944369229996,31.0081137780178,0.6576020067831423,13.342397993216858,NORMAL,SYNTHETIC
3408000,33.650371587527346,197635.3413705088,69.31530046838805,61.108576345323726,62.30236070703253,-48.30236070703253,WARNING_3,SYNTHETIC
4342000,57.81198776764753,243955.48444662546,71.486707614301,84.87883291525701,97.26124215280754,-83.26124215280754,HIGH_RISK,SYNTHETIC
207000,6.963396327793146,119723.8415124455,34.42656015160258,30.625711158461595,0.37254719545731363,13.627452804542687,NORMAL,SYNTHETIC
3691000,31.69083484038174,197959.2655746256,60.292660329053405,63.334811611666645,65.29205540286091,-51.29205540286091,WARNING_3,SYNTHETIC
458000,7.899912345404391,128913.87303648947,32.731565407255204,30.204429831427507,0.3258359298257798,13.67416407017422,NORMAL,SYNTHETIC
3471000,34.07744451864351,197822.78035804312,63.025288022611306,67.66084354530246,63.792680596669214,-49.792680596669214,WARNING_3,SYNTHETIC
2430000,20.13902909207355,181322.9611605717,52.675396991912116,59.61273304739363,49.45505004712642,-35.45505004712642,WARNING_2,SYNTHETIC
3657000,37.830861232051454,192081.504683742,63.91765886002119,60.77836720801188,57.60907593052999,-43.60907593052999,WARNING_3,SYNTHETIC
110000,5.010831350535778,113079.27165155252,35.19167234914322,33.01793339960594,1.1005425470138885,12.89945745298611,NORMAL,SYNTHETIC
4589000,40.75655331312384,226940.01645425137,79.46683899199932,78.1140969874585,76.96657916321276,-62.96657916321276,HIGH_RISK,SYNTHETIC
4044000,47.30442968175714,238578.00607229018,86.99796441821574,84.4498742718705,99.27838366188625,-85.27838366188625,HIGH_RISK,SYNTHETIC
1883000,19.602156946075084,170091.4500024325,47.11395317525527,40.34428657318598,17.937866896804465,-3.937866896804465,WARNING_1,SYNTHETIC
1713000,16.89187029601073,161517.03902054447,42.43413461244219,47.18517566220699,37.35645864947801,-23.356458649478007,WARNING_1,SYNTHETIC
3958000,32.88668614828917,197678.18751591252,67.75471354380754,66.90164808666782,56.407999253874316,-42.407999253874316,WARNING_3,SYNTHETIC
3399000,32.75061527970626,195680.19966105695,61.150420984981245,64.46492393122483,60.30849856495794,-46.30849856495794,WARNING_3,SYNTHETIC
552000,2.5921545396316397,116059.29257674604,36.437404654242734,33.44037168259154,0.20456637336362166,13.795433626636378,NORMAL,SYNTHETIC
1439000,11.639903419378951,158751.17706338363,49.17183255156935,41.80449396691925,10.716747092740249,3.283252907259751,WARNING_1,SYNTHETIC
2270000,26.99552140166122,183191.49362549503,58.70641586948624,53.080065458283066,55.14868186321733,-41.14868186321733,WARNING_2,SYNTHETIC
3144000,33.676613915194196,197192.12368662842,66.9807252355695,67.92642441312485,62.9220553516069,-48.9220553516069,WARNING_3,SYNTHETIC
2821000,21.13286992045361,183252.0214922343,52.84659652372979,59.10985127896022,51.87872377021325,-37.87872377021325,WARNING_2,SYNTHETIC
4781000,51.539118266815294,222281.34916238053,70.2184675705584,70.7332809191031,74.34083637746754,-60.34083637746754,HIGH_RISK,SYNTHETIC
1925000,11.776072791992561,138452.648290635,42.0183375680556,44.7510052247024,44.78548857742776,-30.785488577427763,WARNING_1,SYNTHETIC
634000,1.428546556361891,129659.74343071814,35.209756327557734,35.89020820910218,2.0158344355343862,11.984165564465613,NORMAL,SYNTHETIC
4805000,59.77167125243045,237206.38159873785,77.06154106807426,76.76202866168046,97.18431009267536,-83.18431009267536,HIGH_RISK,SYNTHETIC
316000,4.339283901596975,121253.36027663866,31.74537131626788,37.37460445191815,2.817320022928181,11.18267997707182,NORMAL,SYNTHETIC
4217000,54.461418723427386,239627.15406872166,77.78603373713216,87.8021854366007,84.95798995885349,-70.95798995885349,HIGH_RISK,SYNTHETIC
4699000,53.45440453022286,221088.13668671122,88.22903746050687,77.38822701314383,90.6794522480913,-76.6794522480913,HIGH_RISK,SYNTHETIC
1328000,14.433906833948544,150153.03608473088,42.840248165348996,48.03344135391021,5.304212686075845,8.695787313924155,WARNING_1,SYNTHETIC
427000,8.474797817723044,111548.72170520877,36.91847061285653,38.784721553959876,0.5866932660324962,13.413306733967504,NORMAL,SYNTHETIC
4374000,53.535549026832676,220270.645008168,75.6108853371346,80.79011387033022,94.84611867051458,-80.84611867051458,HIGH_RISK,SYNTHETIC
105000,7.308633664599162,125486.71802366103,37.10359192022829,36.76018960089378,0.467353553485809,13.53264644651419,NORMAL,SYNTHETIC
3041000,38.24124705183512,194911.13670258253,67.97266741273918,69.27545423713215,59.105192203744004,-45.105192203744004,WARNING_3,SYNTHETIC
142000,9.25287280377985,126642.40150563972,37.66875568107198,39.96015755102527,0.29375399319188134,13.706246006808119,NORMAL,SYNTHETIC
2169000,21.552209914796713,187879.28605801353,56.16402879148957,52.35828190930259,53.79773748969954,-39.79773748969954,WARNING_2,SYNTHETIC
3458000,33.64058459998832,198857.57391793534,66.64205774063419,68.306432926668,63.1128849516592,-49.1128849516592,WARNING_3,SYNTHETIC
89000,5.4091940209096,119129.04389028544,34.66509263138343,39.19087127968556,0.6987756024768617,13.30122439752314,NORMAL,SYNTHETIC
2918000,28.047789831968306,189832.69646574729,52.907516957274915,53.37994714540959,54.19534331603968,-40.19534331603968,WARNING_2,SYNTHETIC
3237000,36.26646496580727,194947.84476132705,65.23158748718598,66.44863199416763,58.448027574487945,-44.448027574487945,WARNING_3,SYNTHETIC
2241000,20.133233447481427,180786.49141735223,52.306822107752936,53.19672122660519,46.762646854044135,-32.762646854044135,WARNING_2,SYNTHETIC
3174000,30.650006075234977,199152.02638377715,63.79309016992577,63.85434478381583,65.00203567294037,-51.002035672940366,WARNING_3,SYNTHETIC
3412000,37.98229738102672,196634.13649917077,60.15736079605095,69.84767941007053,60.413358941133104,-46.413358941133104,WARNING_3,SYNTHETIC
2163000,25.438186942726148,189314.56612402765,57.220650727273416,51.61681055741029,53.046740403577836,-39.046740403577836,WARNING_2,SYNTHETIC
2636000,29.693018169014927,187733.8942009912,50.19427801378531,50.16654995492332,53.4035636352684,-39.4035636352684,WARNING_2,SYNTHETIC
1949000,16.55527998372818,174518.00972471075,49.05282922217887,41.66315477717239,26.64643445696596,-12.64643445696596,WARNING_1,SYNTHETIC
1768000,13.580437931016203,170987.60475140193,49.77970388966863,45.69417105421671,32.848671156398886,-18.848671156398886,WARNING_1,SYNTHETIC
4290000,56.468708976033206,243970.92493656088,72.28915203698436,77.17825000261189,84.63499202358588,-70.63499202358588,HIGH_RISK,SYNTHETIC
2272000,26.076612567679906,189584.11173476544,52.855855169222274,58.939923691930375,54.836007450179025,-40.836007450179025,WARNING_2,SYNTHETIC
1000,4.862130269818061,119165.24083073028,34.463894921437095,35.94095986951188,1.199923668510532,12.800076331489468,NORMAL,SYNTHETIC
3282000,39.47657720061797,193092.4838772016,69.75746828073302,69.41829325926916,63.55610763413614,-49.55610763413614,WARNING_3,SYNTHETIC
4957000,49.083546790957115,229857.908050442,74.06025035679602,81.41856689357243,78.04236677991241,-64.04236677991241,HIGH_RISK,SYNTHETIC
1951000,14.611833234914993,178353.64290264843,46.17806404507066,45.06135371533632,45.75734172441581,-31.75734172441581,WARNING_1,SYNTHETIC
935000,2.819959042123479,112055.95392289499,34.71791507393847,32.63549662676991,0.6304587825687573,13.369541217431243,NORMAL,SYNTHETIC
4296000,46.06173442564288,220089.3426132485,86.55056358307746,77.88455539855566,87.89994593194473,-73.89994593194473,HIGH_RISK,SYNTHETIC
2720000,21.81710567137583,180947.34447898463,53.02127427002851,55.29719331488276,54.79177415538069,-40.79177415538069,WARNING_2,SYNTHETIC
4447000,44.29033451445763,230129.6579626629,87.10918910042044,78.49253050001539,97.19941677575925,-83.19941677575925,HIGH_RISK,SYNTHETIC
1109000,18.3831440678789,160016.47318086217,41.558612544311885,46.061729715248596,19.467644316193617,-5.467644316193617,WARNING_1,SYNTHETIC
3960000,37.55419494456935,199155.2595617806,65.11638107306607,61.60294825145589,62.972891267536774,-48.972891267536774,WARNING_3,SYNTHETIC
591000,4.94422448866047,111158.90689076259,38.93130306070032,33.28071142560941,1.59086578601058,12.40913421398942,NORMAL,SYNTHETIC
1695000,12.981871820604011,143972.71919600095,45.882981846380865,44.94808826115216,19.52175814338649,-5.521758143386489,WARNING_1,SYNTHETIC
3450000,33.399736793976494,197666.75019785576,63.34813298269174,61.45758123951726,64.13324210634919,-50.133242106349186,WARNING_3,SYNTHETIC
2936000,27.87287203201314,188956.36865934884,53.30205270641799,58.534202086826156,51.27029811879886,-37.27029811879886,WARNING_2,SYNTHETIC
4204000,52.40684096389725,246577.73718869942,72.51737352837844,86.95902033760811,66.9492709677796,-52.9492709677796,HIGH_RISK,SYNTHETIC
3411000,37.20272229900714,197598.87191025066,69.56377057900463,66.28436411564319,57.3346885614917,-43.3346885614917,WARNING_3,SYNTHETIC
1576000,19.824085212699813,152179.04643840803,49.03699213979032,40.32351549715447,9.315261861955415,4.684738138044585,WARNING_1,SYNTHETIC
3954000,34.312472572536535,196324.02677335098,69.90600624932478,66.7992429015797,63.24973603923936,-49.24973603923936,WARNING_3,SYNTHETIC
213000,8.076295830403913,117707.38961714206,34.82376004629114,35.902132743446245,0.517757812684793,13.482242187315206,NORMAL,SYNTHETIC
778000,7.8018490155905,116921.2764580947,32.59742252086637,37.58021083150307,0.9718632146040653,13.028136785395935,NORMAL,SYNTHETIC
1415000,14.738595791804546,137874.98596591523,48.37212492828139,48.29437755697946,27.1690033617841,-13.1690033617841,WARNING_1,SYNTHETIC
3759000,32.79154144402187,198512.80750874578,60.4103139329231,62.32427843623434,61.548518958288845,-47.548518958288845,WARNING_3,SYNTHETIC
2043000,26.62119146687199,182854.4593984223,50.62744460660904,57.23531916550733,54.642409721885564,-40.642409721885564,WARNING_2,SYNTHETIC
2848000,28.012942474750464,181761.0709623257,50.515899408913235,58.780585546111375,48.54366414755163,-34.54366414755163,WARNING_2,SYNTHETIC
4537000,49.343669543127234,218841.92859757028,75.5143855976539,70.10377410501306,81.88581423410501,-67.88581423410501,HIGH_RISK,SYNTHETIC
3505000,37.98138464451367,197939.44105997166,66.49876938315232,66.68009287624031,61.29990853196991,-47.29990853196991,WARNING_3,SYNTHETIC
3813000,39.73268775542715,195678.92117083754,64.3452484338546,61.024464067460045,56.97323854118802,-42.97323854118802,WARNING_3,SYNTHETIC
1567000,11.646035713028825,155086.2941266935,46.3754166493991,44.60683380905085,37.881827808538695,-23.881827808538695,WARNING_1,SYNTHETIC
165000,4.2641160979894615,127216.01947241073,32.70340970527639,36.906470731051535,0.8968632388140609,13.103136761185938,NORMAL,SYNTHETIC
4714000,55.55043932800776,238551.27506003054,83.37799061734488,75.7256755226414,89.02843077315484,-75.02843077315484,HIGH_RISK,SYNTHETIC
4272000,40.142144680490844,242024.32839969575,75.77462008583076,86.03634679595824,71.13628318443149,-57.13628318443149,HIGH_RISK,SYNTHETIC
4926000,48.87335303136934,217772.38869291046,71.94938870730469,85.61977239969457,66.39893938404009,-52.39893938404009,HIGH_RISK,SYNTHETIC
1343000,15.866054375729563,152589.7383380972,40.638960231204635,43.612456711669886,11.689945186210375,2.310054813789625,WARNING_1,SYNTHETIC
2013000,21.700731179797085,182885.8725209456,50.698230623312774,52.68079249903962,55.557811968341504,-41.557811968341504,WARNING_2,SYNTHETIC
273000,6.202065581776547,121695.05405609873,38.42455001452667,37.09926378142582,2.6149394275537396,11.38506057244626,NORMAL,SYNTHETIC
71000,4.595052064776798,122204.54888866491,34.48252354553744,39.64013702359797,2.0119326066059853,11.988067393394015,NORMAL,SYNTHETIC
3887000,30.97979127030628,198957.11821020587,67.03953795008628,61.68443111373806,62.510944182220015,-48.510944182220015,WARNING_3,SYNTHETIC
1087000,14.221503538444821,142076.1811039049,42.78849716838637,41.81256939968988,38.276724395772845,-24.276724395772845,WARNING_1,SYNTHETIC
394000,1.1082636358197049,126694.15328653871,35.95189352125426,37.404453547781266,1.2061492950974884,12.793850704902512,NORMAL,SYNTHETIC
583000,4.5072620589735575,115361.70209641103,31.946282116049222,37.224778231674705,2.9475343020831684,11.052465697916832,NORMAL,SYNTHETIC
1367000,17.862202985643002,140284.1471661223,47.85695384684228,47.59379360304145,38.13201331163087,-24.13201331163087,WARNING_1,SYNTHETIC
4987000,44.62792527076021,206912.17984555138,73.87045267320627,74.59319093179988,93.00268189944492,-79.00268189944492,HIGH_RISK,SYNTHETIC
4088000,48.16148024584147,249249.05205734263,74.06734057297822,85.23511574550152,72.53779326659591,-58.53779326659591,HIGH_RISK,SYNTHETIC
2548000,25.60819524996719,182764.77188607515,50.907205464061555,53.32355840797776,46.960824654708915,-32.960824654708915,WARNING_2,SYNTHETIC
1013000,17.28966410015215,161305.4894881487,47.209681401336596,43.67807574633059,15.93697131581106,-1.9369713158110606,WARNING_1,SYNTHETIC
4897000,52.416910117967895,246184.85530448332,72.2767366827988,88.01620074312854,97.79935794740334,-83.79935794740334,HIGH_RISK,SYNTHETIC
3003000,38.0863928877681,190837.0799774158,69.5713945129915,63.66785645212037,58.8847308307159,-44.8847308307159,WARNING_3,SYNTHETIC
4788000,59.577836782323224,241550.45380448236,84.48227805506038,72.97151070475158,78.15960651517554,-64.15960651517554,HIGH_RISK,SYNTHETIC
4407000,54.1933734749585,248415.49532638025,83.95699086175162,77.82670710064463,69.07360377425685,-55.07360377425685,HIGH_RISK,SYNTHETIC
3532000,31.046651807711616,198087.23878954997,61.940029615513424,60.93755431863238,61.63645134215648,-47.63645134215648,WARNING_3,SYNTHETIC
1763000,19.32505741955221,163894.72338799076,42.88401259656752,46.688654394868934,15.624376491116445,-1.624376491116445,WARNING_1,SYNTHETIC
1875000,14.830129977501983,155003.88627260382,41.32464962137114,43.11246930191602,18.44438334187426,-4.444383341874261,WARNING_1,SYNTHETIC
1259000,12.020600440480143,142267.1729828366,40.60444438275592,45.71723599147427,21.54198457050474,-7.5419845705047415,WARNING_1,SYNTHETIC
4530000,51.8273677401192,249857.29720444995,85.39801219976502,83.80358727959721,85.33028380988908,-71.33028380988908,HIGH_RISK,SYNTHETIC
2253000,23.226546443949236,182000.6518567192,50.34417423978026,52.54861854650214,46.250012916191054,-32.250012916191054,WARNING_2,SYNTHETIC
2781000,26.257062698326692,185301.12053629168,57.37870465074087,59.85933643335976,52.26042334187318,-38.26042334187318,WARNING_2,SYNTHETIC
3592000,35.47474610755871,192925.2240529535,61.192850745572834,64.35790827984204,59.07388082526505,-45.07388082526505,WARNING_3,SYNTHETIC
526000,9.434176791928557,117153.65263051949,39.13433659813064,31.08586547821553,2.2277367648976947,11.772263235102304,NORMAL,SYNTHETIC
4263000,57.00388550227329,209846.50928079124,85.53130913710957,76.93040523468066,81.99724034473601,-67.99724034473601,HIGH_RISK,SYNTHETIC
2946000,29.611596456900976,181421.38891333438,52.7430483776925,58.099290240793486,46.230449709593294,-32.230449709593294,WARNING_2,SYNTHETIC
377000,4.8535555273490285,127428.18173482428,36.021193918334276,39.15396937089632,0.7466765444830772,13.253323455516924,NORMAL,SYNTHETIC
1559000,11.57778719898824,141487.34659911308,48.94442057724915,48.75831554564849,32.03772958856003,-18.037729588560033,WARNING_1,SYNTHETIC
3820000,37.73859755659305,193033.4359574641,66.68668343497154,62.82113168442642,65.25091825079504,-51.25091825079504,WARNING_3,SYNTHETIC
1963000,13.17297642439768,149800.2335764271,47.13050913507133,45.618123588005886,44.99135968341734,-30.991359683417343,WARNING_1,SYNTHETIC
4732000,56.62074623612946,244267.13115699982,73.69343429334437,85.9884728841622,69.85907122903974,-55.85907122903974,HIGH_RISK,SYNTHETIC
348000,6.192667879153121,118352.38585308091,30.889287430502826,37.738497613190006,1.6548409612006767,12.345159038799324,NORMAL,SYNTHETIC
2434000,23.04743397783077,185145.2189413008,57.1768908017102,58.30634889477754,46.542723090132,-32.542723090132,WARNING_2,SYNTHETIC
2246000,20.568940849111083,182369.3439175739,55.275659052820714,59.63674982509394,51.88114774476786,-37.88114774476786,WARNING_2,SYNTHETIC
4166000,40.801947443235534,211771.7929827561,82.8436677707896,77.27610323278473,98.40950672667378,-84.40950672667378,HIGH_RISK,SYNTHETIC
1709000,16.199263695217606,137868.06959638593,46.694697936078654,43.56677227847589,29.38121908272597,-15.38121908272597,WARNING_1,SYNTHETIC
1050000,12.33268223700254,151592.96820873374,49.798658271390075,43.99294393004998,6.926483464265346,7.073516535734654,WARNING_1,SYNTHETIC
590000,9.161652034835436,113903.71059637312,37.676610326987415,38.03882740308873,0.8592656476388663,13.140734352361134,NORMAL,SYNTHETIC
519000,8.279126135782041,113953.33964509278,32.151312180782746,37.653765223943275,0.886744360706039,13.11325563929396,NORMAL,SYNTHETIC
4752000,40.87428671839275,244619.52586034389,76.580596035282,88.29965937780138,90.9279170118946,-76.9279170118946,HIGH_RISK,SYNTHETIC
4308000,58.238884547718285,247963.9499005552,88.7843353129164,89.35739709735854,96.39943228145584,-82.39943228145584,HIGH_RISK,SYNTHETIC
2477000,24.394436622581022,188571.56103498806,55.72913164594518,56.505992928836406,54.40604193445215,-40.40604193445215,WARNING_2,SYNTHETIC
1083000,10.610637489604283,134165.37773000967,42.16089231891576,45.81667226020183,11.9951556052648,2.0048443947351995,WARNING_1,SYNTHETIC
3588000,31.45806083723396,197971.38874435326,65.70096337365912,61.041891555289645,59.23976580370298,-45.23976580370298,WARNING_3,SYNTHETIC
4778000,46.94930793693954,237301.4502057166,73.44054204544389,74.00888009879543,86.83361782886604,-72.83361782886604,HIGH_RISK,SYNTHETIC
4509000,46.64452695406353,243983.08227256057,85.3062062974619,86.90601769553138,82.42309788706274,-68.42309788706274,HIGH_RISK,SYNTHETIC
1294000,17.64777821307669,136584.70592510584,46.49717376923975,46.912678381608615,9.960018868252943,4.039981131747057,WARNING_1,SYNTHETIC
1809000,17.57402610761159,169403.85830647772,40.40304503464634,48.81624983024811,36.03675356567944,-22.03675356567944,WARNING_1,SYNTHETIC
791000,4.643429625345281,116153.3093275806,30.751394079321962,33.24770628634481,0.24711262990790922,13.752887370092092,NORMAL,SYNTHETIC
792000,3.7951935823993432,114332.44728368086,37.398310940385045,30.23291060004693,0.9678435026930381,13.032156497306962,NORMAL,SYNTHETIC
4114000,53.73712782564779,227788.93462055988,83.49712541296373,72.89387650313718,68.71724003686161,-54.71724003686161,HIGH_RISK,SYNTHETIC
1855000,18.22571583270755,146847.0054582577,47.941452163403845,41.923930247566105,7.177789922665411,6.822210077334589,WARNING_1,SYNTHETIC
4757000,51.10234595149123,224253.19647163703,87.52394881761761,71.32308154219137,72.90872831780057,-58.908728317800566,HIGH_RISK,SYNTHETIC
1980000,15.058600422315013,178440.7173994336,44.0436472635921,45.37167881317715,15.156934077212068,-1.1569340772120675,WARNING_1,SYNTHETIC
3233000,35.11117261298042,194256.60788563473,67.4777227435932,67.51476813648586,64.8722667754026,-50.87226677540259,WARNING_3,SYNTHETIC
3908000,33.8198944209469,194517.28664387268,67.56169147356181,61.78393148080451,65.60589022460327,-51.60589022460327,WARNING_3,SYNTHETIC
4984000,47.534600008183176,203910.25595071047,88.1446339994077,85.66347136267412,99.97032087101022,-85.97032087101022,HIGH_RISK,SYNTHETIC
3328000,35.815796770056146,191453.47663504462,60.69000086524626,62.850446493335966,58.245448192767896,-44.245448192767896,WARNING_3,SYNTHETIC
1530000,13.497062485950309,143704.1058671874,41.19799301212835,46.45632965418554,26.329679222751388,-12.329679222751388,WARNING_1,SYNTHETIC
1410000,12.749722477092538,130901.32494212622,47.67337307013236,46.88894520518933,17.782457474263303,-3.7824574742633033,WARNING_1,SYNTHETIC
4294000,41.42969636230688,231632.21623533714,75.94164140687263,71.76811546944965,85.73158986081417,-71.73158986081417,HIGH_RISK,SYNTHETIC
4648000,50.637876369488595,223855.8217425808,74.65894403972679,73.57454928956986,84.74717330411445,-70.74717330411445,HIGH_RISK,SYNTHETIC
83000,2.4693616951877946,126866.45771523958,31.813214587658525,37.8091899103078,1.067025684076116,12.932974315923884,NORMAL,SYNTHETIC
868000,1.8787897990144196,120570.83457884906,39.30711181205647,36.2011262894734,1.4390772452051992,12.5609227547948,NORMAL,SYNTHETIC
2350000,22.71373435129455,180537.14152754893,58.75374550907951,57.41096398731903,46.15684851313699,-32.15684851313699,WARNING_2,SYNTHETIC
20000,7.67117211275129,127849.75379374652,36.51334998740047,33.93250134400667,0.8207520154551049,13.179247984544896,NORMAL,SYNTHETIC
3424000,35.13761357065361,197114.57859288447,68.90093453219876,66.70764820681784,60.9690963167211,-46.9690963167211,WARNING_3,SYNTHETIC
2795000,25.635589356059764,187370.0471080105,56.354167746742796,56.399539083023555,52.5325579320694,-38.5325579320694,WARNING_2,SYNTHETIC
4572000,49.638694074454456,238304.7002704652,72.8304750615714,85.30434975104136,98.32381697537812,-84.32381697537812,HIGH_RISK,SYNTHETIC
1562000,11.10187451467507,135907.19320449955,41.29109441920386,48.68425847325706,5.559774606791597,8.440225393208403,WARNING_1,SYNTHETIC
3093000,37.97455636018374,190325.31496375412,61.057851563299565,64.03881981677199,63.159019680121105,-49.159019680121105,WARNING_3,SYNTHETIC
3155000,38.0031636874561,198292.2714734223,65.13735080383162,63.09594691732157,64.96064727037589,-50.96064727037589,WARNING_3,SYNTHETIC
973000,9.068265987136924,117379.7710660069,39.30594270876904,31.969798253189875,2.643855489587114,11.356144510412886,NORMAL,SYNTHETIC
1710000,17.745447291753838,137737.0402265448,44.40473506261522,47.216140577519496,37.98769207969372,-23.987692079693723,WARNING_1,SYNTHETIC
3201000,33.770566417730706,195575.72337055375,60.78415624202076,63.13446881785005,61.35740829215868,-47.35740829215868,WARNING_3,SYNTHETIC
4371000,42.6296066368869,227345.50985120895,72.72676935411904,79.85844926939255,74.37148446388986,-60.37148446388986,HIGH_RISK,SYNTHETIC
4819000,57.55968828626638,249522.31441505282,79.89347284935221,85.86731988439787,99.73409835610043,-85.73409835610043,HIGH_RISK,SYNTHETIC
1098000,18.296449056850065,161917.70224127776,42.42578897755029,44.57598594503072,26.979820516628706,-12.979820516628706,WARNING_1,SYNTHETIC
4161000,41.1806486471895,219193.58235775435,81.74913200311686,77.84734206973471,75.74918193074052,-61.74918193074052,HIGH_RISK,SYNTHETIC
2844000,22.222980767606806,184529.80780711252,51.87705733430321,57.48506275362428,46.475310653733686,-32.475310653733686,WARNING_2,SYNTHETIC
886000,4.468141446819444,112544.51923783656,30.24229354087585,39.86892202538008,0.5053520581508076,13.494647941849193,NORMAL,SYNTHETIC
4931000,57.71539483941845,226868.46167631543,85.54116281398366,80.61944633911244,81.59308628664292,-67.59308628664292,HIGH_RISK,SYNTHETIC
3678000,37.49373025906843,198862.21784470094,66.37604835742899,68.18294915955725,62.25728422128276,-48.25728422128276,WARNING_3,SYNTHETIC
4580000,42.74930361651663,222328.5372846222,71.28475809411702,70.37252248868145,87.9967271714965,-73.9967271714965,HIGH_RISK,SYNTHETIC
3566000,37.24077360602188,191588.50236631354,62.56974279669233,66.31279135952197,65.98357013705564,-51.98357013705564,WARNING_3,SYNTHETIC
4401000,52.167181644141266,228150.63119182808,80.60760705392302,87.75668233176442,66.81536059352308,-52.81536059352308,HIGH_RISK,SYNTHETIC
515000,2.522351117686026,115451.72994831784,38.366407464065446,37.55371541225308,1.0408950735444442,12.959104926455556,NORMAL,SYNTHETIC
4620000,47.0403730699379,238826.57154949912,81.58246579269834,74.18462138426128,79.68395502014344,-65.68395502014344,HIGH_RISK,SYNTHETIC
737000,3.658229805296019,114318.49580862532,35.296252409594835,37.24736218451292,0.33869783778725226,13.661302162212747,NORMAL,SYNTHETIC
1453000,11.828068597395186,143678.19212701134,46.07147239612474,49.74356252696741,31.730197882520805,-17.730197882520805,WARNING_1,SYNTHETIC
3971000,36.98523563016066,199688.27631135244,66.25789821486482,61.53450657367272,64.4012206123392,-50.4012206123392,WARNING_3,SYNTHETIC
4700000,58.58905788966122,208053.45941869545,76.37901390182003,76.4379265160993,74.94017262096335,-60.94017262096335,HIGH_RISK,SYNTHETIC
2506000,25.878447692638805,184870.19925983678,57.07212497846488,51.42766520542833,53.75255893913713,-39.75255893913713,WARNING_2,SYNTHETIC
2994000,28.485810557380766,181442.80561624374,58.04623437080532,53.87519710825251,53.72594849897565,-39.72594849897565,WARNING_2,SYNTHETIC
2126000,20.209065131955803,183543.56320512953,53.06715376448893,56.23929555298982,49.388788927578915,-35.388788927578915,WARNING_2,SYNTHETIC
2926000,25.622373935621578,183923.14770426322,56.38335644353556,54.039646762460926,50.75243114394954,-36.75243114394954,WARNING_2,SYNTHETIC
4745000,59.96237450950798,246180.20988546417,80.28438594756628,83.40159561457786,92.1923123114058,-78.1923123114058,HIGH_RISK,SYNTHETIC
906000,5.360457698331842,118857.03042463805,39.6790673148336,38.12905347695761,2.6624170086702716,11.337582991329729,NORMAL,SYNTHETIC
3647000,37.86831044902705,192895.56450123567,63.39184564236079,68.94316138348924,59.212752399681555,-45.212752399681555,WARNING_3,SYNTHETIC
1030000,10.173818671095649,148431.71793039903,40.10945780089246,45.95235715067546,17.53445214111159,-3.53445214111159,WARNING_1,SYNTHETIC
2507000,20.939105642577438,180037.4363179715,55.116155440755854,57.84159278514106,46.76464731064326,-32.76464731064326,WARNING_2,SYNTHETIC
2428000,24.316002658701056,180742.41193105248,59.97810773233613,51.862168913366894,50.04610293436867,-36.04610293436867,WARNING_2,SYNTHETIC
947000,8.491744914739394,128591.45831134444,37.98350812759861,30.911314454263827,2.392647281784379,11.60735271821562,NORMAL,SYNTHETIC
3806000,38.271311403324496,196248.8372615108,61.81910505120418,68.15452114581909,57.630517469930595,-43.630517469930595,WARNING_3,SYNTHETIC
4754000,52.16873945609218,232871.28484361066,74.58641191194559,83.29804069647145,69.12720111683703,-55.12720111683703,HIGH_RISK,SYNTHETIC
715000,2.629578235591395,125403.8622707571,32.26397540411334,38.323663584650006,0.7426193157627554,13.257380684237244,NORMAL,SYNTHETIC
4055000,40.84794859145339,217894.47554024708,72.4630170343386,81.75977860710228,74.32636293550621,-60.32636293550621,HIGH_RISK,SYNTHETIC
686000,4.6993595892464395,120057.49873960706,32.38785329358683,33.48013014671071,0.9994251767331654,13.000574823266835,NORMAL,SYNTHETIC
703000,8.693966414559107,122764.47105852675,38.12296946470286,36.843058196797614,1.2460548181226956,12.753945181877304,NORMAL,SYNTHETIC
3341000,39.79336165290369,196754.4270164099,63.814226499986816,67.47303805873207,61.25881243668411,-47.25881243668411,WARNING_3,SYNTHETIC
2353000,27.450958824932137,181467.38655638703,56.233161549079824,57.39094714940756,47.03233161897673,-33.03233161897673,WARNING_2,SYNTHETIC
2257000,24.16645341267668,183537.69543696273,50.14170594695005,56.997617344974856,50.632402296684475,-36.632402296684475,WARNING_2,SYNTHETIC
3551000,33.84025102387151,196222.40540802403,61.43149253378416,63.42553395826343,56.70167828050154,-42.70167828050154,WARNING_3,SYNTHETIC
473000,2.1800325668803353,119952.95404730758,35.19753659695843,34.095023368643886,0.3133970654134296,13.68660293458657,NORMAL,SYNTHETIC
21000,4.119828519542842,124992.37237845735,31.086669708042685,37.423326548539464,0.7414790075143565,13.258520992485643,NORMAL,SYNTHETIC
2752000,26.84248439354936,186217.5050980672,55.7853173636458,58.916720351412266,49.70776314168352,-35.70776314168352,WARNING_2,SYNTHETIC
885000,4.319412649370435,116613.53993892705,32.21823302174678,30.393193830332706,2.567282116403199,11.432717883596801,NORMAL,SYNTHETIC
2448000,20.565026433640377,186901.86173832428,58.11970654444941,58.860053637566295,52.25417650352528,-38.25417650352528,WARNING_2,SYNTHETIC
917000,2.212583116164686,124496.33644493746,38.543927909934986,35.44850033689461,2.0701868361639013,11.929813163836098,NORMAL,SYNTHETIC
3757000,30.728657793774907,195257.9055608808,68.87744787473738,63.03909848696625,58.61345564365948,-44.61345564365948,WARNING_3,SYNTHETIC
3751000,37.8802209034176,195158.15473169793,63.48256329014434,68.48085674117215,63.41350333640612,-49.41350333640612,WARNING_3,SYNTHETIC
2239000,24.070648533321265,181372.64617656256,57.67692888285789,51.23458819864329,46.1963534574393,-32.1963534574393,WARNING_2,SYNTHETIC
3844000,39.29555063845973,198142.3690927847,67.5234772623213,63.08831109245376,65.55534726540198,-51.55534726540198,WARNING_3,SYNTHETIC
3395000,39.27200996194587,192764.11587414113,69.03405902990613,68.38106620057593,63.06063295109772,-49.06063295109772,WARNING_3,SYNTHETIC
1265000,10.592413778658578,171918.4060152666,40.64043159427162,49.648961510265046,33.75004382471048,-19.75004382471048,WARNING_1,SYNTHETIC
483000,3.789960019591694,114559.35544446365,33.38305524602964,35.62982242066377,0.8761693697410231,13.123830630258977,NORMAL,SYNTHETIC
4337000,43.184296110541226,224897.7880769731,76.67405483564382,71.24434051021342,85.67567566397406,-71.67567566397406,HIGH_RISK,SYNTHETIC
2963000,26.92302873605928,182460.09287124395,57.70330237956535,54.88886705390202,55.76925430657635,-41.76925430657635,WARNING_2,SYNTHETIC
1219000,11.314467349158642,151818.51101268077,42.0369314012252,48.138476488675984,10.057684088900269,3.9423159110997315,WARNING_1,SYNTHETIC
277000,5.439830885795625,112065.669582141,32.16269309797551,35.33358587514701,2.598862716422973,11.401137283577027,NORMAL,SYNTHETIC
988000,4.013152355933533,129746.25239914288,31.60338124942868,39.90442178925322,2.774311388229682,11.225688611770318,NORMAL,SYNTHETIC
2084000,26.59254412876564,183113.9989387764,58.87298569842213,54.912513755497315,53.098567054619615,-39.098567054619615,WARNING_2,SYNTHETIC
1245000,16.56532948476541,134559.3856071021,49.87325266493496,41.760490280519484,28.57428625994173,-14.57428625994173,WARNING_1,SYNTHETIC
2382000,20.31578573987728,184589.23571105665,57.77765106254703,52.292893847462246,53.10493468376179,-39.10493468376179,WARNING_2,SYNTHETIC
571000,8.431414084927242,121363.34702582729,35.57583496826383,31.404501583890227,2.653765074313048,11.346234925686952,NORMAL,SYNTHETIC
1435000,11.009295359192292,149427.38798728364,44.39807296516769,47.86175840947339,26.93421315430647,-12.93421315430647,WARNING_1,SYNTHETIC
993000,2.8652005775087748,111424.88954733183,35.48954532694496,33.23573437249333,1.1950076369967957,12.804992363003205,NORMAL,SYNTHETIC
3930000,36.39326096838292,198956.17110044212,64.18616393248381,68.7451842661338,65.95552175180397,-51.95552175180397,WARNING_3,SYNTHETIC
3447000,34.84430617232853,191046.98214149178,62.956661017832985,60.77817317052419,58.61421513692938,-44.61421513692938,WARNING_3,SYNTHETIC
585000,6.551323715209733,128776.10708414076,34.452567055360404,38.00712973554527,2.353373358752057,11.646626641247943,NORMAL,SYNTHETIC
3658000,36.830828922724635,196266.87567537522,62.74860887914726,63.633253926255676,59.53104901733708,-45.53104901733708,WARNING_3,SYNTHETIC
2514000,29.199775942071934,182655.98417396581,55.14221035893394,52.089676521457754,51.56940416109521,-37.56940416109521,WARNING_2,SYNTHETIC
1349000,12.117431612372622,164440.7399170979,41.38782260023568,40.60241085116736,4.075608781540519,9.92439121845948,WARNING_1,SYNTHETIC
1007000,16.54272037218401,172707.51117301325,40.633078968403595,48.1718930243192,26.600973372054074,-12.600973372054074,WARNING_1,SYNTHETIC
674000,6.237872995637672,125616.76709038096,35.81999128756414,37.906735916446095,2.048329374869686,11.951670625130314,NORMAL,SYNTHETIC
2412000,21.386465920744236,188196.57340968063,59.158991227884414,57.396946854058875,47.02998833020068,-33.02998833020068,WARNING_2,SYNTHETIC
2903000,24.82245731824932,182804.1401762398,59.54746543490231,55.137739876886315,49.79734139156644,-35.79734139156644,WARNING_2,SYNTHETIC
447000,6.381583732598212,120744.3776738868,34.04276456330449,37.565469634019074,1.570205750545486,12.429794249454513,NORMAL,SYNTHETIC
3834000,30.373021810343886,198662.38494746777,66.3290551389968,62.04384342384764,64.07057519467263,-50.07057519467263,WARNING_3,SYNTHETIC
3758000,37.10523026039913,194617.5071605665,62.50641913745579,62.67307989119165,63.03602508412005,-49.03602508412005,WARNING_3,SYNTHETIC
3703000,38.294314498311685,196545.13061342933,60.27334320356012,62.7632105093269,56.730300819138456,-42.730300819138456,WARNING_3,SYNTHETIC
359000,6.276422285398988,113267.83400298908,31.50129556749257,36.66962163563406,2.2767330221263333,11.723266977873667,NORMAL,SYNTHETIC
2064000,25.765496241090347,182219.23180212188,53.31939400293486,53.56505894716072,50.42568748893227,-36.42568748893227,WARNING_2,SYNTHETIC
4449000,47.31320031778557,225787.92328073806,83.99549010033888,82.10264387166119,98.52506710936512,-84.52506710936512,HIGH_RISK,SYNTHETIC
3810000,36.58665420126194,199297.71867896206,68.62639892857199,67.58913277701657,59.92900741721988,-45.92900741721988,WARNING_3,SYNTHETIC
1690000,15.501844652740802,152553.91850533147,40.41399981282779,45.10931222472752,22.315005720958247,-8.315005720958247,WARNING_1,SYNTHETIC
4326000,42.33047822926719,230329.87913507508,87.3408572742391,89.9365746383697,71.25286756981693,-57.25286756981693,HIGH_RISK,SYNTHETIC
1548000,16.742121469484218,166081.3551299633,41.212461753517644,47.46155592338184,25.625781520754327,-11.625781520754327,WARNING_1,SYNTHETIC
1247000,12.094419966248708,178176.10468159476,42.049851229688365,40.8238072160908,18.735980064433186,-4.7359800644331855,WARNING_1,SYNTHETIC
1985000,13.72529552292999,161460.26774354087,42.099689416419665,47.51094955479773,44.23947707805519,-30.239477078055188,WARNING_1,SYNTHETIC
294000,8.423459574060224,116914.61611525265,32.99125144166522,34.86982082304995,2.4668217665166785,11.533178233483321,NORMAL,SYNTHETIC
1547000,16.254517283901322,157975.90936427057,40.64090827337551,45.55569301058424,33.068307509333735,-19.068307509333735,WARNING_1,SYNTHETIC
2012000,20.534888621376513,186701.46737209384,58.94733677409435,59.86980412911358,53.89462283327793,-39.89462283327793,WARNING_2,SYNTHETIC
588000,2.6861064850317584,115925.9926090697,34.51090160803906,37.79357544785805,2.0025234701584953,11.997476529841505,NORMAL,SYNTHETIC
3329000,32.729969208357176,190956.88968797904,61.35912480097842,63.39318952663467,65.96387712606017,-51.96387712606017,WARNING_3,SYNTHETIC
2403000,25.888808732648144,181727.63380514117,54.02417581056015,56.798099103496064,53.409323234987305,-39.409323234987305,WARNING_2,SYNTHETIC
2129000,23.893173836359914,187900.67785462836,58.72566522549445,51.33086410915198,48.97329489870839,-34.97329489870839,WARNING_2,SYNTHETIC
4388000,47.75117141780105,241760.070846096,71.80583848210317,78.52830780227917,67.30672549397205,-53.30672549397205,HIGH_RISK,SYNTHETIC
2410000,25.117017300047348,181552.85624179398,56.864966989481715,58.0585009301488,49.54972451434404,-35.54972451434404,WARNING_2,SYNTHETIC
2719000,25.682763713185295,189834.23916533557,52.405043157562595,50.97774596002773,49.40328737231109,-35.40328737231109,WARNING_2,SYNTHETIC
425000,8.053039935562854,117830.13683368862,37.25700970722536,35.286624185631105,1.261944661641564,12.738055338358436,NORMAL,SYNTHETIC
2582000,25.141313561757162,183333.75364942403,56.07449579844976,56.627474344197566,50.76108614461013,-36.76108614461013,WARNING_2,SYNTHETIC
1054000,18.186518668043103,131384.1813811347,41.33813382850351,49.365694242671694,38.97376546413245,-24.97376546413245,WARNING_1,SYNTHETIC
3966000,35.633672724635076,193855.03662034933,69.16556760274801,67.61230510889658,62.7142188756823,-48.7142188756823,WARNING_3,SYNTHETIC
4562000,50.83675913737606,205263.43701518446,78.64025227758515,77.5940326349182,86.4628659951312,-72.4628659951312,HIGH_RISK,SYNTHETIC
556000,3.5701221067678497,128600.06694709434,30.250402030051838,34.9827915871033,2.3553004685818184,11.644699531418182,NORMAL,SYNTHETIC
4358000,45.69994242703679,205666.74708212394,83.59599085828725,80.27368118502048,96.75076154807556,-82.75076154807556,HIGH_RISK,SYNTHETIC
3938000,37.35730066814814,198510.61434677494,63.969666957452894,62.68290124924411,59.59514106979899,-45.59514106979899,WARNING_3,SYNTHETIC
4712000,49.546855522023286,229087.60895077765,71.67603657360341,82.3869805336699,79.75712631256773,-65.75712631256773,HIGH_RISK,SYNTHETIC
2469000,22.626459945718555,187570.84592505917,52.208577593367394,52.5309333142639,55.36681092760344,-41.36681092760344,WARNING_2,SYNTHETIC
4710000,57.411353708611884,239404.97024947059,82.4054543917601,85.34652361764746,94.23795574187889,-80.23795574187889,HIGH_RISK,SYNTHETIC
355000,5.599159624515481,110479.40711055911,37.95525526228602,33.563174836569395,2.136351611900772,11.863648388099229,NORMAL,SYNTHETIC
1193000,16.78177829802454,154298.9892188865,44.97780768695566,49.25346627785463,14.189370030371368,-0.1893700303713679,WARNING_1,SYNTHETIC
1716000,18.279831649874673,166994.99166694493,45.44519622494901,42.03082883382671,14.452051113798802,-0.45205111379880236,WARNING_1,SYNTHETIC
3416000,34.351392471793545,194793.82339733935,61.21676898651047,62.737439782882866,60.81464227635716,-46.81464227635716,WARNING_3,SYNTHETIC
2604000,24.375340643509055,181902.89613180846,52.1205563164467,52.075749552820454,54.890097097301236,-40.890097097301236,WARNING_2,SYNTHETIC
4129000,42.10509789031832,201829.4418593712,85.90796938504495,75.84886539270737,73.05098968204985,-59.050989682049845,HIGH_RISK,SYNTHETIC
2828000,26.15085328388742,182466.55870026918,57.45610536701358,54.18126517503671,50.464378446786824,-36.464378446786824,WARNING_2,SYNTHETIC
1704000,15.409475157057084,152924.79204625575,44.33150697800165,44.83151575116895,16.271395637667304,-2.271395637667304,WARNING_1,SYNTHETIC
2863000,22.15972630774261,188053.15615275814,51.688266720038,54.45840042043765,47.60396992421736,-33.60396992421736,WARNING_2,SYNTHETIC
2618000,29.599733858854187,182867.6403431159,52.82773745562206,50.1879496360981,50.12672321915914,-36.12672321915914,WARNING_2,SYNTHETIC
2400000,29.281493328912948,187866.0760714179,56.750231009344105,52.330321932706994,47.34631514067399,-33.34631514067399,WARNING_2,SYNTHETIC
2139000,20.558322099655616,181706.24383213365,57.67198344271863,58.27532336790202,53.94621651315238,-39.94621651315238,WARNING_2,SYNTHETIC
3239000,32.91485568191771,199524.96129967092,60.19838620018091,60.37884047036087,62.26922739684602,-48.26922739684602,WARNING_3,SYNTHETIC
2383000,28.188415172964675,185335.38825562916,53.29777575316822,50.34066362639079,47.09681892047752,-33.09681892047752,WARNING_2,SYNTHETIC
3218000,30.106843433546064,196393.3339603737,60.918737050074895,63.87337697755056,65.78665143166631,-51.786651431666314,WARNING_3,SYNTHETIC
3935000,30.121193573423824,195957.73064551092,64.99324392997592,66.85044935870427,65.82143951350835,-51.82143951350835,WARNING_3,SYNTHETIC
1285000,11.211633675022359,158036.87858750188,49.144072218694596,41.759976438429646,7.489224486062811,6.510775513937189,WARNING_1,SYNTHETIC
3796000,30.545740326761106,195575.69679559473,69.39946177119393,61.88444819200851,63.04268124970921,-49.04268124970921,WARNING_3,SYNTHETIC
4894000,49.896902964308254,248630.66167124122,79.05228585778947,82.1307865866324,76.84470742306391,-62.84470742306391,HIGH_RISK,SYNTHETIC
4468000,59.08343712012358,243359.9500179473,72.74027128932052,85.10337864091304,81.3665584479436,-67.3665584479436,HIGH_RISK,SYNTHETIC
2087000,28.311789285403663,185904.52466257772,51.610498584144224,51.395362941932326,46.93493257096741,-32.93493257096741,WARNING_2,SYNTHETIC
1889000,10.940054475588731,161410.0181034859,46.625060349741304,40.4569994994144,42.35909627201274,-28.359096272012742,WARNING_1,SYNTHETIC
4622000,52.28393685623294,204565.49547936968,72.82716642872761,75.60934753798702,74.03205122475012,-60.03205122475012,HIGH_RISK,SYNTHETIC
1591000,17.93221792125953,164649.06753475164,49.06670948324547,40.53088346246392,7.282164389030683,6.717835610969317,WARNING_1,SYNTHETIC
1346000,17.26175408130835,177735.29089038968,43.4641619268286,46.30724891541105,20.244258992168263,-6.2442589921682625,WARNING_1,SYNTHETIC
4431000,57.57259292473556,243042.08233937377,87.06432449138798,71.53251730827346,71.0780565530544,-57.078056553054395,HIGH_RISK,SYNTHETIC
2162000,23.813371454088898,182500.83883300814,51.80037446773409,58.2934542823849,54.49228700974624,-40.49228700974624,WARNING_2,SYNTHETIC
2396000,20.636303230663305,188385.02867458566,52.31236885018677,51.46815216159404,52.60594831556565,-38.60594831556565,WARNING_2,SYNTHETIC
4768000,41.81252440604518,249022.13126706774,79.19929959557885,78.24261099816198,84.0323469209289,-70.0323469209289,HIGH_RISK,SYNTHETIC
2271000,28.532506324361766,183198.41131569614,51.84386188132657,56.265411455681694,54.032514944937944,-40.032514944937944,WARNING_2,SYNTHETIC
4490000,43.603346136651204,208331.4121740966,83.9066637296484,87.93004802135724,86.91392790028539,-72.91392790028539,HIGH_RISK,SYNTHETIC
3111000,33.73500441993347,195306.4662173175,67.35444959470905,69.43434489803724,59.684039046759736,-45.684039046759736,WARNING_3,SYNTHETIC
1137000,10.494867466860125,139526.79582964315,42.40404164309928,40.53748910969868,29.923268229808425,-15.923268229808425,WARNING_1,SYNTHETIC
3895000,38.30220771641926,197685.09631614786,69.44893903397485,64.20650798390228,64.34994470959661,-50.34994470959661,WARNING_3,SYNTHETIC
972000,2.0467891345138596,124662.4894911909,31.28182073182804,35.218871538506335,1.0877163761464685,12.912283623853531,NORMAL,SYNTHETIC
795000,4.049012167583193,115900.38417424791,35.7966471931006,36.53090066304183,0.7080724748440339,13.291927525155966,NORMAL,SYNTHETIC
3020000,38.56517793239637,191810.9734285036,66.24660138550702,68.90860266007542,64.59436502418681,-50.594365024186814,WARNING_3,SYNTHETIC
1711000,15.549856739772025,172817.57943297218,47.81548234470418,41.39942745741978,20.441476992819627,-6.441476992819627,WARNING_1,SYNTHETIC
3387000,32.2298688904721,193725.69006431158,66.88980769984335,63.14258399548379,60.62925782962614,-46.62925782962614,WARNING_3,SYNTHETIC
36000,2.1433092469521506,116847.24866600108,39.42404250808522,36.177859363885545,1.077311151064544,12.922688848935456,NORMAL,SYNTHETIC
453000,2.5235250485180285,128976.86214011569,37.90243155389435,30.35090765922808,2.0492662677814337,11.950733732218566,NORMAL,SYNTHETIC
913000,9.664203752606637,120989.87225600117,36.73513714725244,33.86373936264664,2.8352861061105195,11.16471389388948,NORMAL,SYNTHETIC
4081000,52.73984644064981,236247.6563153643,72.55372577009807,77.50462912459663,96.65027210543167,-82.65027210543167,HIGH_RISK,SYNTHETIC
1199000,15.474455452143614,179488.47189988886,46.956280098449255,42.10676327310615,24.508307282464465,-10.508307282464465,WARNING_1,SYNTHETIC
1274000,13.880566580471353,131770.44172860656,47.12763676235224,42.74239226534659,28.87758299452723,-14.87758299452723,WARNING_1,SYNTHETIC
2375000,27.780638116649143,180655.76849654588,51.97865218385988,59.08412999940145,50.394892650907366,-36.394892650907366,WARNING_2,SYNTHETIC
37000,5.186203350788217,118163.13336462025,30.222688206296,30.04984965294473,2.571134570031169,11.42886542996883,NORMAL,SYNTHETIC
974000,3.8294903250445196,113496.1477246601,35.057246994541245,30.763618034726093,1.8300677910848195,12.169932208915181,NORMAL,SYNTHETIC
3195000,37.54026747634825,195756.07798766915,68.69086497522754,64.14207590008859,60.841277229811695,-46.841277229811695,WARNING_3,SYNTHETIC
983000,5.125081813722782,114833.99195962262,36.06250619450142,32.342256762110615,0.649743769466703,13.350256230533297,NORMAL,SYNTHETIC
3904000,38.238551878735414,192679.76949206562,67.7533309790029,64.04261464615816,61.46139361897221,-47.46139361897221,WARNING_3,SYNTHETIC
4069000,40.947019681896734,231767.3738564559,74.45448354660834,82.63284702965095,91.09371718197217,-77.09371718197217,HIGH_RISK,SYNTHETIC
1418000,11.562759106213862,173901.58560505603,44.6686626099052,43.40574418242995,25.73953875580528,-11.739538755805281,WARNING_1,SYNTHETIC
3332000,30.138757567513128,199316.89645689525,62.274818448674196,63.55362318704158,63.288319520468434,-49.288319520468434,WARNING_3,SYNTHETIC
1560000,19.30143052410922,152625.96742132783,49.148962011614806,43.11664487269674,32.05830913136388,-18.058309131363877,WARNING_1,SYNTHETIC
39000,6.894363153206092,112516.1403662457,37.63844067288358,36.35541292973078,2.5003546513888995,11.4996453486111,NORMAL,SYNTHETIC
1486000,18.817197265957255,142728.10604208868,42.71678396855136,49.425438537026544,30.688593997703666,-16.688593997703666,WARNING_1,SYNTHETIC
3883000,38.25943480657185,192859.28697154723,60.12762981568853,65.91090973222857,60.92626607847021,-46.92626607847021,WARNING_3,SYNTHETIC
169000,9.385514676613756,111855.1215484899,35.02512049335146,36.04134205217071,1.4867320235329007,12.5132679764671,NORMAL,SYNTHETIC
1355000,19.290240617661524,154994.58335481482,43.90480600912652,47.981559295428895,16.424235404577914,-2.4242354045779138,WARNING_1,SYNTHETIC
2785000,28.703020892260298,180082.3867977457,53.42538160411904,57.06147859619499,50.21400444249659,-36.21400444249659,WARNING_2,SYNTHETIC
3632000,31.42628132286374,190199.90517359492,61.872542602609386,67.14246938998205,60.76085150674805,-46.76085150674805,WARNING_3,SYNTHETIC
4748000,53.92625304960771,231473.70510132448,77.50570714543046,76.50663867039006,83.10971914227106,-69.10971914227106,HIGH_RISK,SYNTHETIC
4004000,51.99504089283293,237005.658962233,83.46883062813325,72.05040219187244,76.31177476034715,-62.31177476034715,HIGH_RISK,SYNTHETIC
2682000,28.160754836289865,188678.4360707496,50.445948349395614,50.376363896203415,55.35818983524767,-41.35818983524767,WARNING_2,SYNTHETIC
4704000,53.16166208851422,209466.2866744643,84.83994742855586,72.49632400678885,96.39820384307994,-82.39820384307994,HIGH_RISK,SYNTHETIC
4025000,46.64950519569015,220531.46389794486,73.78040765998075,75.92507351534414,79.93858595557602,-65.93858595557602,HIGH_RISK,SYNTHETIC
1640000,13.975341769509718,131185.59007354025,40.40612796910104,42.91737747438907,34.164065175117045,-20.164065175117045,WARNING_1,SYNTHETIC
1290000,13.387801759625948,165984.67436534914,43.747000981832144,47.454335986407834,20.48482503543345,-6.484825035433449,WARNING_1,SYNTHETIC
1380000,12.269255073437883,165287.19697405738,43.62740053920628,45.01725213110602,23.027602069377927,-9.027602069377927,WARNING_1,SYNTHETIC
1933000,12.568423718985416,164843.8056061904,41.789379157888675,49.61925461787277,11.891059467658605,2.1089405323413946,WARNING_1,SYNTHETIC
579000,3.9971990012054137,127458.24032774169,39.261821962748634,30.73712069111652,0.41092585484796956,13.589074145152031,NORMAL,SYNTHETIC
4220000,40.88761144794922,203412.1898851185,76.00217401380051,72.54248728706081,67.8275771594458,-53.827577159445795,HIGH_RISK,SYNTHETIC
3160000,31.270285036251845,191810.65135561497,67.98220253994927,67.87870384201666,61.36593299040262,-47.36593299040262,WARNING_3,SYNTHETIC
2030000,25.810928830898135,183778.2226532183,52.027480409868815,50.16197433683532,49.97128407535294,-35.97128407535294,WARNING_2,SYNTHETIC
892000,3.1436513591557453,121079.62251633719,36.17660240169996,35.1585943798612,1.4378976247560369,12.562102375243963,NORMAL,SYNTHETIC
3951000,31.86046238894736,198266.48685766198,67.55410623489671,64.00994891558962,61.78470444113104,-47.78470444113104,WARNING_3,SYNTHETIC
780000,3.2375186570365844,113394.28210197121,31.169472330892084,30.849747531257385,1.0641229593063732,12.935877040693626,NORMAL,SYNTHETIC
159000,7.764097928875382,125492.47762584459,30.424579528280983,33.121027493536964,0.7806440506702679,13.219355949329731,NORMAL,SYNTHETIC
2000,8.555661695220167,112580.60114364083,39.529751615601036,32.44854747193716,2.585229996090324,11.414770003909677,NORMAL,SYNTHETIC
2263000,22.509054892584714,182869.10837784258,52.101130592264504,53.455168694926584,46.8629402131711,-32.8629402131711,WARNING_2,SYNTHETIC
3216000,34.414199499839285,196654.4057576792,63.25367054089521,66.73586327225968,65.19219036806967,-51.192190368069674,WARNING_3,SYNTHETIC
2109000,23.65895543957903,183618.48172404792,50.27174340980946,51.356118592708874,53.001964473146906,-39.001964473146906,WARNING_2,SYNTHETIC
849000,9.461636739961087,125192.86104612789,33.764694344063656,32.833058391868256,2.371188467483488,11.628811532516512,NORMAL,SYNTHETIC
2737000,23.96562819287565,188088.60257085564,59.4543753316716,53.774351711923515,51.099423384083174,-37.099423384083174,WARNING_2,SYNTHETIC
2466000,23.900510091438772,184323.51196549635,52.951609319356216,52.166021906340106,47.39343116505137,-33.39343116505137,WARNING_2,SYNTHETIC
3650000,36.22029014408461,192948.0718078345,60.62873396232837,66.7116244434138,60.187262248061344,-46.187262248061344,WARNING_3,SYNTHETIC
1596000,19.1610863902863,142220.9077708589,43.0628558840085,46.63552874595238,10.880431852546655,3.1195681474533448,WARNING_1,SYNTHETIC
1776000,17.10747051128139,149747.2822228837,42.084778629812305,44.538785392165146,8.17126339053034,5.82873660946966,WARNING_1,SYNTHETIC
1913000,12.798429049264325,166993.95536774187,48.74640015035054,44.11550434585708,13.940578086983129,0.059421913016871386,WARNING_1,SYNTHETIC
1043000,14.039710606075719,179833.35524006272,42.397047042689294,44.63205110811384,29.154583801432356,-15.154583801432356,WARNING_1,SYNTHETIC
4713000,53.80824141917842,217592.74909251888,77.82849211792649,88.65066557935484,95.16023530406784,-81.16023530406784,HIGH_RISK,SYNTHETIC
1544000,15.551350462112087,142942.48707433767,45.552798787674284,43.48484272751263,28.74454159344315,-14.744541593443149,WARNING_1,SYNTHETIC
2736000,23.676616570407685,188226.93258591119,53.207697269214705,55.15478806516553,53.488206011605584,-39.488206011605584,WARNING_2,SYNTHETIC
3706000,36.0674047773516,193371.13673410623,65.48958468579858,65.51248838829497,63.16346815267525,-49.16346815267525,WARNING_3,SYNTHETIC
4617000,58.731206788507905,223755.99626751826,78.99289444613015,87.56965628274939,87.82276746598458,-73.82276746598458,HIGH_RISK,SYNTHETIC
53000,6.8506875380098835,112773.08992466838,38.426546217181965,37.82838155055784,1.456073862447977,12.543926137552024,NORMAL,SYNTHETIC
1796000,15.241823560194636,168634.87846716953,42.507885879314486,44.82650834405877,3.857179616527162,10.142820383472838,WARNING_1,SYNTHETIC
1911000,11.137497122519612,160139.62557053205,41.49577466992694,45.05713861650935,30.298770611634914,-16.298770611634914,WARNING_1,SYNTHETIC
2306000,25.12811122167377,182598.27385190155,53.26466682158004,59.44016647578228,48.74332032515361,-34.74332032515361,WARNING_2,SYNTHETIC
2553000,20.41027631045257,181115.92354775328,55.10594766921884,59.6809638916954,54.146189472591885,-40.146189472591885,WARNING_2,SYNTHETIC
2800000,21.107807977742805,187638.51979616276,59.33067071370919,53.23560772645955,46.674251517678535,-32.674251517678535,WARNING_2,SYNTHETIC
4086000,59.394008628146906,226994.09464338617,76.69307952667633,88.53135102522808,77.39347099883504,-63.39347099883504,HIGH_RISK,SYNTHETIC
4127000,51.38909029687612,225704.3925853847,75.91867062268217,78.35887606008535,71.41693999905704,-57.416939999057035,HIGH_RISK,SYNTHETIC
824000,8.358957556214891,124750.30274595451,39.80757467908352,37.229339986919214,1.3515861073383135,12.648413892661686,NORMAL,SYNTHETIC
4733000,56.49162381507794,205127.19180965927,77.94417141588502,79.32156943741259,85.3309827354085,-71.3309827354085,HIGH_RISK,SYNTHETIC
3178000,35.667803776633605,192852.53983645554,68.63135108501861,68.36629734601404,63.57606787536749,-49.57606787536749,WARNING_3,SYNTHETIC
3401000,33.9210372076173,192776.3743543411,67.65909813076075,64.30133726772463,65.30597391143384,-51.30597391143384,WARNING_3,SYNTHETIC
1389000,19.308801094573226,140082.7946327826,42.31992004796435,45.70277526271472,3.6545234793176737,10.345476520682325,WARNING_1,SYNTHETIC
3564000,35.693043912570126,199772.10992277076,66.17023902630913,66.07455164009761,57.16224281751365,-43.16224281751365,WARNING_3,SYNTHETIC
4876000,57.94714223376104,234312.81425998762,72.43517091226379,86.77916931220892,69.05100127192559,-55.051001271925585,HIGH_RISK,SYNTHETIC
884000,2.7313311906055557,116670.9985295671,35.48397736034718,39.74442038984103,2.6075801592234953,11.392419840776505,NORMAL,SYNTHETIC
3805000,38.092200279387534,199087.19551626057,69.99531289283523,65.47026623076037,63.06353529799558,-49.06353529799558,WARNING_3,SYNTHETIC
1607000,16.01971007988559,141056.50407104392,40.74532613379044,47.47757268281231,25.75277217828048,-11.75277217828048,WARNING_1,SYNTHETIC
1594000,15.741414893496884,179975.9059909373,46.20036488232769,40.86217894807679,24.26279791439053,-10.262797914390529,WARNING_1,SYNTHETIC
771000,6.009066043789956,125488.34409138665,37.99512605718229,39.61260516748379,1.3125348757783142,12.687465124221685,NORMAL,SYNTHETIC
2611000,22.025053598795193,185227.83305214028,52.035017470550336,54.91805420685777,49.33843388605648,-35.33843388605648,WARNING_2,SYNTHETIC
4661000,46.57929745593695,248536.0428589879,81.03313861830024,84.9888467887771,89.6925351967163,-75.6925351967163,HIGH_RISK,SYNTHETIC
2273000,23.60617336633893,182038.50220882628,51.46713840338202,52.29299221445052,55.95882489291253,-41.95882489291253,WARNING_2,SYNTHETIC
1868000,11.37014349695035,162428.8330985855,45.92879032624016,44.09484940880284,10.228701088178529,3.7712989118214715,WARNING_1,SYNTHETIC
1085000,14.194671088899575,170019.05119709478,47.59182314326422,48.204749084062314,7.093010222024946,6.906989777975054,WARNING_1,SYNTHETIC
10000,4.263022613246715,123199.02602258557,30.473725067294897,32.92935906503837,0.9386009180921469,13.061399081907853,NORMAL,SYNTHETIC
3611000,34.11635982970443,193430.31586386662,65.40612586904675,66.89161080644807,64.21586505918224,-50.215865059182235,WARNING_3,SYNTHETIC
1325000,11.549259305973452,139215.16882468227,43.557767246820674,42.22045750173128,25.842988914236045,-11.842988914236045,WARNING_1,SYNTHETIC
3390000,34.75081210992946,198443.4959780534,65.49949017294242,61.07450668738069,59.10364143231635,-45.10364143231635,WARNING_3,SYNTHETIC
1463000,17.425441275499953,143331.01874675183,49.071535791819116,48.45248708559934,9.84634498839825,4.153655011601749,WARNING_1,SYNTHETIC
806000,7.099239756981373,111481.41105477413,33.287799113057375,36.660995535675724,1.3440821493563007,12.6559178506437,NORMAL,SYNTHETIC
4260000,55.77201253693061,225234.739673822,80.29767113379668,86.2186373615344,91.2365861175681,-77.2365861175681,HIGH_RISK,SYNTHETIC
3985000,31.624369122583886,194872.72454045425,63.334056578398,64.80686746924668,60.43670507923287,-46.43670507923287,WARNING_3,SYNTHETIC
3771000,30.128030265542,199332.35531576327,64.29493046300588,64.38135853409516,56.81048082389905,-42.81048082389905,WARNING_3,SYNTHETIC
2108000,28.620193599940883,184287.01048101997,53.11872978567084,58.02371815145881,49.906770645736465,-35.906770645736465,WARNING_2,SYNTHETIC
4235000,52.33921807262664,226010.3433710481,76.32905543282672,70.71761426086124,81.1105075349419,-67.1105075349419,HIGH_RISK,SYNTHETIC
4956000,41.88064357983504,229371.27941680123,84.57179734444992,78.28539448871905,71.56276003089786,-57.56276003089786,HIGH_RISK,SYNTHETIC
2234000,27.836338250373444,187402.9490658719,59.181326790456204,57.514395318891445,48.051338684961095,-34.051338684961095,WARNING_2,SYNTHETIC
3211000,32.46802596571345,195025.93674623859,67.93897174369353,67.68626910598839,58.486298819181314,-44.486298819181314,WARNING_3,SYNTHETIC
963000,2.1058419052431168,113071.59558172229,35.92178743505669,32.738483643602365,0.8823509118516351,13.117649088148365,NORMAL,SYNTHETIC
3415000,31.492500716400343,196544.5670024356,64.4388881859777,65.0500554708389,62.82704391694911,-48.82704391694911,WARNING_3,SYNTHETIC
3753000,35.43401239241622,196754.1862939184,62.60329265706172,60.31710784895797,65.03749286378353,-51.03749286378353,WARNING_3,SYNTHETIC
398000,5.03522311982725,121348.96227098646,31.23925892753515,36.919570984497085,0.6396317076250172,13.360368292374982,NORMAL,SYNTHETIC
2632000,29.900341774636352,182285.2460074001,59.53179691226677,59.434963642203975,54.39905374753428,-40.39905374753428,WARNING_2,SYNTHETIC
4851000,56.505917999638626,236130.4385703983,79.39025871651519,79.90960533361228,82.86801746827335,-68.86801746827335,HIGH_RISK,SYNTHETIC
2996000,23.56188610696765,180597.44166849565,58.88324298327115,52.820967634770106,51.84437739989312,-37.84437739989312,WARNING_2,SYNTHETIC
704000,3.492573012601004,119478.65475276156,37.09558403948221,30.608298675013614,0.5748893942505086,13.425110605749492,NORMAL,SYNTHETIC
431000,7.794553912118549,122244.42017187904,37.18350563173155,35.57598591125455,2.725473132509024,11.274526867490977,NORMAL,SYNTHETIC
292000,9.138608447358948,121087.98046759528,36.10522004213825,35.79026608199052,0.40978074952651256,13.590219250473487,NORMAL,SYNTHETIC
4867000,40.37782621782452,237742.10300561372,82.73276545528022,71.61408217305106,71.3766349832798,-57.3766349832798,HIGH_RISK,SYNTHETIC
145000,3.349385835208664,116430.91364481799,39.2924224400615,36.39494435490528,0.9145849188774287,13.085415081122571,NORMAL,SYNTHETIC
4393000,52.48740552492897,207281.10725105376,73.12637066087083,70.50220918949478,99.5722641277565,-85.5722641277565,HIGH_RISK,SYNTHETIC
2033000,21.194209275241306,185307.24803724923,51.61927096241936,51.371006335901505,50.82654136215667,-36.82654136215667,WARNING_2,SYNTHETIC
4283000,41.24604535122233,205821.40329715208,82.72730457218672,85.0768931013658,72.42284909220658,-58.422849092206576,HIGH_RISK,SYNTHETIC
1165000,17.361558895546374,162619.35431705927,44.23241666946573,46.75302882080624,20.14290952460097,-6.14290952460097,WARNING_1,SYNTHETIC
3500000,35.97509129161082,198414.55327717416,64.60668052943163,63.685002833006415,65.17275479194086,-51.17275479194086,WARNING_3,SYNTHETIC
2050000,20.112610087883816,181335.03828701147,55.0943169726212,51.5806045939472,49.10461706457239,-35.10461706457239,WARNING_2,SYNTHETIC
2624000,25.016726328355332,188222.74423487272,59.40301853539289,50.564169632789884,55.863142279672275,-41.863142279672275,WARNING_2,SYNTHETIC
4378000,51.07600202808492,222601.88698455787,78.6352318027973,76.3931950183018,70.39961670790287,-56.399616707902865,HIGH_RISK,SYNTHETIC
339000,9.23627043976551,117489.27872897875,30.691399450072616,35.20770607959169,2.4724708848706562,11.527529115129344,NORMAL,SYNTHETIC
3879000,37.84441208817701,196157.21912054677,64.87502936503742,65.04825018010489,62.46951515762486,-48.46951515762486,WARNING_3,SYNTHETIC
4632000,46.50684318982432,239038.47945157348,75.89518348619421,89.86901564884099,83.86835612699491,-69.86835612699491,HIGH_RISK,SYNTHETIC
2973000,24.060872839963665,183214.07840892219,58.45851206919546,54.36893199262026,54.429069245507065,-40.429069245507065,WARNING_2,SYNTHETIC
265000,2.456679160070448,126123.81930889451,31.265637921239602,32.28079407956417,1.63310268893332,12.36689731106668,NORMAL,SYNTHETIC
2424000,26.204113089487276,180773.14700176427,52.4343844394441,54.57231408676321,48.22867566433192,-34.22867566433192,WARNING_2,SYNTHETIC
1262000,11.633157673145476,132716.4594827595,45.512173694538326,48.29234414708955,33.370325347904185,-19.370325347904185,WARNING_1,SYNTHETIC
1771000,18.77086147495087,159149.84830530183,41.01701530654554,49.68815714809122,35.03378622174991,-21.033786221749907,WARNING_1,SYNTHETIC
3511000,36.05730639706643,191663.20387757142,62.19847189993699,65.13419927327163,59.44592209903867,-45.44592209903867,WARNING_3,SYNTHETIC
271000,2.536844944235504,117614.6472243429,36.12439329253181,35.947625034751034,1.5398348906358748,12.460165109364125,NORMAL,SYNTHETIC
696000,7.532397954878196,113770.6046774832,38.19658219535163,32.99411494816525,1.3205936592944747,12.679406340705526,NORMAL,SYNTHETIC
747000,4.795677777288757,120632.25837390879,31.8666210369543,38.76394750750879,1.9279600175170086,12.072039982482991,NORMAL,SYNTHETIC
244000,6.332939222160096,117147.39247004109,33.859212914632145,31.14834674431949,2.2104163998457826,11.789583600154216,NORMAL,SYNTHETIC
317000,7.03454144001232,110530.64874412148,37.6407605342129,31.017859887490175,2.406007865694836,11.593992134305164,NORMAL,SYNTHETIC
476000,4.76554828039588,118733.34978677679,31.43007401326385,38.26714919602187,1.70169537622336,12.298304623776641,NORMAL,SYNTHETIC
2032000,27.287389675765695,189950.56833122164,57.7233255396226,51.27979621482539,48.46324515132612,-34.46324515132612,WARNING_2,SYNTHETIC
957000,5.555421387332016,111563.12279770777,30.118090881790046,39.4691622842398,0.8803604134958936,13.119639586504107,NORMAL,SYNTHETIC
3816000,34.860683484883914,198751.41542565564,66.25064063173643,67.22014250897837,58.932888590862234,-44.932888590862234,WARNING_3,SYNTHETIC
813000,6.144821740380657,114741.24153969326,30.399464656176264,30.61595060914181,2.8337107948691638,11.166289205130836,NORMAL,SYNTHETIC
4532000,47.84098577483108,232088.06281023938,85.10211909317061,78.8739249092109,82.99846930513853,-68.99846930513853,HIGH_RISK,SYNTHETIC
1914000,12.7149925694564,167486.81611599878,49.014759390408614,44.369912878087746,17.121207554235866,-3.121207554235866,WARNING_1,SYNTHETIC
4602000,40.114004989521995,243295.33265937096,78.32077026691042,81.27152610547503,85.15731027610707,-71.15731027610707,HIGH_RISK,SYNTHETIC
3487000,36.119728164130315,199838.82612680944,62.595408186790976,62.26800401149778,62.696908828283355,-48.696908828283355,WARNING_3,SYNTHETIC
1297000,12.489959656279837,162219.03203539617,40.8844115411689,42.84939350670911,43.170367136511324,-29.170367136511324,WARNING_1,SYNTHETIC
4030000,43.61718771113865,249255.96407774749,85.61516531743247,89.34527353878941,83.25319588198607,-69.25319588198607,HIGH_RISK,SYNTHETIC
1804000,15.136732733969879,174248.61510077887,42.30591625328237,47.84109963229839,12.724331801924341,1.2756681980756586,WARNING_1,SYNTHETIC
758000,1.427409750653231,128057.85375260568,36.741530672939646,39.27847901827814,0.3826038757187017,13.617396124281298,NORMAL,SYNTHETIC
250000,6.736993025103773,111996.6211435358,35.33905632722373,39.71359024085508,1.1527229932994822,12.847277006700518,NORMAL,SYNTHETIC
2461000,26.65193934307845,184240.56727246265,53.59069268523532,55.047765925575554,52.14137285148257,-38.14137285148257,WARNING_2,SYNTHETIC
545000,4.94456139663829,117841.20044830887,33.75278139693494,34.70952138456817,0.9696558145500529,13.030344185449946,NORMAL,SYNTHETIC
3241000,38.02912691301193,198806.52957822144,66.09633275803598,60.550050550744416,64.41789020443863,-50.417890204438635,WARNING_3,SYNTHETIC
738000,4.4683068391672585,120625.8550963721,37.06695921313226,37.95795004805313,0.5673738900041723,13.432626109995828,NORMAL,SYNTHETIC
310000,5.205320011408963,117849.69468529888,39.9500941732381,39.33388356844931,1.65699452070331,12.34300547929669,NORMAL,SYNTHETIC
3780000,30.293151626820503,196115.5602509661,62.19910354104236,65.84951386857965,64.48581243362648,-50.48581243362648,WARNING_3,SYNTHETIC
2941000,29.299464781753088,184550.26303528095,54.5142868144181,53.49182061090792,55.172816415650345,-41.172816415650345,WARNING_2,SYNTHETIC
1131000,11.834335432785482,162059.8503212905,46.68931295452023,49.03800024496324,34.59666613818256,-20.596666138182563,WARNING_1,SYNTHETIC
1449000,14.511440294043155,168031.60097832372,44.94257894355609,47.94331061047242,18.024103474844193,-4.024103474844193,WARNING_1,SYNTHETIC
4919000,48.30136449086296,248081.42370497767,73.5470162649381,79.97276530422107,69.14921340806873,-55.14921340806873,HIGH_RISK,SYNTHETIC
15000,2.999700751706037,113544.71002498546,35.21876434688856,37.08944519021618,1.7351387571331427,12.264861242866857,NORMAL,SYNTHETIC
3232000,32.675432452778,191834.05044392345,68.46319758853352,67.83931193832419,61.73073894025705,-47.73073894025705,WARNING_3,SYNTHETIC
2769000,27.98199992949057,182228.25873118592,51.434929143717525,53.5802328624321,49.26371552869768,-35.26371552869768,WARNING_2,SYNTHETIC
3468000,31.365541070650146,193595.97617750824,67.83479827191543,68.57198526258303,62.84347983900925,-48.84347983900925,WARNING_3,SYNTHETIC
920000,1.853405420608218,119881.27207323554,39.993900365145265,32.17837291883599,1.2910793207520237,12.708920679247976,NORMAL,SYNTHETIC
3029000,35.919247295471216,194971.05987044415,68.4052780083312,66.69160821541767,64.3320904022913,-50.3320904022913,WARNING_3,SYNTHETIC
1372000,10.399170117138363,178666.62215305923,45.408731796718754,42.13902021350866,33.00951841194902,-19.009518411949017,WARNING_1,SYNTHETIC
3587000,32.93946482475615,199990.94169389756,60.79272694488202,60.513861355901824,58.48690222374887,-44.48690222374887,WARNING_3,SYNTHETIC
2544000,22.50708179639213,183632.83068367667,54.37075197470006,51.05628000690725,46.74179445076991,-32.74179445076991,WARNING_2,SYNTHETIC
3598000,36.91652715199872,198453.0147457138,61.503811961293565,61.56512129713357,61.70216748163401,-47.70216748163401,WARNING_3,SYNTHETIC
38000,2.9968022716477805,118801.00216467105,36.01372762811348,31.843100020898575,1.2607591595247043,12.739240840475295,NORMAL,SYNTHETIC
363000,1.771839304814762,110801.90019745551,38.863348239330236,35.96432467890842,2.9406642324517156,11.059335767548284,NORMAL,SYNTHETIC
4101000,59.579256984490044,220853.2314953447,71.64596572322803,83.02320549703153,77.24355184896199,-63.243551848961985,HIGH_RISK,SYNTHETIC
182000,5.565953571400752,111719.6470022189,38.38136554830304,34.9151317305284,2.1583863889024753,11.841613611097525,NORMAL,SYNTHETIC
3033000,32.22436217038753,193027.92374534084,65.46379888424485,69.12238996513727,64.2623489184933,-50.2623489184933,WARNING_3,SYNTHETIC
2983000,21.481482295440983,181960.7467271321,56.12044714885644,57.045794273959345,52.455918258574535,-38.455918258574535,WARNING_2,SYNTHETIC
1194000,18.815513331926873,132208.21329946647,47.98015108000368,49.04882713087272,23.978415262368035,-9.978415262368035,WARNING_1,SYNTHETIC
2852000,26.10563765776508,183677.97348027563,51.54305568237437,52.76161817188093,52.884153861292496,-38.884153861292496,WARNING_2,SYNTHETIC
4542000,57.71033712841516,201061.70932656285,82.13851401527545,85.78056822903099,81.05148322949879,-67.05148322949879,HIGH_RISK,SYNTHETIC
1121000,13.137655014741117,148219.85591044626,40.16713783407292,45.82957351127421,44.28487292009579,-30.284872920095793,WARNING_1,SYNTHETIC
2235000,22.56843482939455,185918.0261431277,59.03753937369625,52.14684211356686,50.51291864799442,-36.51291864799442,WARNING_2,SYNTHETIC
2667000,20.3987478738712,188890.10295531995,57.0008323826774,59.27700693271756,54.28518516676613,-40.28518516676613,WARNING_2,SYNTHETIC
3699000,31.251827398660847,199357.2258896892,64.8232551749862,64.24186347071138,62.280229800971654,-48.280229800971654,WARNING_3,SYNTHETIC
3223000,35.06115243606647,198236.4052594455,62.69923663246947,68.98976274577949,62.06607009878964,-48.06607009878964,WARNING_3,SYNTHETIC
1182000,10.131756137783322,170569.2361951867,46.93040629315952,45.14471842584045,20.299741815963248,-6.299741815963248,WARNING_1,SYNTHETIC
4184000,42.42014221494769,226995.731389719,88.292063657658,83.99560199991119,68.37777812662819,-54.377778126628186,HIGH_RISK,SYNTHETIC
4293000,41.705332113562825,202831.22379770447,77.38755683972867,76.98174363088017,76.57854242280281,-62.57854242280281,HIGH_RISK,SYNTHETIC
614000,3.5364085602935664,126702.51582161468,32.711378862350905,36.02556765525702,1.1047589772073185,12.895241022792682,NORMAL,SYNTHETIC
4908000,44.889825650669025,232126.81397260618,76.03877790780221,77.61246057908022,74.97897249719068,-60.97897249719068,HIGH_RISK,SYNTHETIC
1466000,17.981872710613494,142476.882825975,42.20663676121096,43.95824282919463,11.736335638164258,2.263664361835742,WARNING_1,SYNTHETIC
401000,9.082288680536879,111262.34341407742,37.922708371704026,38.34422752151156,2.2904826993543406,11.70951730064566,NORMAL,SYNTHETIC
3042000,31.092958461805253,191905.14680656837,61.496668335506,65.69701243016219,63.22537499426679,-49.22537499426679,WARNING_3,SYNTHETIC
934000,7.796706291536199,124234.11641838776,36.6683328569045,34.97090661806598,1.9668788052525268,12.033121194747473,NORMAL,SYNTHETIC
2419000,27.280052951091946,189420.69238969285,51.86684715735723,55.41273078959944,48.165181731402214,-34.165181731402214,WARNING_2,SYNTHETIC
4860000,46.45758529486764,232854.81504513675,88.90812757735047,70.65446079955125,88.06189510077799,-74.06189510077799,HIGH_RISK,SYNTHETIC
4910000,40.198518413843686,232146.71665752315,80.74298162865453,89.77418027259927,84.48325495516983,-70.48325495516983,HIGH_RISK,SYNTHETIC
2641000,28.350406505271504,180766.03597705372,55.21244458495369,57.41657229138155,53.23015336893712,-39.23015336893712,WARNING_2,SYNTHETIC
4017000,48.03946571266044,242561.82767236704,74.80949518353748,82.09201585040007,73.88685667091532,-59.88685667091532,HIGH_RISK,SYNTHETIC
726000,3.1653861812434587,116965.51766922913,37.847089091881486,39.6188610136859,2.4519751317772083,11.548024868222791,NORMAL,SYNTHETIC
826000,6.242281217234401,120313.74877043944,34.65212471563573,32.707410506638865,0.7009893998380594,13.29901060016194,NORMAL,SYNTHETIC
1521000,12.570616102062903,152434.08233712404,43.58280279025369,43.720263713531345,30.02111674351837,-16.02111674351837,WARNING_1,SYNTHETIC
4856000,40.88867113781446,245889.93150399177,72.31169158632107,79.46105026506503,90.58650497091753,-76.58650497091753,HIGH_RISK,SYNTHETIC
2930000,22.652765885388206,187885.40305974547,55.55854282532518,58.497029869508935,49.0586356323399,-35.0586356323399,WARNING_2,SYNTHETIC
136000,9.435321076524719,119224.17771675148,33.145815690358425,38.43058240965751,1.6085282535174974,12.391471746482502,NORMAL,SYNTHETIC
3590000,35.376300288744105,198848.34489775918,67.18623600862817,63.33819079611881,56.47707746501683,-42.47707746501683,WARNING_3,SYNTHETIC
628000,5.888063049212323,113909.91654793175,32.88553006960952,36.427297307910955,0.7464008735807619,13.253599126419239,NORMAL,SYNTHETIC
334000,2.162504968253587,129271.59824444307,34.283926458414655,33.66687561257428,2.5527028577578728,11.447297142242128,NORMAL,SYNTHETIC
390000,6.606250179122627,128717.48204022161,35.92132824903667,31.38287001494107,0.7628452162971677,13.237154783702833,NORMAL,SYNTHETIC
4387000,40.7112647382599,236035.4506862318,82.75572358280007,76.50445663653697,88.46231599413326,-74.46231599413326,HIGH_RISK,SYNTHETIC
4904000,44.79360145392111,210751.69187658312,79.04936964667084,88.50433350890545,71.25096775269488,-57.250967752694876,HIGH_RISK,SYNTHETIC
3832000,39.36212737811688,191309.87948893046,65.24206386270139,68.06724147190658,62.354021218092456,-48.354021218092456,WARNING_3,SYNTHETIC
1817000,12.098881463461217,139505.42788629135,46.6273440098661,47.945479389031895,3.328355929534029,10.671644070465971,WARNING_1,SYNTHETIC
400000,3.6569610446939262,118900.32109707984,35.96445099360273,30.688274153162457,2.4344219936768408,11.56557800632316,NORMAL,SYNTHETIC
710000,9.75337539062822,125755.85701277746,39.719943427017704,38.675978655731925,2.422017698296498,11.577982301703502,NORMAL,SYNTHETIC
1039000,17.653603666397046,151293.90204221316,49.27321846936585,48.387394082713385,5.005060455633341,8.994939544366659,WARNING_1,SYNTHETIC
3989000,34.65532893047591,197229.82348046146,68.64483757802864,61.4413854207853,60.41017998320805,-46.41017998320805,WARNING_3,SYNTHETIC
3359000,32.973319406561004,199227.9300127119,68.80874181358125,61.283907310574975,61.82908537252155,-47.82908537252155,WARNING_3,SYNTHETIC
46000,4.409809735465536,113956.19694518394,34.44937761027006,34.609808247014705,0.8761708978214593,13.12382910217854,NORMAL,SYNTHETIC
1561000,13.702083132152282,147637.36747861264,43.00222665926628,42.513937981827326,9.113453617352839,4.886546382647161,WARNING_1,SYNTHETIC
4799000,46.42360406174447,216176.14132760584,78.10844167758218,75.96518077176506,68.99255999086517,-54.992559990865175,HIGH_RISK,SYNTHETIC
3642000,33.52113759457805,194956.40221697467,65.08369715339707,67.07125797655628,58.50067247464062,-44.50067247464062,WARNING_3,SYNTHETIC
3726000,33.29198113825938,199150.78832688672,62.227957110935485,67.07293345396805,62.62674031837057,-48.62674031837057,WARNING_3,SYNTHETIC
4982000,57.312083534019365,248574.98008909618,85.61495741947039,79.3258536853313,87.34992868523334,-73.34992868523334,HIGH_RISK,SYNTHETIC
1112000,17.5583492781104,143059.34302874553,46.82322232906347,49.47089339138072,24.449906892970436,-10.449906892970436,WARNING_1,SYNTHETIC
2513000,24.133489390634324,181231.30941816376,57.052099662700336,55.151631168891164,52.369539796436165,-38.369539796436165,WARNING_2,SYNTHETIC
3608000,32.24995980056575,190259.02280095773,67.03612838161044,69.77525378122938,58.233458409370094,-44.233458409370094,WARNING_3,SYNTHETIC
1223000,11.11902010557311,137297.63840339825,41.4427004825217,49.21672374540122,32.58675527908563,-18.58675527908563,WARNING_1,SYNTHETIC
4060000,56.45763765835922,246526.7521638148,76.85300145735073,77.87179443007459,66.67496007768179,-52.67496007768179,HIGH_RISK,SYNTHETIC
3023000,36.731671587267435,196446.15878777424,68.00848045806096,66.80767667574122,61.197399755075054,-47.197399755075054,WARNING_3,SYNTHETIC
2421000,21.959342453150086,181056.7838199291,53.04525197738233,57.92295544573947,51.707356849672095,-37.707356849672095,WARNING_2,SYNTHETIC
1508000,17.881071532361208,159438.3349602421,46.25303236027651,49.46852273094271,34.11929961450501,-20.11929961450501,WARNING_1,SYNTHETIC
1750000,10.464314063961167,130842.29002448541,48.58279695827625,47.25467377056935,44.141548032777436,-30.141548032777436,WARNING_1,SYNTHETIC
4837000,51.0344198206367,242872.65643320043,73.1067439293676,85.70616540621403,94.31905812558986,-80.31905812558986,HIGH_RISK,SYNTHETIC
4096000,56.95558992805866,247620.95021281508,75.79739154821696,86.82185188305067,96.22952007263078,-82.22952007263078,HIGH_RISK,SYNTHETIC
1799000,14.021852776374171,137905.93134539254,42.78425350713821,44.14758760786281,20.416961245834294,-6.416961245834294,WARNING_1,SYNTHETIC
338000,1.7435403256469781,127562.94849311074,35.67745599093753,32.92338227109699,1.631556670420894,12.368443329579106,NORMAL,SYNTHETIC
215000,7.503059234456768,120438.36941538507,30.877593827715508,37.479016021481755,0.7194677309693405,13.28053226903066,NORMAL,SYNTHETIC
3663000,36.45474448649304,195110.13958974098,67.41113141363243,66.68831568762094,60.61591453386737,-46.61591453386737,WARNING_3,SYNTHETIC
1341000,10.519160561030843,175279.72686948904,42.92202443231803,45.70858433335356,3.2812922341989896,10.71870776580101,WARNING_1,SYNTHETIC
11000,9.155531901867697,121993.9071343198,32.86593764913813,38.89301850767214,0.6826282343798924,13.317371765620107,NORMAL,SYNTHETIC
1520000,14.492328787378733,178448.77618714882,40.685700300327035,46.21323942500315,42.41046330356671,-28.410463303566708,WARNING_1,SYNTHETIC
3640000,30.45463713305835,194310.27699483663,67.51192063049119,61.873606190726804,58.71210152771432,-44.71210152771432,WARNING_3,SYNTHETIC
3937000,35.8128037107196,195717.36094216412,66.50484077220823,68.68059326805893,57.07058358452532,-43.07058358452532,WARNING_3,SYNTHETIC
4427000,57.12887168148424,240369.7278608025,87.72167675656347,70.55981301818534,80.3871951641192,-66.3871951641192,HIGH_RISK,SYNTHETIC
3004000,34.98544737688951,191018.41076195746,65.12930751420689,68.6669611809753,61.62997506764094,-47.62997506764094,WARNING_3,SYNTHETIC
2864000,25.503709018225226,183661.16171471935,56.1766788814586,51.65667562557549,47.60097715235738,-33.60097715235738,WARNING_2,SYNTHETIC
3115000,35.35028647925994,194121.5700788642,68.25987092658715,60.66016579622252,56.8057916803716,-42.8057916803716,WARNING_3,SYNTHETIC
4840000,49.006863645442095,236340.727655747,74.86094182847022,85.26200698176359,82.15482836990526,-68.15482836990526,HIGH_RISK,SYNTHETIC
2322000,22.317222330147636,185118.78617898433,51.12679231380161,57.80516462144649,54.64630908201154,-40.64630908201154,WARNING_2,SYNTHETIC
2571000,25.19364881570891,189933.3536204099,59.146501859784046,50.720229481686275,49.29742670716185,-35.29742670716185,WARNING_2,SYNTHETIC
2913000,26.556998261514185,182690.48125025973,59.278671914207266,51.114146350168646,50.08841994232453,-36.08841994232453,WARNING_2,SYNTHETIC
101000,7.157422777534596,116722.59937058747,31.307518133763185,31.954195884106223,2.044525169778972,11.955474830221029,NORMAL,SYNTHETIC
3549000,37.05018275337631,194782.9027412914,61.68782369213174,67.07984371015321,56.920582159454945,-42.920582159454945,WARNING_3,SYNTHETIC
1458000,12.000034814301905,155522.36801596975,41.22373040095468,46.591682180058,28.273473709973977,-14.273473709973977,WARNING_1,SYNTHETIC
171000,5.5325027372390885,124755.95112212746,32.57372313055146,36.719845376579414,2.1791496867688793,11.820850313231121,NORMAL,SYNTHETIC
107000,3.3957257442373994,117801.25180313058,39.92807957270445,36.46427038058282,2.2380463964632855,11.761953603536714,NORMAL,SYNTHETIC
4196000,48.120437428352915,212295.27806239584,82.47114733491864,76.31136825206703,96.17865823879858,-82.17865823879858,HIGH_RISK,SYNTHETIC
3569000,30.12830430481459,190543.38242585392,66.75502645912304,64.92592170442062,64.66823758496585,-50.66823758496585,WARNING_3,SYNTHETIC
4991000,57.64899191385028,205908.9570532924,75.40398285421772,83.16797186096508,90.92358517657485,-76.92358517657485,HIGH_RISK,SYNTHETIC
4295000,45.1028925253238,233896.90016447572,79.85767624842079,85.21150929055233,84.91039783737921,-70.91039783737921,HIGH_RISK,SYNTHETIC
4063000,40.51388993950309,228491.93673132724,73.71410364357301,85.49219733503432,73.5261497810687,-59.526149781068696,HIGH_RISK,SYNTHETIC
3861000,38.827533130188215,198879.97132101137,68.18479794774146,61.48688938360825,61.123970081528256,-47.123970081528256,WARNING_3,SYNTHETIC
4122000,59.22126122142724,226554.7530979157,87.27487613184391,72.05253679566688,73.84301263107554,-59.84301263107554,HIGH_RISK,SYNTHETIC
4629000,58.97011328218423,205856.57229957165,74.06784519212195,73.43787142567898,67.01392753741763,-53.01392753741763,HIGH_RISK,SYNTHETIC
60000,6.881946063756151,129058.4493697113,39.45416572439949,35.97779340630038,2.9070956586302534,11.092904341369746,NORMAL,SYNTHETIC
1240000,11.473205271272212,162003.99340698434,45.73351359386851,40.685489187857684,15.772967092106224,-1.7729670921062244,WARNING_1,SYNTHETIC
4637000,42.194503876425784,237069.6340517068,79.10350076136213,84.10462445747773,81.23188836410264,-67.23188836410264,HIGH_RISK,SYNTHETIC
1040000,12.48335523988952,152666.51512953136,46.63574056176504,41.78633699673814,7.859031382028805,6.140968617971195,WARNING_1,SYNTHETIC
4187000,49.62009937032698,242661.22536206085,79.1291114074551,85.63732964867415,88.14127825809237,-74.14127825809237,HIGH_RISK,SYNTHETIC
2760000,21.93434703312983,184294.75517392738,58.19169430045734,54.61604780969895,49.838523460084204,-35.838523460084204,WARNING_2,SYNTHETIC
2120000,20.83173503563285,189007.76245905244,53.974099978382554,51.926391215290884,50.8134833771283,-36.8134833771283,WARNING_2,SYNTHETIC
1524000,12.888835261836439,147122.4120480022,41.97435023358406,41.448257611662896,6.7807748618806984,7.2192251381193016,WARNING_1,SYNTHETIC
3521000,36.26809879936382,191621.20434685005,65.04268488000066,60.98815794776622,65.66024992649373,-51.660249926493734,WARNING_3,SYNTHETIC
153000,5.875518063143635,113070.51044109228,37.99222921659055,31.237873311171377,1.5271565244814547,12.472843475518545,NORMAL,SYNTHETIC
2248000,20.471403010236468,182502.83089626077,55.32966355869348,58.81648170080151,46.142572039744906,-32.142572039744906,WARNING_2,SYNTHETIC
481000,2.9151310349332658,111336.51509402925,32.348401632592314,37.05240058791838,1.98057394252991,12.01942605747009,NORMAL,SYNTHETIC
4233000,52.29306263082071,220445.1136169417,82.40125499613355,77.84675873278792,88.13803466031752,-74.13803466031752,HIGH_RISK,SYNTHETIC
4305000,51.91372499016961,210416.7989863489,76.7859260035892,85.49825662285926,75.7203725219208,-61.720372521920794,HIGH_RISK,SYNTHETIC
3578000,35.862563354092835,194576.31624061518,66.20580151556283,69.11158478461874,56.69248017910486,-42.69248017910486,WARNING_3,SYNTHETIC
4125000,58.960248509914635,242183.03040538094,73.89798770607166,74.89658566890147,75.78818972199807,-61.788189721998066,HIGH_RISK,SYNTHETIC
3562000,36.161620875846815,190661.9342241662,68.80766768232215,63.16355492667194,56.167352546940045,-42.167352546940045,WARNING_3,SYNTHETIC
3315000,35.47642663800715,199973.39098587335,68.915626340822,66.9553010528117,57.62120715492236,-43.62120715492236,WARNING_3,SYNTHETIC
1762000,17.471995045595186,175493.5646586344,42.62163126764594,42.77219961496489,34.70312881718651,-20.70312881718651,WARNING_1,SYNTHETIC
3538000,35.92968499855268,193998.792014229,65.41506038292799,66.69173137646243,56.635422815315366,-42.635422815315366,WARNING_3,SYNTHETIC
4803000,54.97577047073568,207787.41276012588,88.40526537913468,80.38960567608297,78.4083005117427,-64.4083005117427,HIGH_RISK,SYNTHETIC
750000,3.2910671820542006,122808.78424207283,32.25297338782333,30.848584435549345,0.7506839136072296,13.24931608639277,NORMAL,SYNTHETIC
3619000,33.11782515986549,197793.00301896778,62.12265771647829,68.13758406084472,63.133007580046254,-49.133007580046254,WARNING_3,SYNTHETIC
1785000,17.40190499611064,155249.1058857172,49.654830542972086,42.38801814784586,30.48929154635657,-16.48929154635657,WARNING_1,SYNTHETIC
4270000,55.03830848668899,216565.60158990746,73.39127728036404,70.37243333353702,98.86650985488134,-84.86650985488134,HIGH_RISK,SYNTHETIC
3383000,38.3227643064086,190858.6913615904,68.04893039797393,66.12051335645009,63.39788771068002,-49.39788771068002,WARNING_3,SYNTHETIC
4348000,44.99889886561686,220911.19440315265,87.41763618545684,71.50833456377437,71.50793726096212,-57.50793726096212,HIGH_RISK,SYNTHETIC
405000,8.736960213908159,115720.9460368079,32.47267083079444,38.125077690501655,1.8675242604070281,12.132475739592971,NORMAL,SYNTHETIC
757000,9.187384634784525,129446.92495867197,36.984285545788396,32.78146745469971,2.9704317387592853,11.029568261240716,NORMAL,SYNTHETIC
2711000,24.406308713259783,180544.48452502268,52.38707672638461,56.04460262281263,52.05637876601645,-38.05637876601645,WARNING_2,SYNTHETIC
2670000,22.039732280325122,184415.63804164372,52.81251969687407,58.772246799505645,50.653655903668806,-36.653655903668806,WARNING_2,SYNTHETIC
3983000,30.94110656748195,190590.62580723697,67.62738020484355,60.100190471214134,61.220237304099314,-47.220237304099314,WARNING_3,SYNTHETIC
97000,1.771319289981689,126321.12033505662,34.94600223974453,33.90276141772343,1.9410293426400544,12.058970657359946,NORMAL,SYNTHETIC
1333000,11.692180986848072,153475.0070954613,46.61389274849378,45.88742111256738,29.391319893142335,-15.391319893142335,WARNING_1,SYNTHETIC
4451000,49.53060729455079,204947.1819082397,77.12808061527613,73.21803290522023,94.32232083536145,-80.32232083536145,HIGH_RISK,SYNTHETIC
2791000,28.18126872546498,186255.32784155692,51.56614768487824,58.63004109108819,53.81814290355655,-39.81814290355655,WARNING_2,SYNTHETIC
2854000,28.97016849567315,182391.63323476448,59.3311879925355,51.93740781584836,54.55900388003295,-40.55900388003295,WARNING_2,SYNTHETIC
186000,4.288188014088648,117970.13246948425,38.182273526272574,37.27010905961355,0.4915771253002306,13.50842287469977,NORMAL,SYNTHETIC
4003000,44.97389674976253,239502.82332777634,70.64357377579368,72.46594264650456,72.02702630115282,-58.027026301152816,HIGH_RISK,SYNTHETIC
2723000,21.777681325840433,183077.3780409402,59.733980188768854,57.50193089197632,52.1611589118822,-38.1611589118822,WARNING_2,SYNTHETIC
3583000,31.172453434954992,198100.3250197691,63.419101843178005,69.9581192696905,58.82081347710465,-44.82081347710465,WARNING_3,SYNTHETIC
2058000,27.387034632643747,189359.1505747347,53.94745834617149,54.07227125625126,47.31742663306304,-33.31742663306304,WARNING_2,SYNTHETIC
1319000,13.348620808744464,160016.7192744938,43.3374951522114,44.34311558220081,7.197127208411146,6.802872791588854,WARNING_1,SYNTHETIC
148000,4.862420850684411,119825.14892782732,37.7009071815887,38.584344850731824,1.418245702376761,12.581754297623238,NORMAL,SYNTHETIC
28000,2.357747530194421,124770.21425373257,35.30441179603079,36.02416962153411,1.5440867983934075,12.455913201606592,NORMAL,SYNTHETIC
4140000,45.4814620357957,222124.41261943127,80.7892412094592,84.68108922983144,91.60153447763916,-77.60153447763916,HIGH_RISK,SYNTHETIC
4009000,41.510968110800846,237722.76561346737,87.64723164261461,88.39696094832082,93.29615643793859,-79.29615643793859,HIGH_RISK,SYNTHETIC
3363000,38.85026571048669,194619.32172474382,61.24606423365905,65.9799589928241,58.394359685818316,-44.394359685818316,WARNING_3,SYNTHETIC
692000,3.0688546285498037,114934.50106958943,38.757384859632076,30.922576409353727,2.235644075551439,11.76435592444856,NORMAL,SYNTHETIC
2866000,20.42900831136894,183515.3727170699,52.72598138220942,56.15381776851543,50.453525781767105,-36.453525781767105,WARNING_2,SYNTHETIC
3776000,30.80780890494624,196751.90929934464,65.840047655705,61.539287347095126,59.09515945009748,-45.09515945009748,WARNING_3,SYNTHETIC
1386000,10.951389819186033,143786.68346172193,45.53915396426737,49.73620531848296,41.13866234390228,-27.138662343902283,WARNING_1,SYNTHETIC
1845000,18.903057084615206,133989.2523576356,42.83897423623821,46.00924764459076,26.82745048620602,-12.827450486206018,WARNING_1,SYNTHETIC
4730000,55.9815821195096,227188.19050502998,72.27967207545161,76.67003967846873,94.77195728719137,-80.77195728719137,HIGH_RISK,SYNTHETIC
129000,6.171272235163866,129840.8401105611,30.25204947126162,39.439471258625964,2.7441297630420336,11.255870236957966,NORMAL,SYNTHETIC
1599000,14.8024747620723,149702.91577881126,46.03998820474095,44.163920919947785,26.306481334653267,-12.306481334653267,WARNING_1,SYNTHETIC
3629000,33.317385016898186,190231.20199322182,67.93738371750504,68.07055815161435,63.833822247304994,-49.833822247304994,WARNING_3,SYNTHETIC
4503000,59.573537714122665,239257.28281817757,84.68718642413924,77.75950366885863,99.36512223324706,-85.36512223324706,HIGH_RISK,SYNTHETIC
701000,3.8379326550842547,129683.70529895999,35.32740427337878,32.4406277879319,1.4442252553870505,12.55577474461295,NORMAL,SYNTHETIC
3982000,37.11224776107817,191540.8751420296,69.20835544522392,60.331218603520384,62.89365481908547,-48.89365481908547,WARNING_3,SYNTHETIC
3028000,36.64097947907298,196258.6187686183,65.86558341663473,65.62649763243601,56.23132761020301,-42.23132761020301,WARNING_3,SYNTHETIC
2969000,24.105823362151394,183323.10333011302,53.75804683249834,58.02777859511753,55.61869401975848,-41.61869401975848,WARNING_2,SYNTHETIC
4356000,43.754486159057514,244770.9555856263,83.4668216276321,82.68820301297716,98.25213505477018,-84.25213505477018,HIGH_RISK,SYNTHETIC
1708000,10.67047236831586,160299.25695014597,43.79300085203348,40.451041396794494,36.980298040159326,-22.980298040159326,WARNING_1,SYNTHETIC
2953000,27.59150252555302,189922.0032121853,55.392356527925834,58.35041876785898,49.30049759175193,-35.30049759175193,WARNING_2,SYNTHETIC
454000,1.8071448512529429,116958.01551513185,36.24760634684591,39.90865844106064,1.6783436019259834,12.321656398074017,NORMAL,SYNTHETIC
2868000,26.98060421123006,181719.13955977926,51.608552415396915,51.440524219816915,51.469485654195054,-37.469485654195054,WARNING_2,SYNTHETIC
2040000,20.247875747859503,189646.6376557764,50.78883970393081,59.75829319167748,51.56390324844974,-37.56390324844974,WARNING_2,SYNTHETIC
1772000,12.503729209428245,153234.85619830637,40.97286425854917,46.82442563620987,34.058251317184556,-20.058251317184556,WARNING_1,SYNTHETIC
2315000,28.501044170253017,182224.06694692522,53.73441463363601,53.03520002997891,46.93046945191345,-32.93046945191345,WARNING_2,SYNTHETIC
609000,4.872780555840844,118650.31186484732,33.512229274612984,32.2577843657971,2.9251167722734226,11.074883227726577,NORMAL,SYNTHETIC
167000,8.112612954165858,120778.83532528374,34.25970964812849,31.88560078634558,1.3316326997171728,12.668367300282828,NORMAL,SYNTHETIC
730000,3.750615551451539,128902.96575341545,30.027072736757873,39.36278492804666,1.086088398762691,12.91391160123731,NORMAL,SYNTHETIC
4248000,41.35005033181761,212849.69881943543,88.70928481211033,77.31556091588949,85.33784877102678,-71.33784877102678,HIGH_RISK,SYNTHETIC
3358000,36.72682826687945,195218.1140875528,66.26406792356987,61.25523699776742,63.848291780957176,-49.848291780957176,WARNING_3,SYNTHETIC
2074000,21.775052932214784,189565.15940546183,55.61042175010775,50.26287186172471,50.66876551784458,-36.66876551784458,WARNING_2,SYNTHETIC
4039000,46.71941196029963,221746.14748703086,88.60971112055825,78.92536603421352,74.27826640659288,-60.27826640659288,HIGH_RISK,SYNTHETIC
3700000,39.11259113198821,193783.12097261925,67.76885578484104,65.60343389039053,58.0062407864408,-44.0062407864408,WARNING_3,SYNTHETIC
1622000,16.452292221225164,130144.56268342955,41.154249986029,42.04168719446356,43.843237960914855,-29.843237960914855,WARNING_1,SYNTHETIC
587000,3.981929593364524,121140.035637629,31.659929114870273,34.84213514280064,2.7556633233071532,11.244336676692846,NORMAL,SYNTHETIC
1401000,12.091924531446141,140384.90490628197,42.622237183625025,41.77758647811107,31.50849301139599,-17.50849301139599,WARNING_1,SYNTHETIC
3045000,38.91959911264868,196340.43079530404,69.9476394242457,61.29704337643364,64.42673643144167,-50.42673643144167,WARNING_3,SYNTHETIC
3224000,35.46609246366566,194335.4567376847,67.1645420633248,64.68197648111999,59.123252594174645,-45.123252594174645,WARNING_3,SYNTHETIC
1700000,18.25437744926319,141705.93703782192,41.68444279867711,42.83544742467402,5.8802502832573005,8.1197497167427,WARNING_1,SYNTHETIC
3088000,31.916307863773373,196471.72767539666,65.20279915765175,64.25675647710355,59.03482249312828,-45.03482249312828,WARNING_3,SYNTHETIC
4390000,50.83795021373468,215499.15794912723,75.59144477329518,78.44963180599666,75.71240708158133,-61.71240708158133,HIGH_RISK,SYNTHETIC
2981000,22.793971176322618,182334.45111884412,50.87367762148754,52.74753723946057,53.25378797067865,-39.25378797067865,WARNING_2,SYNTHETIC
40000,4.846936886076511,111834.47358118014,32.8480758864989,33.797193264816656,1.4386908629226474,12.561309137077352,NORMAL,SYNTHETIC
1379000,18.307478731941657,153141.59390672724,43.570154384483445,44.28737602707605,10.4814678830965,3.5185321169035007,WARNING_1,SYNTHETIC
2089000,25.01980722301574,185893.52768549454,56.18475958018395,58.297664725450375,47.96610549229647,-33.96610549229647,WARNING_2,SYNTHETIC
2175000,26.89847311791461,185080.91047814072,53.39259950252697,51.27301295590955,50.94979308344463,-36.94979308344463,WARNING_2,SYNTHETIC
3217000,37.757744726873256,194375.11077638148,68.24206930374483,61.72373642676664,62.99913679174467,-48.99913679174467,WARNING_3,SYNTHETIC
2885000,22.374800447136504,183979.8161426416,58.505612443017434,55.742458380109746,52.926264878464515,-38.926264878464515,WARNING_2,SYNTHETIC
74000,1.513064126863781,127079.68752294459,33.89889468872609,38.69091870518529,0.2814005196726316,13.718599480327368,NORMAL,SYNTHETIC
3909000,34.33639754703724,197227.40634707114,69.26702739178064,65.31796795005432,59.42929742363279,-45.42929742363279,WARNING_3,SYNTHETIC
4964000,54.65093437787364,228392.6918206775,77.19010855122245,81.89662678893337,90.4650192999197,-76.4650192999197,HIGH_RISK,SYNTHETIC
2657000,27.61735921193383,186550.5479256671,57.32921442680962,54.88267420509886,49.389118094529685,-35.389118094529685,WARNING_2,SYNTHETIC
3180000,34.64611091952278,199227.84380554574,67.29286041795676,64.10345685417626,61.98124719023803,-47.98124719023803,WARNING_3,SYNTHETIC
2076000,25.614566719735567,180829.66075819996,54.355861072539376,54.96778219514199,48.78060391038691,-34.78060391038691,WARNING_2,SYNTHETIC
441000,2.3658743334816,110982.3528750008,31.603893240677362,31.87858548192681,1.081126017209738,12.918873982790261,NORMAL,SYNTHETIC
4051000,52.92559173065801,211234.81446589166,76.46796676216933,89.7221650234588,99.81929559665113,-85.81929559665113,HIGH_RISK,SYNTHETIC
2051000,20.330466866674307,183649.8107688681,51.48786441389293,58.32503330292285,54.377910052904625,-40.377910052904625,WARNING_2,SYNTHETIC
2541000,24.787026833687072,180496.63163962628,55.56912316533151,59.77906217252579,55.774974302092446,-41.774974302092446,WARNING_2,SYNTHETIC
3306000,34.047775781354304,195199.23065383892,63.23983372597558,66.12833049524278,58.175837978151236,-44.175837978151236,WARNING_3,SYNTHETIC
1301000,16.172256440442844,154979.2693425436,46.63095553755707,43.99182150179097,18.904614335736348,-4.904614335736348,WARNING_1,SYNTHETIC
1781000,19.944050812775615,149207.83518187562,43.017095279668546,41.65530883711069,25.26950418959441,-11.26950418959441,WARNING_1,SYNTHETIC
4814000,51.804728897020944,225361.37156609423,88.42752457103671,80.35209287832615,93.19461555969518,-79.19461555969518,HIGH_RISK,SYNTHETIC
3430000,37.93315179831904,197559.17825800035,61.9066072106536,66.38460105935567,59.452983506766,-45.452983506766,WARNING_3,SYNTHETIC
1304000,10.221342338463769,166126.7185878397,45.36008267984107,47.54825038065402,3.6736645108712223,10.326335489128777,WARNING_1,SYNTHETIC
236000,5.112958093686566,114139.7031928168,31.364705540445108,39.541082790700074,1.276058645491081,12.72394135450892,NORMAL,SYNTHETIC
2599000,28.988824985429936,180894.32624073056,53.987371969288176,56.25632283370988,53.44567396353559,-39.44567396353559,WARNING_2,SYNTHETIC
520000,8.537622607456113,115826.58907116932,31.63206684717787,35.20857158705568,0.43736927976228523,13.562630720237715,NORMAL,SYNTHETIC
2573000,24.066641809577426,189019.64268281995,52.56884690170656,56.838701398841295,48.372228940692445,-34.372228940692445,WARNING_2,SYNTHETIC
3280000,38.10463864438967,199842.31655138277,60.668211083658775,61.1019402936774,60.63332069369106,-46.63332069369106,WARNING_3,SYNTHETIC
3186000,30.489945064512654,195958.05117223688,63.33246347553476,63.68611604221972,65.92727855108174,-51.92727855108174,WARNING_3,SYNTHETIC
2768000,28.027157417465197,180119.62342087983,56.068415352390204,53.43092270114893,47.997299425317024,-33.997299425317024,WARNING_2,SYNTHETIC
735000,7.144069585367239,124921.3595791873,34.60037484903213,39.74962702423771,2.2886441966202815,11.711355803379718,NORMAL,SYNTHETIC
4703000,52.23679001010312,226020.09497852047,82.68059656463143,76.06776640688003,94.25549662339098,-80.25549662339098,HIGH_RISK,SYNTHETIC
4929000,42.45858786391098,234128.9068916497,80.7462241893687,78.9657119779169,69.80170418030792,-55.80170418030792,HIGH_RISK,SYNTHETIC
2106000,23.336126272825304,187998.0752588534,57.009240267703696,58.594799814221325,53.711308223849976,-39.711308223849976,WARNING_2,SYNTHETIC
2679000,24.339299666100363,183644.1544481014,55.770862679503374,50.73751816374545,52.400975064798274,-38.400975064798274,WARNING_2,SYNTHETIC
3229000,37.7378828154636,199103.02065359202,67.96404084288059,67.21299884121294,57.132835915890574,-43.132835915890574,WARNING_3,SYNTHETIC
2761000,26.89304688828365,184738.06896885348,55.688880217560985,55.243736843809245,51.39887209845528,-37.39887209845528,WARNING_2,SYNTHETIC
592000,3.7063086373029184,128985.87046018515,36.52567251767082,38.05990582385538,2.2434929789786513,11.75650702102135,NORMAL,SYNTHETIC
1303000,13.420914666897684,138092.3054124571,44.82355955636097,44.693667954927605,27.55235400921275,-13.552354009212749,WARNING_1,SYNTHETIC
1387000,11.988533429419974,136419.77982466173,41.37251390381343,45.8690364711417,38.181817943236304,-24.181817943236304,WARNING_1,SYNTHETIC
4695000,50.90668227731409,236615.37870649452,80.0437170683787,81.63192885489548,71.18508076446837,-57.18508076446837,HIGH_RISK,SYNTHETIC
4526000,56.91406415530126,221613.46625723873,84.47876899130027,87.50238455826603,74.61304473624917,-60.613044736249165,HIGH_RISK,SYNTHETIC
3947000,32.890876778997736,193822.03506873202,65.40565820520526,62.21316059948043,56.66921777623174,-42.66921777623174,WARNING_3,SYNTHETIC
1890000,19.668114782815,161117.62445885874,45.40139153094,47.85753378255864,27.756276415094693,-13.756276415094693,WARNING_1,SYNTHETIC
2987000,29.98882972866646,181887.286721572,50.438406183389816,59.984024655505564,49.50659398665352,-35.50659398665352,WARNING_2,SYNTHETIC
4924000,52.63704066962927,226807.45116049697,80.41263925948249,77.3265775410706,95.54220395235129,-81.54220395235129,HIGH_RISK,SYNTHETIC
3297000,32.042580955000176,199618.67381886792,64.04633521737213,63.471966926254446,61.529070793290565,-47.529070793290565,WARNING_3,SYNTHETIC
904000,9.442124659193354,122131.32670390859,33.79125061091548,33.74367833627571,2.1884674333963496,11.81153256660365,NORMAL,SYNTHETIC
4609000,58.908001618717066,223951.8413925995,74.75342158844411,85.30352003243215,71.56832953357201,-57.56832953357201,HIGH_RISK,SYNTHETIC
1279000,17.340799726571923,132967.49895508264,47.4237721198505,43.28225731654726,42.81952550082155,-28.81952550082155,WARNING_1,SYNTHETIC
933000,7.688131751347507,126210.39431319595,38.81907217138927,30.360249068362666,0.9025469608497545,13.097453039150246,NORMAL,SYNTHETIC
4899000,40.39930668141264,240023.4795392258,79.96435364171222,72.51141843793101,91.47026328697378,-77.47026328697378,HIGH_RISK,SYNTHETIC
2308000,27.061771073004913,180109.1505326547,56.589920350172356,51.5991310868536,50.28892694456792,-36.28892694456792,WARNING_2,SYNTHETIC
1555000,18.802138459546924,149049.8482105115,49.2033674413743,41.54141661900696,3.981093671836764,10.018906328163236,WARNING_1,SYNTHETIC
4533000,46.519018558012476,216057.03715041815,70.4027728767964,85.17224921936679,97.74793973221927,-83.74793973221927,HIGH_RISK,SYNTHETIC
3190000,30.793098227468267,192756.0032800808,66.47817002206392,69.3285004620225,65.38054359568441,-51.380543595684415,WARNING_3,SYNTHETIC
4441000,55.74850124500811,231550.22245139207,87.62370173129472,75.52597967416833,73.90684940134499,-59.906849401344985,HIGH_RISK,SYNTHETIC
706000,7.969374941244093,111876.1564801545,38.924843372096596,33.31276793419567,0.44205275715265746,13.557947242847343,NORMAL,SYNTHETIC
4690000,58.73881786512202,207445.2968141785,84.18897931655235,78.34777586953295,91.40771056280306,-77.40771056280306,HIGH_RISK,SYNTHETIC
3070000,30.30363365625138,190405.59033520846,69.94640774708627,67.1787756952152,60.9953441708686,-46.9953441708686,WARNING_3,SYNTHETIC
745000,5.307617657263432,122711.20708020369,37.82761348056103,37.17019472762889,0.3020094524676111,13.697990547532388,NORMAL,SYNTHETIC
3594000,36.466456389625804,195125.9313826535,69.11568894591784,60.72113746364679,61.59321880725276,-47.59321880725276,WARNING_3,SYNTHETIC
1939000,18.376659415419496,143542.00089691053,46.26622439936243,49.34272873361665,33.392490959324824,-19.392490959324824,WARNING_1,SYNTHETIC
4400000,45.00275920474045,228305.68993103714,78.80302149654366,77.03827947607222,99.06913118395053,-85.06913118395053,HIGH_RISK,SYNTHETIC
2862000,23.070097060003935,188374.12250206582,52.48686940177516,54.51926758518171,49.15468967133201,-35.15468967133201,WARNING_2,SYNTHETIC
3996000,39.569279221990854,199456.96000685546,66.4150020685631,64.7992701538084,61.326751195445866,-47.326751195445866,WARNING_3,SYNTHETIC
513000,3.469380637976172,124945.3960038414,30.96752898361096,39.71261316268868,0.541641809215947,13.458358190784054,NORMAL,SYNTHETIC
81000,4.576204380672621,128253.43670511073,32.0018343058486,31.13907254819022,0.9677667264215195,13.03223327357848,NORMAL,SYNTHETIC
4976000,42.005628473149244,208341.8030887965,74.43021284825873,87.69619723525207,86.46352302876964,-72.46352302876964,HIGH_RISK,SYNTHETIC
1308000,11.920951079443295,147470.4718576949,41.351476262054206,43.770305008882204,17.795596819465267,-3.795596819465267,WARNING_1,SYNTHETIC
4614000,46.78211044967506,222679.71620071924,85.38038420869185,87.26238834156197,99.35062821071877,-85.35062821071877,HIGH_RISK,SYNTHETIC
914000,9.644826811319886,113000.79156496421,34.562473073876816,33.959126790407026,1.1071427309050859,12.892857269094915,NORMAL,SYNTHETIC
3452000,38.8774954588455,192051.99739382227,69.48832827666192,66.3853810965784,63.31345393438291,-49.31345393438291,WARNING_3,SYNTHETIC
3695000,37.580793654559386,194267.58589399856,69.18697308417246,68.08537662598631,58.87135928537337,-44.87135928537337,WARNING_3,SYNTHETIC
4804000,44.10041412154158,210838.31677768673,74.23034886110422,76.94474858132828,66.20673080054435,-52.20673080054435,HIGH_RISK,SYNTHETIC
3156000,33.261059743677016,192540.6998679608,65.53303040206377,67.4478486458634,62.74471495045661,-48.74471495045661,WARNING_3,SYNTHETIC
2198000,26.325768223908636,181656.55444745667,55.414812657422814,50.19856767555157,55.36956501860013,-41.36956501860013,WARNING_2,SYNTHETIC
4232000,52.955528868910704,216327.69655596404,87.19279495670187,89.05111042929596,83.2605427867281,-69.2605427867281,HIGH_RISK,SYNTHETIC
774000,1.0417242576244905,122769.3505552948,37.540905601855734,37.924251003351785,0.21696272796470484,13.783037272035296,NORMAL,SYNTHETIC
329000,3.5357694048056634,113211.76625169837,34.979982907931564,32.23036127998295,2.7770146116254537,11.222985388374546,NORMAL,SYNTHETIC
2054000,28.410762397201438,183173.6143649464,59.23655910270345,52.88684263494203,50.0277580423855,-36.0277580423855,WARNING_2,SYNTHETIC
2001000,27.141253838599237,180410.9167022505,53.60097582288545,57.06991892452016,53.14000308623985,-39.14000308623985,WARNING_2,SYNTHETIC
943000,4.639397795527735,113533.33962654324,31.686448818049787,36.08300756971365,2.9546974006484974,11.045302599351503,NORMAL,SYNTHETIC
822000,3.5938457001843145,120573.15076216582,30.540543116185994,35.38344799333014,2.061730301316136,11.938269698683865,NORMAL,SYNTHETIC
4527000,40.18287144592723,242121.7186091917,81.731278830923,77.68996827912267,83.89843190851886,-69.89843190851886,HIGH_RISK,SYNTHETIC
909000,3.594010756255976,127861.04969506506,35.67811385354344,38.19885121819701,0.8067944747570495,13.19320552524295,NORMAL,SYNTHETIC
2516000,20.70911634774419,189860.61441865866,55.17738526795628,53.46751677143402,52.159967510793294,-38.159967510793294,WARNING_2,SYNTHETIC
181000,8.862330429341196,112378.2069606792,39.67593025997472,32.57330687194983,0.5566811408293002,13.4433188591707,NORMAL,SYNTHETIC
164000,5.882701730645054,112937.27469642808,38.79411733487685,36.00804889127069,1.9885155561516243,12.011484443848376,NORMAL,SYNTHETIC
1523000,16.767866325511008,140980.02538841715,41.752024083133406,44.21255089337041,25.02187488469309,-11.02187488469309,WARNING_1,SYNTHETIC
451000,8.780482260027991,122355.77817011166,37.20216029002664,35.59242228700951,2.926259404885348,11.073740595114652,NORMAL,SYNTHETIC
2538000,25.233266758871665,187898.60576593972,58.55811999985437,52.703795405800534,55.53662550932952,-41.53662550932952,WARNING_2,SYNTHETIC
4137000,41.182819196619114,246082.40188873155,72.63918898466716,72.41571797694587,93.1862765238245,-79.1862765238245,HIGH_RISK,SYNTHETIC
4775000,57.808867132982115,203101.20513983787,77.52580664097727,70.31847382307427,71.28735119836412,-57.28735119836412,HIGH_RISK,SYNTHETIC
1311000,12.58403799663039,172297.6041236425,42.87240384165871,43.22999865994049,27.13314074524402,-13.13314074524402,WARNING_1,SYNTHETIC
3149000,39.47249444582188,191111.74540696677,61.298172174630146,68.68028741899538,57.660481765247816,-43.660481765247816,WARNING_3,SYNTHETIC
1111000,16.16028376952419,149133.39253520305,45.88548522914727,42.67571357671378,18.749351222885345,-4.749351222885345,WARNING_1,SYNTHETIC
4547000,49.67566593241828,228418.47564708602,71.0510919870303,83.65076051653278,75.87422094775984,-61.87422094775984,HIGH_RISK,SYNTHETIC
4085000,51.211665726949086,217325.91909694922,79.30892966394367,77.63809120441165,87.40028010835047,-73.40028010835047,HIGH_RISK,SYNTHETIC
3489000,38.97403450558484,193755.4682648854,67.52160784156365,61.59752825531392,65.06835694298087,-51.06835694298087,WARNING_3,SYNTHETIC
1287000,15.592771463728027,178427.77199032687,41.255513750691996,49.15789621652847,27.147047307133057,-13.147047307133057,WARNING_1,SYNTHETIC
4177000,56.0832720053151,240605.14010281442,72.84533391149449,77.0556238398624,88.31187148874368,-74.31187148874368,HIGH_RISK,SYNTHETIC
4645000,41.368509630835725,224368.85135696342,89.86133782225593,78.08837948888662,98.35435466030779,-84.35435466030779,HIGH_RISK,SYNTHETIC
3680000,36.53183176604968,192712.65816510728,69.29270504005527,69.3761959803987,57.70481966983057,-43.70481966983057,WARNING_3,SYNTHETIC
4511000,40.31781182358585,226468.67936053866,89.227467268959,84.23980628289348,89.9185333864378,-75.9185333864378,HIGH_RISK,SYNTHETIC
4168000,51.3157978277516,237577.57656057848,89.8328608941438,70.10340639492745,73.01224007843727,-59.01224007843727,HIGH_RISK,SYNTHETIC
3300000,31.316280596521665,191902.8574370332,62.7192251144635,67.34632048430807,63.22216593601743,-49.22216593601743,WARNING_3,SYNTHETIC
3310000,36.019440428634994,197048.00390823098,67.09267573563919,62.84247250790389,56.9695911926854,-42.9695911926854,WARNING_3,SYNTHETIC
4556000,40.98238435951665,207597.34443771373,82.58662763831899,83.452429412982,70.19188005657553,-56.19188005657553,HIGH_RISK,SYNTHETIC
3125000,35.70798262401019,197930.274113871,69.4878840557869,65.14981057467813,64.37927279132319,-50.37927279132319,WARNING_3,SYNTHETIC
327000,5.687956029378514,121301.55821261411,31.981177414120907,38.48772085060477,2.276051058445597,11.723948941554402,NORMAL,SYNTHETIC
1790000,18.21790048300985,148740.78123775154,47.15751058100522,48.86517189264976,13.258672034796646,0.7413279652033538,WARNING_1,SYNTHETIC
2490000,22.60690398287901,181041.80340884216,50.10123657471822,51.96299406482072,53.68044277775141,-39.68044277775141,WARNING_2,SYNTHETIC
2006000,24.018305944235372,188073.95152248137,52.435566048696714,55.89311744720661,54.73589714534947,-40.73589714534947,WARNING_2,SYNTHETIC
2007000,29.795526579610783,186475.24293719322,59.08861992618846,54.312244236961405,55.79100624535939,-41.79100624535939,WARNING_2,SYNTHETIC
1858000,15.589053831765622,140751.86939819742,48.431727107855394,42.606834866722686,25.344551140329443,-11.344551140329443,WARNING_1,SYNTHETIC
4685000,46.77401127489193,248503.88375934554,87.55342837316287,74.48779407890555,84.36409308489544,-70.36409308489544,HIGH_RISK,SYNTHETIC
312000,3.0466154766540887,121579.55049500485,33.846834726613416,35.4605406674808,0.9240516389374664,13.075948361062533,NORMAL,SYNTHETIC
832000,4.486265200521391,119011.52927201764,34.627989378167854,34.13742324985657,2.110411212247248,11.889588787752752,NORMAL,SYNTHETIC
3079000,30.993972443031062,190630.09402320854,62.21028973082984,69.88461614698669,59.79865615851652,-45.79865615851652,WARNING_3,SYNTHETIC
4717000,55.4201419678474,220119.93562109992,79.31784858663457,87.95957901864674,82.13570401943667,-68.13570401943667,HIGH_RISK,SYNTHETIC
3462000,37.7835875297347,191460.9237412203,69.56651838100082,63.08211295465377,60.63478814408065,-46.63478814408065,WARNING_3,SYNTHETIC
1201000,11.804363061200059,154916.6928822804,43.50469113510272,49.81094037445782,44.38609700798093,-30.38609700798093,WARNING_1,SYNTHETIC
4391000,56.46562800025548,238427.80459727108,87.51074772456056,72.97299340925677,69.70548107545366,-55.70548107545366,HIGH_RISK,SYNTHETIC
3547000,33.61096844346735,194826.85556180202,67.82632469018067,68.12153427877782,61.19743030573369,-47.19743030573369,WARNING_3,SYNTHETIC
4922000,51.545439123880755,240549.5117546055,85.7611393214699,80.15163170646261,86.17608135390348,-72.17608135390348,HIGH_RISK,SYNTHETIC
2134000,25.613929977937985,187810.56693799476,58.71524499752776,51.25164666885785,53.24894384593362,-39.24894384593362,WARNING_2,SYNTHETIC
3451000,36.63558581503937,197289.67108265424,60.267219449010426,69.31710813195915,56.638480609260675,-42.638480609260675,WARNING_3,SYNTHETIC
2209000,23.649122686487996,181286.49349244084,51.5683410889517,59.047092565897046,48.30815195272728,-34.30815195272728,WARNING_2,SYNTHETIC
1901000,10.37040975900539,156355.37736053395,46.2739350105299,49.02455695794239,11.770094493041718,2.229905506958282,WARNING_1,SYNTHETIC
1481000,10.103112754476461,153262.90153435583,49.17222546318152,41.825083343039054,18.447942193100086,-4.447942193100086,WARNING_1,SYNTHETIC
777000,2.4321426777236272,118947.85503584219,35.14048196038865,30.782590076835703,0.42937567571891755,13.570624324281082,NORMAL,SYNTHETIC
799000,7.231202874015574,122437.24061308682,37.70395383181327,32.73490716241155,2.32240494237337,11.677595057626629,NORMAL,SYNTHETIC
3714000,36.0834153327298,191107.5896403728,66.25207869954144,65.99789624469648,57.331374889735926,-43.331374889735926,WARNING_3,SYNTHETIC
3942000,32.584550610815455,192230.10272593764,60.20633103508997,63.22925637563304,57.26687425210039,-43.26687425210039,WARNING_3,SYNTHETIC
54000,7.205455331911749,115670.41533198458,33.239012627192885,36.14606219252426,2.518944507705326,11.481055492294674,NORMAL,SYNTHETIC
2972000,29.137201745239743,189408.40416596388,58.30590211555052,50.33899354845983,50.379114487162,-36.379114487162,WARNING_2,SYNTHETIC
3335000,30.25213448827522,193302.9932132326,68.31050805299307,64.8030215346683,57.63319352589097,-43.63319352589097,WARNING_3,SYNTHETIC
1920000,14.71093867897923,167559.00583345623,46.55102995582016,44.16176198530042,11.880627390907119,2.1193726090928813,WARNING_1,SYNTHETIC
3715000,33.089667461888695,191536.1177033043,66.77386165423474,68.92715463637926,58.65774231904766,-44.65774231904766,WARNING_3,SYNTHETIC
4646000,56.20700498338421,242339.49066319887,85.27977517648398,75.15784670895317,72.52828499524426,-58.52828499524426,HIGH_RISK,SYNTHETIC
946000,7.250157771756682,114026.9663810543,33.24405664141605,32.09760660613413,1.8665067249294858,12.133493275070514,NORMAL,SYNTHETIC
1701000,11.0624051140709,161150.6555983124,45.32958220651452,45.54013461987773,8.045751180330155,5.954248819669845,WARNING_1,SYNTHETIC
3293000,35.16792263545889,196489.82002666712,62.118430172296314,63.464607582558,56.553711979827604,-42.553711979827604,WARNING_3,SYNTHETIC
2161000,25.65117607077611,187195.62585507834,56.322257539668456,52.13737388149372,52.28046938484758,-38.28046938484758,WARNING_2,SYNTHETIC
1136000,10.648381410981447,177844.4731272093,41.44609696159768,45.582809502375184,24.378029092401942,-10.378029092401942,WARNING_1,SYNTHETIC
987000,1.4409388693330172,123858.5318117171,35.48887589006567,34.6675292591894,0.731009868334749,13.268990131665252,NORMAL,SYNTHETIC
2549000,25.37480680773348,186527.77817790196,53.96651411432387,52.86190104346203,46.316205347767045,-32.316205347767045,WARNING_2,SYNTHETIC
193000,8.313791514699176,129511.91291656799,30.588485373324318,36.99922170137648,2.5404780491487986,11.459521950851201,NORMAL,SYNTHETIC
3057000,38.203855624327296,197399.91197024978,69.26177147249427,64.43835687764724,59.38743413686679,-45.38743413686679,WARNING_3,SYNTHETIC
3246000,38.10265023941288,195349.1055913695,60.911656840604145,67.07167248491326,56.31216011736441,-42.31216011736441,WARNING_3,SYNTHETIC
1394000,14.393976239506072,160056.45473967658,48.568793527406335,40.702539573736445,34.90413338997066,-20.90413338997066,WARNING_1,SYNTHETIC
2637000,28.938550606631335,187098.624606078,57.89133486059574,52.68007684656534,51.620487454273785,-37.620487454273785,WARNING_2,SYNTHETIC
768000,1.9735393145473887,112650.84161902827,38.411200645043216,36.62049604631562,0.8001672234537927,13.199832776546208,NORMAL,SYNTHETIC
4702000,50.985459321453575,226607.8402388504,73.86515003197215,81.5453940658342,74.24652381566327,-60.24652381566327,HIGH_RISK,SYNTHETIC
3090000,33.27319129234284,192501.75091717744,61.01741020302875,67.56792002820171,64.47513360973271,-50.47513360973271,WARNING_3,SYNTHETIC
3495000,36.760542013472374,192556.72011939,62.69160700518427,66.98837465678314,61.01693325416799,-47.01693325416799,WARNING_3,SYNTHETIC
3215000,34.57281995410993,196627.34433480218,65.09915456442367,68.7619954837095,65.10422952752927,-51.10422952752927,WARNING_3,SYNTHETIC
285000,4.663109346188092,128655.59239313965,30.93582945338373,36.38730912897381,0.6375671359278219,13.362432864072177,NORMAL,SYNTHETIC
4938000,51.65302559249199,200618.82491636806,83.76560051574302,84.96357450509949,91.00537292081326,-77.00537292081326,HIGH_RISK,SYNTHETIC
428000,1.5036410733486916,125597.39687744624,36.316285421713175,39.242897594096085,0.8632096887564065,13.136790311243594,NORMAL,SYNTHETIC
4448000,56.942752917136204,239051.59815175427,72.52567528677119,82.51190335381955,93.4634394436817,-79.4634394436817,HIGH_RISK,SYNTHETIC
2332000,25.600568899302655,184131.20523248805,56.936080015914975,54.61736852075991,46.86594626822288,-32.86594626822288,WARNING_2,SYNTHETIC
2717000,27.688916215747987,187189.20196032932,57.35774250884461,52.601354443053445,53.44123864534722,-39.44123864534722,WARNING_2,SYNTHETIC
2079000,27.16618552321863,187530.14516491827,53.98529799835118,59.937682084043836,51.83585610934641,-37.83585610934641,WARNING_2,SYNTHETIC
3389000,31.326275025233628,194903.59044081604,69.76476887217173,68.33660378778855,59.17913901024231,-45.17913901024231,WARNING_3,SYNTHETIC
722000,1.3154162124798359,124238.35621177158,33.55281539552777,38.51036987192073,0.9485316004812028,13.051468399518797,NORMAL,SYNTHETIC
951000,3.1859763540177335,110241.03726031851,37.766886763492906,39.59026384012442,2.2770985580041696,11.72290144199583,NORMAL,SYNTHETIC
4383000,57.06756311496162,209361.3494988705,84.43756047921029,70.22724490344837,82.37755968644427,-68.37755968644427,HIGH_RISK,SYNTHETIC
4366000,42.51569456039625,216673.60345941805,78.49154651675688,89.28709089519194,71.2807711536653,-57.2807711536653,HIGH_RISK,SYNTHETIC
2262000,20.758232047187025,185437.73088611467,54.64211070435595,52.33209851070156,48.104809430555584,-34.104809430555584,WARNING_2,SYNTHETIC
989000,7.991221868363783,113011.96574486006,36.10407319433473,39.962650629391334,0.4886785162388679,13.511321483761131,NORMAL,SYNTHETIC
3212000,36.24946259380843,192084.64118788732,65.12160939020616,62.1283393836324,65.79011167144166,-51.790111671441664,WARNING_3,SYNTHETIC
1759000,10.626295600173803,142168.51934075993,45.697813418390716,42.011028793351166,13.597090328929884,0.4029096710701161,WARNING_1,SYNTHETIC
4579000,47.58169969291605,204285.3665757546,86.54935592623396,80.08916558371244,92.98951869092039,-78.98951869092039,HIGH_RISK,SYNTHETIC
326000,8.078648085934283,117461.21175116106,32.08959607484614,34.065022037671106,0.36464296190579343,13.635357038094206,NORMAL,SYNTHETIC
2608000,29.495995863190657,180919.26250725082,53.2066255382138,54.01437095944773,53.388742310731416,-39.388742310731416,WARNING_2,SYNTHETIC
1383000,11.970562929575669,167655.7067175246,40.72077541529144,43.19509000652826,42.91048786237793,-28.910487862377927,WARNING_1,SYNTHETIC
1724000,18.024453141952662,151198.49459178734,48.58048990960111,45.116963002735304,29.090233746965207,-15.090233746965207,WARNING_1,SYNTHETIC
1086000,17.860872703936543,154580.98785631044,47.48228934180635,49.40179237726222,14.52427505038297,-0.5242750503829701,WARNING_1,SYNTHETIC
2523000,24.855830987224948,180157.85958530576,52.47322975295836,52.314733782366766,54.03059269739748,-40.03059269739748,WARNING_2,SYNTHETIC
341000,9.438146163999908,126219.25804479844,30.691381624661144,38.217730593732,0.5489087114227138,13.451091288577286,NORMAL,SYNTHETIC
3701000,39.35954135285799,190789.20192499703,69.6612060371671,66.9869033675427,62.91842290402067,-48.91842290402067,WARNING_3,SYNTHETIC
147000,5.581917141749533,126027.78867685446,39.942691791632825,37.117171199217964,2.133142704581066,11.866857295418935,NORMAL,SYNTHETIC
688000,7.6172754698592575,121652.88698629074,32.55124656057634,36.151355899884216,2.5984104960177334,11.401589503982267,NORMAL,SYNTHETIC
3432000,39.300037685446256,198320.24518297781,61.87462885929836,65.48111101159236,61.96658603578056,-47.96658603578056,WARNING_3,SYNTHETIC
1107000,12.952012522062844,136463.42519629202,45.72507662982939,48.41496226075756,22.366095549894954,-8.366095549894954,WARNING_1,SYNTHETIC
848000,2.3144925760397266,118245.1719292815,37.675074159808986,32.362675772783305,0.582492327783035,13.417507672216965,NORMAL,SYNTHETIC
966000,9.388208619165663,124595.61534087584,33.20454885563455,34.97967558778666,1.2372588553542543,12.762741144645746,NORMAL,SYNTHETIC
4727000,47.460573785797955,247722.33409263712,88.72342088643381,71.36577444511542,95.28441429381205,-81.28441429381205,HIGH_RISK,SYNTHETIC
1492000,12.44771434559181,172457.83190635708,47.64607960983325,44.10159861503328,41.05845851297541,-27.058458512975413,WARNING_1,SYNTHETIC
3953000,32.33189154669023,198482.67276243953,64.4274739481273,60.45609765023277,65.92923392946322,-51.92923392946322,WARNING_3,SYNTHETIC
2203000,24.93817449606107,181784.7247062271,59.085483317442886,52.6688086511987,53.30221191783217,-39.30221191783217,WARNING_2,SYNTHETIC
2713000,21.842122937853443,183514.21110330545,55.180905668923806,53.91977390802738,47.93157777597616,-33.93157777597616,WARNING_2,SYNTHETIC
661000,8.801706547112449,122785.0068071234,33.96552722828847,39.083456755415966,2.766013094200938,11.233986905799062,NORMAL,SYNTHETIC
1002000,17.69192905099785,158459.10216351209,46.02676837733107,42.852778843606394,24.076558787469263,-10.076558787469263,WARNING_1,SYNTHETIC
62000,5.974077737034462,115102.13862054762,35.04063906564551,32.44475842485839,0.6523420340633423,13.347657965936659,NORMAL,SYNTHETIC
284000,6.0268473353364005,128535.38782977987,32.043595452116385,31.90727157322718,2.710499354012815,11.289500645987186,NORMAL,SYNTHETIC
2224000,27.42194026538204,180966.0931427369,50.75695291938644,55.86615759264343,50.29107441091135,-36.29107441091135,WARNING_2,SYNTHETIC
4706000,53.21552708086539,234635.70151124895,81.2850659144556,74.2617316194283,75.25429203670205,-61.254292036702054,HIGH_RISK,SYNTHETIC
1879000,12.882024814265131,135436.74326727827,49.48922892021337,44.958766986708234,18.262920902457786,-4.262920902457786,WARNING_1,SYNTHETIC
3572000,32.82707229386342,197040.41298144578,65.9243111026139,64.21910106654298,64.58424308938594,-50.584243089385936,WARNING_3,SYNTHETIC
4857000,44.10230168122934,208215.34255054264,86.62799079108305,79.37382082965581,78.97677536545137,-64.97677536545137,HIGH_RISK,SYNTHETIC
1203000,14.645852662400905,139301.0325122667,49.823828258909344,45.97177225808857,18.21277895098762,-4.2127789509876195,WARNING_1,SYNTHETIC
1990000,11.171481324684995,136397.97443453953,45.65564656952313,48.83229055988667,15.615558475962548,-1.6155584759625476,WARNING_1,SYNTHETIC
24000,7.849774774249105,123199.91437602302,34.56547322994052,33.141548880783425,2.4301066151939192,11.56989338480608,NORMAL,SYNTHETIC
4852000,53.676234451592975,207164.9372451079,78.86067713743769,76.2913560422293,69.64992006999407,-55.64992006999407,HIGH_RISK,SYNTHETIC
4102000,46.3686572368212,209793.2118866363,88.58350195606091,85.22612220188735,84.60283332438486,-70.60283332438486,HIGH_RISK,SYNTHETIC
4167000,43.625567651660475,242246.8935391504,88.78501194183178,83.76163840941643,90.58989336069567,-76.58989336069567,HIGH_RISK,SYNTHETIC
762000,1.4168913760482402,114235.4432693262,31.005220014167083,30.883902354174975,2.7815001357689857,11.218499864231013,NORMAL,SYNTHETIC
875000,8.810625578694783,125968.96689656115,32.16794145731445,34.12310726857235,1.7523748728487392,12.247625127151261,NORMAL,SYNTHETIC
4742000,43.65564586589469,200086.8653500542,88.44544446259167,79.55977159758164,93.81550157817486,-79.81550157817486,HIGH_RISK,SYNTHETIC
938000,8.885874325327947,114911.32077618904,32.44627132759029,34.97697129474106,1.9686714796238203,12.03132852037618,NORMAL,SYNTHETIC
2687000,28.74549591102717,182687.51203955078,53.0347994192404,53.30209961912344,51.87865255739764,-37.87865255739764,WARNING_2,SYNTHETIC
3600000,32.85480943418152,193313.8833751178,65.49230356569801,69.22997951828576,60.28844078752073,-46.28844078752073,WARNING_3,SYNTHETIC
2394000,26.502148777568003,188711.0651207334,50.81169449967852,50.74378710647134,53.40172403698244,-39.40172403698244,WARNING_2,SYNTHETIC
4567000,51.6590669699907,234314.0201732282,74.8304043782433,79.54758954528418,88.50846391293885,-74.50846391293885,HIGH_RISK,SYNTHETIC
4980000,59.94658864192138,224009.38812246957,88.32564345683818,75.21632793726388,77.552815559397,-63.552815559397004,HIGH_RISK,SYNTHETIC
4124000,55.147415543063744,247008.32618065117,79.36498987190724,84.26317857208937,94.20720099027034,-80.20720099027034,HIGH_RISK,SYNTHETIC
4564000,56.61880381019277,236943.6433225376,82.34236339825316,87.41255150757885,88.36922141888465,-74.36922141888465,HIGH_RISK,SYNTHETIC
385000,9.682357595334034,110807.98457684326,37.622513483035114,36.8524743210572,2.7627761754746163,11.237223824525383,NORMAL,SYNTHETIC
3877000,39.911201698993395,190597.89893166668,69.27872803627034,60.7998914493825,62.40608311054497,-48.40608311054497,WARNING_3,SYNTHETIC
4370000,53.1916382685845,227745.3922311825,72.44458662562062,72.24665549139382,69.57058236127456,-55.57058236127456,HIGH_RISK,SYNTHETIC
4569000,58.821056172390826,243713.6627187744,77.32895271633467,73.62432773086852,91.93579683511291,-77.93579683511291,HIGH_RISK,SYNTHETIC
536000,5.6207770661118985,125644.2239053559,37.814658394024214,32.282967084571055,2.0654080628550635,11.934591937144937,NORMAL,SYNTHETIC
2291000,27.566108146541232,183613.49713038284,57.192628432037075,55.28576410532638,50.214064546899415,-36.214064546899415,WARNING_2,SYNTHETIC
4665000,56.9547114012327,209506.6116099703,87.42366099944229,80.81982498007362,67.61522377288766,-53.61522377288766,HIGH_RISK,SYNTHETIC
3874000,39.66028700588996,196885.47562262023,61.10503994000404,60.87392407722504,57.10861004741049,-43.10861004741049,WARNING_3,SYNTHETIC
936000,9.285541939295271,119500.4488800872,33.21584102869451,33.426881803778315,1.2186315500609828,12.781368449939016,NORMAL,SYNTHETIC
3737000,39.636313755568004,199658.73290576733,66.8617582327178,66.94332783665118,65.54900089445819,-51.54900089445819,WARNING_3,SYNTHETIC
4728000,59.713650147571755,234106.91524169847,74.95873199840088,75.33320605529553,86.13011662149839,-72.13011662149839,HIGH_RISK,SYNTHETIC
2360000,28.25066795921723,188252.94034326755,50.61388116194742,51.77610991238788,47.673859753325814,-33.673859753325814,WARNING_2,SYNTHETIC
3507000,36.91173809136618,192132.72557711988,62.481855718171786,63.23143796488854,62.08219414807484,-48.08219414807484,WARNING_3,SYNTHETIC
201000,9.552072549336513,121018.17536980806,39.37051430670507,39.227390958251675,2.457448168424348,11.542551831575652,NORMAL,SYNTHETIC
3208000,33.2061002080635,196353.06336253605,68.75184096183906,60.709697005690266,59.135095247554524,-45.135095247554524,WARNING_3,SYNTHETIC
1332000,12.542885778844376,155460.95527789128,43.675615773135135,40.89477523725986,19.335047337987383,-5.335047337987383,WARNING_1,SYNTHETIC
3016000,33.86456327892194,190031.77293255425,67.67807876142824,69.1943810671282,62.21777226522062,-48.21777226522062,WARNING_3,SYNTHETIC
3502000,34.22458217719959,191309.65307559102,61.185764522798415,67.15598170127876,61.86604935298641,-47.86604935298641,WARNING_3,SYNTHETIC
2708000,26.49101298587843,184626.66500455578,53.51710596924545,59.44388066814621,51.35026769687926,-37.35026769687926,WARNING_2,SYNTHETIC
4021000,57.10993696377828,249983.8184443364,71.30875422540956,79.52456734359043,74.41945221038642,-60.419452210386424,HIGH_RISK,SYNTHETIC
1854000,10.529088542708513,136976.32071010594,42.686437880946805,45.516320351967885,7.637435778318032,6.362564221681968,WARNING_1,SYNTHETIC
4469000,41.144977509525916,204957.86412330833,80.98826312736509,81.76196905654737,89.8288694253232,-75.8288694253232,HIGH_RISK,SYNTHETIC
2872000,28.199023784240595,186885.69404963078,50.34102081288643,58.955088679979475,54.70357134081649,-40.70357134081649,WARNING_2,SYNTHETIC
3030000,38.8624663105183,199176.44490744782,67.48448008631175,62.79764170904867,62.66640104974608,-48.66640104974608,WARNING_3,SYNTHETIC
1205000,10.295217545713708,163868.0541011263,44.08305337684686,43.76915404008331,39.275612177514795,-25.275612177514795,WARNING_1,SYNTHETIC
1645000,12.352733801312931,134998.6360058459,42.6134432975506,43.855920617234354,24.456024449884374,-10.456024449884374,WARNING_1,SYNTHETIC
3417000,38.307289305567366,196808.12130257138,67.83421349210944,66.89645301297494,59.04533621566436,-45.04533621566436,WARNING_3,SYNTHETIC
3476000,33.26112046970187,198272.79098301468,67.46141174388504,69.35717266110366,62.99212395608372,-48.99212395608372,WARNING_3,SYNTHETIC
2861000,27.647550288964208,189953.7847985236,58.81066986878172,58.3294772517334,52.91196959120523,-38.91196959120523,WARNING_2,SYNTHETIC
1792000,11.411268841627622,165717.39073262448,41.85080379425988,43.3749023727007,4.608162864514464,9.391837135485536,WARNING_1,SYNTHETIC
3797000,37.19775457117505,194361.341390824,63.72518953469843,63.5988418396265,57.92017476870983,-43.92017476870983,WARNING_3,SYNTHETIC
3368000,33.042607690173,194063.92234034356,66.06521344819632,60.43846133228722,64.79504723618132,-50.79504723618132,WARNING_3,SYNTHETIC
3367000,35.713936029404465,195006.51051257673,60.303498112541,65.26785309588244,64.94583042451097,-50.94583042451097,WARNING_3,SYNTHETIC
3533000,39.466204697228996,198989.6282576129,62.48634751154618,68.69670012870351,63.27827267030281,-49.27827267030281,WARNING_3,SYNTHETIC
3449000,32.730067258069745,192815.8099900068,63.55149258993909,63.50520527482622,65.92421098400082,-51.92421098400082,WARNING_3,SYNTHETIC
603000,7.342124331121495,126289.47752061868,37.53460539436342,32.20048320476608,2.024756524951115,11.975243475048885,NORMAL,SYNTHETIC
3056000,38.04251819817391,198957.35424031364,68.29820740463124,60.88779969783982,61.813898650837416,-47.813898650837416,WARNING_3,SYNTHETIC
4531000,45.994299000989244,212473.81881833758,85.11157160887139,87.9578190082174,79.39104932791301,-65.39104932791301,HIGH_RISK,SYNTHETIC
126000,3.902778668528511,120015.32298160557,33.390077406028794,35.41738571663228,1.652557633005665,12.347442366994335,NORMAL,SYNTHETIC
3876000,39.000139142177304,196700.7952715995,60.807538811325415,60.63546994148159,65.52944276669594,-51.52944276669594,WARNING_3,SYNTHETIC
2935000,21.325599247077232,186432.10045953392,52.83023433926452,54.208422543375335,46.36640059724977,-32.36640059724977,WARNING_2,SYNTHETIC
3531000,39.446035973723724,191555.5906309355,67.57753681187322,69.1000466179035,64.12627044151468,-50.12627044151468,WARNING_3,SYNTHETIC
2730000,25.241120089697542,188579.86343791685,59.35634975295106,56.19585714073293,53.476300264549735,-39.476300264549735,WARNING_2,SYNTHETIC
827000,3.0352687492443,119631.83178412088,32.19993439327261,33.278420388534414,1.3591646535150463,12.640835346484954,NORMAL,SYNTHETIC
1639000,15.670760225130678,149302.29064743096,43.79209746707347,40.24319473455953,15.772371879143154,-1.7723718791431544,WARNING_1,SYNTHETIC
984000,2.3453186747117565,122373.21223872635,30.66352803770581,33.72078411516026,1.060163174170477,12.939836825829524,NORMAL,SYNTHETIC
3281000,31.32530518810992,198078.3145513708,69.32256722460421,63.38145398726936,60.6496565942141,-46.6496565942141,WARNING_3,SYNTHETIC
4971000,48.38942303902214,206826.88041583108,78.15672943754234,76.97224390625193,76.5462833571785,-62.546283357178496,HIGH_RISK,SYNTHETIC
2188000,22.506759076219392,182207.36163965616,51.55963971044332,50.85507963604093,53.40598109046618,-39.40598109046618,WARNING_2,SYNTHETIC
4612000,45.88708483279211,227000.4258032735,78.73697847035244,87.70653889552057,68.36025541882259,-54.36025541882259,HIGH_RISK,SYNTHETIC
2443000,26.2260826506423,180506.90358480555,52.33746989500182,58.36593903769456,47.78048092180239,-33.78048092180239,WARNING_2,SYNTHETIC
362000,2.0305113799209726,122374.29556339284,34.776487695729706,35.851478216413035,2.0465083700153386,11.953491629984661,NORMAL,SYNTHETIC
2349000,28.301878644744157,189669.61883123522,52.41367617635478,57.262586176814985,54.63871229501977,-40.63871229501977,WARNING_2,SYNTHETIC
345000,7.997010583051156,122144.22860988144,30.663982790432744,36.71887585765492,2.8589790868948994,11.1410209131051,NORMAL,SYNTHETIC
814000,2.1168077845629156,126594.99820249823,30.282923056381147,34.30884897410853,1.3984789084287212,12.601521091571279,NORMAL,SYNTHETIC
3205000,36.71305708456042,195323.10539037507,68.65565516323952,63.61735722360932,63.88957248915698,-49.88957248915698,WARNING_3,SYNTHETIC
4160000,47.4676061731385,210604.18158252037,72.98127379244163,75.46982241425556,75.33516896869219,-61.33516896869219,HIGH_RISK,SYNTHETIC
4795000,47.17329324163101,208255.81881206343,70.83247617853146,83.05264073762109,87.34826182266225,-73.34826182266225,HIGH_RISK,SYNTHETIC
3325000,33.21853683342186,194969.25139023477,65.51542989474379,66.5863754861745,56.1583865956578,-42.1583865956578,WARNING_3,SYNTHETIC
4106000,49.56239024273689,248307.06230413006,80.3640586311938,70.57559720826906,73.28190004722994,-59.28190004722994,HIGH_RISK,SYNTHETIC
2116000,29.43411281742629,181659.12885902738,53.880973100616025,55.48240352397353,54.6000003667057,-40.6000003667057,WARNING_2,SYNTHETIC
1834000,15.539730718465446,150036.59965737571,46.07584555153736,43.962086153311624,39.545814358876044,-25.545814358876044,WARNING_1,SYNTHETIC
793000,1.6873538591072021,123778.02904905945,39.8844741383193,31.53521680931199,2.875070208731896,11.124929791268105,NORMAL,SYNTHETIC
4946000,50.394437664374394,249038.6694123101,78.23191011119931,74.19147451440013,68.24507059173423,-54.24507059173423,HIGH_RISK,SYNTHETIC
2674000,29.49373929294343,180053.59597271404,53.14730098073457,55.54971365639698,55.529973848081156,-41.529973848081156,WARNING_2,SYNTHETIC
94000,3.6533063845013136,121719.22748192109,39.000912781436824,34.65499997169057,0.8139609025846548,13.186039097415346,NORMAL,SYNTHETIC
3756000,32.836097300966074,192528.15727344208,63.706982558998035,64.89895459209589,57.29759616670164,-43.29759616670164,WARNING_3,SYNTHETIC
2891000,22.49501108360063,181534.86997134937,58.28892559396528,58.936602100009196,49.640041402427165,-35.640041402427165,WARNING_2,SYNTHETIC
2371000,20.293572220405753,184341.4306168998,51.99242453143504,55.16209924248717,49.49041983308987,-35.49041983308987,WARNING_2,SYNTHETIC
4149000,58.47907118620668,200467.04416990443,84.54367246457298,78.75941975740983,88.57403419083666,-74.57403419083666,HIGH_RISK,SYNTHETIC
4432000,52.57643456811788,205476.20146455572,87.92668245745865,88.42302072796159,79.61157725234403,-65.61157725234403,HIGH_RISK,SYNTHETIC
3228000,31.40414053752057,192423.61761444737,69.41352478157225,60.24633138220352,63.50524857415888,-49.50524857415888,WARNING_3,SYNTHETIC
2853000,27.273327157751318,188924.2677057399,52.53780786522373,53.68092488575399,48.83418294275246,-34.83418294275246,WARNING_2,SYNTHETIC
2912000,26.604483440353466,189200.3139016071,52.96922808737425,58.74773246017572,52.17557982328569,-38.17557982328569,WARNING_2,SYNTHETIC
1865000,13.38796343129098,147726.27829626168,44.69459855549905,44.782492943203465,21.269445360949106,-7.269445360949106,WARNING_1,SYNTHETIC
1857000,15.185813557553832,146404.5829421506,42.49806126863429,49.57180884769647,29.38146144024324,-15.381461440243239,WARNING_1,SYNTHETIC
2645000,23.280131772432767,181815.25641452015,58.95960189096411,57.966559057357486,55.233684543282,-41.233684543282,WARNING_2,SYNTHETIC
2243000,23.442770232900852,186451.17318384539,58.2435047888403,51.65687723420214,48.444836005407524,-34.444836005407524,WARNING_2,SYNTHETIC
2336000,26.081317117357415,182445.7986770272,51.01969435890899,51.21928743414058,50.34904893512845,-36.34904893512845,WARNING_2,SYNTHETIC
950000,5.671483469732768,129038.57580161816,31.535778669477565,34.25422629833736,0.8378712230418752,13.162128776958125,NORMAL,SYNTHETIC
3068000,30.587490783990926,192815.40424150994,60.26464771499726,69.26919149356614,64.89480923319665,-50.89480923319665,WARNING_3,SYNTHETIC
1120000,16.26403377339986,132797.98775784852,44.05164073676787,43.82509925169223,29.234686860830053,-15.234686860830053,WARNING_1,SYNTHETIC
2597000,24.777757534992336,184761.02990307193,54.28128640996023,58.25719791987506,48.84198819922724,-34.84198819922724,WARNING_2,SYNTHETIC
2204000,27.04645481142775,181183.983472301,55.24539434706908,54.1864086374968,54.83429781117948,-40.83429781117948,WARNING_2,SYNTHETIC
419000,9.013616398751791,129436.07637293423,39.314619293088896,38.502836851553845,1.6298497688717117,12.370150231128289,NORMAL,SYNTHETIC
922000,6.42745437588032,119544.65819951594,31.6104568281994,33.46000867238014,0.9721338113861935,13.027866188613807,NORMAL,SYNTHETIC
1254000,17.542090615258147,175635.08683709335,45.423289252031964,46.909372735183254,38.509525797416366,-24.509525797416366,WARNING_1,SYNTHETIC
477000,6.376690413922329,129896.29785659217,31.930251895393706,39.09051019798284,0.865939077669015,13.134060922330985,NORMAL,SYNTHETIC
2035000,29.424708291842414,189110.66058304606,58.691229695727344,56.994167604044556,52.89617365399305,-38.89617365399305,WARNING_2,SYNTHETIC
1202000,11.785279975868162,157940.1203926247,40.15583089974292,42.66555050553103,22.27391113035439,-8.273911130354389,WARNING_1,SYNTHETIC
2626000,22.44782278958231,182092.99745637248,55.24845129253108,57.196098918536606,53.63979059185123,-39.63979059185123,WARNING_2,SYNTHETIC
4818000,53.532749438495074,209389.53926353657,84.60487720598789,80.86925225491206,77.44245722785853,-63.442457227858526,HIGH_RISK,SYNTHETIC
1970000,13.917005673573113,168680.8575394565,46.40620477679406,48.67304354228708,34.10691742563324,-20.10691742563324,WARNING_1,SYNTHETIC
3110000,32.14770627125151,198414.34390024823,65.31225405471048,67.27305763661843,57.291388647006194,-43.291388647006194,WARNING_3,SYNTHETIC
4018000,54.321632050511845,216201.629747875,85.88890185626073,82.9866419119053,74.82357690554929,-60.82357690554929,HIGH_RISK,SYNTHETIC
2151000,28.985729540807505,181463.89730700367,58.98673490824342,57.789588380568155,50.51667028783888,-36.51667028783888,WARNING_2,SYNTHETIC
3687000,33.088424162510094,192703.82147953543,62.52594000601398,67.22688990529623,60.29651868421139,-46.29651868421139,WARNING_3,SYNTHETIC
1997000,18.17771751577257,149569.86483590418,44.84343741538283,44.69448741313609,10.1933849339588,3.8066150660412,WARNING_1,SYNTHETIC
4033000,45.46501209074687,238979.18519791073,78.6403312571166,73.33501192590279,83.16805182207473,-69.16805182207473,HIGH_RISK,SYNTHETIC
3054000,38.59994293139846,194236.8236251416,64.86883122198716,61.27348654713551,56.101077083206,-42.101077083206,WARNING_3,SYNTHETIC
1248000,11.119096565769258,160813.24832283313,47.88888313434675,43.973567135083094,29.87294476410875,-15.872944764108752,WARNING_1,SYNTHETIC
2192000,23.11766266664928,186608.26164624025,50.947776130113525,51.91289916204334,53.233231310981566,-39.233231310981566,WARNING_2,SYNTHETIC
2712000,25.025348020419727,180954.3015193961,56.5992493996736,59.80055530879386,55.17806511783618,-41.17806511783618,WARNING_2,SYNTHETIC
992000,7.983991377988922,116794.7189549806,33.09543508137627,30.806803784146652,2.170555461744939,11.82944453825506,NORMAL,SYNTHETIC
2190000,29.49095716584068,184081.98752238188,56.57506842892862,52.893415149061184,46.679748714827475,-32.679748714827475,WARNING_2,SYNTHETIC
3762000,33.91954430265957,193197.0799261665,69.33727499091914,67.41495532704269,61.73637868924921,-47.73637868924921,WARNING_3,SYNTHETIC
3597000,33.558744240444035,191780.07024245212,69.45755040151998,63.234236316004235,58.56350808831348,-44.56350808831348,WARNING_3,SYNTHETIC
1318000,14.12817100315705,154437.53622632253,44.639979856375575,43.12770864108179,36.41883793488004,-22.418837934880038,WARNING_1,SYNTHETIC
1863000,17.370894918770425,146238.50743111796,45.049578855857334,46.00001003841707,42.81932787405531,-28.81932787405531,WARNING_1,SYNTHETIC
2343000,29.527148429720135,181957.89944237808,58.81201491842812,50.684662080821425,49.924485699957174,-35.924485699957174,WARNING_2,SYNTHETIC
2449000,22.821095052568122,185432.34066702003,54.55033979519854,50.71456030749437,53.332351358219746,-39.332351358219746,WARNING_2,SYNTHETIC
2136000,27.381544360984556,188617.37194716805,54.85508385307566,51.184424746405966,52.01283246405238,-38.01283246405238,WARNING_2,SYNTHETIC
1065000,15.178249060061876,173501.42401697603,48.12107757142353,41.65030089025348,28.974286660145395,-14.974286660145395,WARNING_1,SYNTHETIC
4960000,50.40971503350924,212114.81411550893,80.50297236933419,74.02615931533983,72.48426884973291,-58.48426884973291,HIGH_RISK,SYNTHETIC
2621000,24.463043931201945,183455.45130046265,57.802830106932284,55.570255114920755,51.273841340296826,-37.273841340296826,WARNING_2,SYNTHETIC
77000,6.824865329596677,119796.48512184925,31.86483294755864,36.109586784166986,1.807155782826968,12.192844217173032,NORMAL,SYNTHETIC
2898000,20.32536480303534,183832.81567817274,57.92453681933559,53.96874192433685,46.49869934611723,-32.49869934611723,WARNING_2,SYNTHETIC
1314000,13.515777069741885,164593.28183914264,43.182734390856346,42.12674723115633,10.466878831879608,3.533121168120392,WARNING_1,SYNTHETIC
4372000,44.48153021755058,240479.8797262605,79.54388036390752,79.13406768550725,78.9438420726707,-64.9438420726707,HIGH_RISK,SYNTHETIC
872000,9.617176776624062,129712.42203024015,30.202611282041392,31.11521343971455,2.148460551039171,11.851539448960828,NORMAL,SYNTHETIC
3850000,33.5593804615522,197758.9870208017,64.76115610545295,63.032487031561985,62.39470363506201,-48.39470363506201,WARNING_3,SYNTHETIC
4787000,46.674273071237835,222892.7649727395,77.68606217935414,89.32126000553676,70.97865163693514,-56.97865163693514,HIGH_RISK,SYNTHETIC
2965000,21.407292949128927,181093.11427105364,57.34513071817302,59.58712740503001,53.3234801601449,-39.3234801601449,WARNING_2,SYNTHETIC
3391000,32.632635169202516,199049.56112187653,63.54420868430349,62.40227383059044,57.39715594217701,-43.39715594217701,WARNING_3,SYNTHETIC
2560000,23.42894814108569,188488.82294341255,52.76298567287578,50.32236335986493,51.21625955984052,-37.21625955984052,WARNING_2,SYNTHETIC
4896000,49.82113552203276,210738.57643690502,76.28800518454669,89.51724846118842,67.00829644028401,-53.00829644028401,HIGH_RISK,SYNTHETIC
2635000,20.814420265766348,185109.78443757707,56.69881016516142,52.22864076973568,52.48729090548402,-38.48729090548402,WARNING_2,SYNTHETIC
3530000,39.540652651587756,195736.3566481657,66.79861738711166,69.6632963801778,58.73443767471459,-44.73443767471459,WARNING_3,SYNTHETIC
375000,2.3004936783712866,111614.70560005479,31.499414779340608,34.243364289230115,0.6751514102772231,13.324848589722777,NORMAL,SYNTHETIC
1908000,12.993127550706948,179367.02084121917,45.139342235722985,44.4845750650159,16.77940956964807,-2.7794095696480703,WARNING_1,SYNTHETIC
4332000,48.319482404497464,248930.3631046497,81.10009389463714,83.47202113955575,96.86534344352782,-82.86534344352782,HIGH_RISK,SYNTHETIC
4379000,49.23830255044899,245279.18452344238,82.34398208465731,84.06771526197547,80.0098292583346,-66.0098292583346,HIGH_RISK,SYNTHETIC
4027000,43.252056484149634,227742.26163415104,76.17879442477395,84.94428624530104,86.43754424683925,-72.43754424683925,HIGH_RISK,SYNTHETIC
1604000,15.525790137442064,166608.22281593675,48.98348551445928,46.65570564236795,10.940118219013115,3.059881780986885,WARNING_1,SYNTHETIC
1118000,10.6323696247287,173157.71335651222,42.37588609700933,44.03168051935602,29.638007668547676,-15.638007668547676,WARNING_1,SYNTHETIC
3677000,30.25290703883298,193865.44054724116,65.90300831329107,61.65266611277585,61.909599484437685,-47.909599484437685,WARNING_3,SYNTHETIC
3490000,37.10474536440137,194605.56965468085,67.38098600847897,62.96357274670443,60.55838378952161,-46.55838378952161,WARNING_3,SYNTHETIC
4864000,42.572853981911194,234565.49514522273,77.48723808402264,89.67366965929142,79.18843803359933,-65.18843803359933,HIGH_RISK,SYNTHETIC
2958000,24.96961273904362,187659.38202623764,59.68076933509225,57.543604561328905,54.78070800998768,-40.78070800998768,WARNING_2,SYNTHETIC
1994000,15.762412294300573,169844.7900503006,40.64948592746768,44.339127535116596,18.370163309919814,-4.370163309919814,WARNING_1,SYNTHETIC
4955000,58.04069334596096,227318.13842853054,81.94382656218865,76.31326103208892,86.57327150553327,-72.57327150553327,HIGH_RISK,SYNTHETIC
4355000,41.905257368569664,201371.746929783,76.34934530273435,70.84858428451136,70.89790849078011,-56.89790849078011,HIGH_RISK,SYNTHETIC
2376000,25.698340644739726,188981.66376562483,50.86715285650356,52.13654990970017,48.9082829279105,-34.9082829279105,WARNING_2,SYNTHETIC
1342000,18.70058318045498,174040.26609895093,48.791476228985374,46.75120592056966,38.969780351484715,-24.969780351484715,WARNING_1,SYNTHETIC
320000,9.063862571935966,119928.34964878617,30.325924432470146,30.12465659837882,2.5078690490803535,11.492130950919647,NORMAL,SYNTHETIC
1619000,10.780509189586272,143349.32229552334,48.46110429467913,47.293220271549956,34.179841638832876,-20.179841638832876,WARNING_1,SYNTHETIC
3713000,37.15485995922801,195457.82674328834,65.1574683904416,65.41520835448513,58.49251911186353,-44.49251911186353,WARNING_3,SYNTHETIC
2060000,28.84817340557545,184146.89717125398,51.25334337322434,53.11463124432529,47.61506514819535,-33.61506514819535,WARNING_2,SYNTHETIC
2219000,27.014778164667998,187687.11282989135,56.94352549602755,55.216333862494515,46.234343879996665,-32.234343879996665,WARNING_2,SYNTHETIC
1673000,15.536491711167239,151754.87696895478,44.075552442652636,41.90462495500711,26.024580551380506,-12.024580551380506,WARNING_1,SYNTHETIC
260000,2.286324548895745,110883.50205888323,36.98318407868588,30.793168991814483,2.8856775093877354,11.114322490612265,NORMAL,SYNTHETIC
4417000,58.145027155236924,239377.98845908995,73.4131657471609,80.86058025078327,75.93214224315999,-61.93214224315999,HIGH_RISK,SYNTHETIC
2039000,25.409157980428517,188477.54728931125,55.82113887069113,59.89752954898579,49.18013009489238,-35.18013009489238,WARNING_2,SYNTHETIC
901000,3.2830705907199014,110434.46911408179,39.31243328479462,38.102913412113544,1.0077792887974535,12.992220711202547,NORMAL,SYNTHETIC
3744000,30.86358138961233,190753.808720851,64.59434868199729,64.45830498100445,58.35963057353417,-44.35963057353417,WARNING_3,SYNTHETIC
2026000,29.264345231065963,180205.19708789958,59.05267596186653,53.73672620029911,51.26413059356982,-37.26413059356982,WARNING_2,SYNTHETIC
1917000,17.79407688002966,162674.41432423942,40.604474551335386,42.27261671431851,20.812200887744872,-6.812200887744872,WARNING_1,SYNTHETIC
1828000,15.301330635233283,160998.9140601406,48.063077566676384,41.8684233275678,22.622392792109785,-8.622392792109785,WARNING_1,SYNTHETIC
1573000,18.640995451303056,160320.10763117057,43.65685562536277,44.06204561398115,33.9066210782761,-19.906621078276103,WARNING_1,SYNTHETIC
4394000,58.85768005812072,219153.5609680085,84.8104957153599,75.56718646983451,81.55026339597707,-67.55026339597707,HIGH_RISK,SYNTHETIC
4208000,44.95921552354676,235049.44803265747,70.70324227639122,88.95031335483957,73.55804723454719,-59.55804723454719,HIGH_RISK,SYNTHETIC
224000,3.520726796562084,113439.20703874045,38.98375383939374,31.390050785122654,0.8115517327347286,13.188448267265272,NORMAL,SYNTHETIC
723000,9.44601579649714,121270.46473939075,34.10341358899041,34.313596028715075,1.9148474429515852,12.085152557048415,NORMAL,SYNTHETIC
4485000,58.914172186305294,231524.09876941383,74.5986811753975,80.63363463511827,76.8439475369454,-62.84394753694539,HIGH_RISK,SYNTHETIC
1141000,15.673282752484287,137836.26610582412,47.15751914871693,42.66699089262585,43.596704303184985,-29.596704303184985,WARNING_1,SYNTHETIC
2762000,22.224785016295677,180693.7006580514,54.33669821742811,52.81609549381122,51.650341516624806,-37.650341516624806,WARNING_2,SYNTHETIC
846000,4.476063712356897,116524.76724328114,32.325530152036755,37.323191155153516,0.5861188307535028,13.413881169246498,NORMAL,SYNTHETIC
2551000,22.222194192639474,188601.3650683585,53.830339288318726,57.89569774571306,46.62976117221114,-32.62976117221114,WARNING_2,SYNTHETIC
2928000,28.970183692168078,187162.76350921733,50.862209000393975,57.08365229563613,50.63097961488563,-36.63097961488563,WARNING_2,SYNTHETIC
117000,7.331274012368244,125814.75947791987,30.395602083901917,36.73328307401955,2.6225136734060515,11.37748632659395,NORMAL,SYNTHETIC
645000,8.551502680698444,119276.56220925752,38.81617221242863,37.55877730825881,2.9854495888575205,11.01455041114248,NORMAL,SYNTHETIC
3000,7.136838655722403,113046.53420315152,36.507945897177365,37.456750006602995,0.8747360487367284,13.125263951263271,NORMAL,SYNTHETIC
4170000,53.63549729903698,221632.033324101,88.93189880701622,76.84547816464955,79.36984597039947,-65.36984597039947,HIGH_RISK,SYNTHETIC
467000,9.277230805320563,114572.9120532423,35.93456272589973,33.012561894462635,2.0438769519821394,11.956123048017862,NORMAL,SYNTHETIC
5000,9.585476694403452,117858.54783140466,38.850929882268005,37.74417834448783,0.715589808017711,13.284410191982289,NORMAL,SYNTHETIC
919000,5.8655046357672616,129062.96759825051,37.08862078440812,34.305023101095706,1.3421888642677577,12.657811135732242,NORMAL,SYNTHETIC
2595000,24.604525824066627,182738.84351688274,57.498136641605754,54.723241426105915,52.579193179724356,-38.579193179724356,WARNING_2,SYNTHETIC
1063000,11.534650152897564,150071.5155538345,40.71210671091022,47.58378042781901,36.89472912332374,-22.894729123323742,WARNING_1,SYNTHETIC
2590000,20.72607761768291,184228.19088886393,56.43886666669035,50.51674156139284,55.273615411570965,-41.273615411570965,WARNING_2,SYNTHETIC
242000,3.0472385293046167,117215.17373036507,33.688783807374705,39.191598989333116,1.5335967206343069,12.466403279365693,NORMAL,SYNTHETIC
1160000,19.912880304684883,164467.15369253405,45.90488310130752,43.9759927092933,17.058320360420925,-3.0583203604209253,WARNING_1,SYNTHETIC
2870000,24.601414997898143,180387.90201463221,59.0249495728411,53.65291003845693,51.56954042650612,-37.56954042650612,WARNING_2,SYNTHETIC
3735000,38.00662819319976,199438.47743150967,69.90686811565658,60.14786543184127,61.995229788274706,-47.995229788274706,WARNING_3,SYNTHETIC
2397000,24.0253880825745,187163.82325934808,53.80899559354718,53.97313889167518,47.40932765318621,-33.40932765318621,WARNING_2,SYNTHETIC
3517000,35.73272168965927,195381.7681610437,60.181162776114284,69.67033636645124,57.63456800229747,-43.63456800229747,WARNING_3,SYNTHETIC
3421000,32.08062440144633,197203.91666425575,66.39601706414547,60.3962370842804,64.1425190083871,-50.1425190083871,WARNING_3,SYNTHETIC
2563000,22.001225474776184,181895.27915174724,59.40731901951022,53.826804056490595,53.84834076785196,-39.84834076785196,WARNING_2,SYNTHETIC
1605000,15.60989960563736,135281.13393860415,49.85779355388716,44.24744823763149,43.58836584348253,-29.588365843482528,WARNING_1,SYNTHETIC
4828000,47.34729398595846,235965.57499944718,79.44818255795705,77.51697190424537,71.359545672642,-57.359545672642,HIGH_RISK,SYNTHETIC
2324000,22.258814080866184,181494.75014510192,54.03077817557451,56.62951687673899,50.65057539637251,-36.65057539637251,WARNING_2,SYNTHETIC
2709000,26.807997171970122,186517.05375905836,52.61292928000906,51.673793631218295,52.92870762522592,-38.92870762522592,WARNING_2,SYNTHETIC
4398000,42.53197955282789,243780.1001524765,81.55302998804852,77.68881908500481,91.54954988533741,-77.54954988533741,HIGH_RISK,SYNTHETIC
1312000,13.534904251138546,177601.63289596268,44.08482054635474,40.40780182459905,13.997789451971808,0.002210548028191539,WARNING_1,SYNTHETIC
3448000,39.24394564566195,191260.2041101662,65.72413724366949,64.3440420671039,65.48464765332315,-51.48464765332315,WARNING_3,SYNTHETIC
3812000,33.31911919255541,198459.43789014663,64.80961262444045,69.04170652514213,62.34501074087012,-48.34501074087012,WARNING_3,SYNTHETIC
4655000,49.819685766075715,213841.7588391419,85.04126692945465,71.4197753545288,87.74458356799401,-73.74458356799401,HIGH_RISK,SYNTHETIC
2362000,22.013453822311945,188826.22837734254,51.80101106696752,53.072042281261446,55.68127680990864,-41.68127680990864,WARNING_2,SYNTHETIC
1975000,12.288119720047264,131357.97080425013,49.00534868476716,40.87394173714252,7.849881916204097,6.150118083795903,WARNING_1,SYNTHETIC
3514000,31.71315592100999,191208.30262974126,66.13682028355676,64.03957540958231,58.459623675042884,-44.459623675042884,WARNING_3,SYNTHETIC
1761000,19.117840202326093,159554.55001192092,49.426470563346456,41.1059928846864,4.71688794617565,9.28311205382435,WARNING_1,SYNTHETIC
2739000,23.846203458584895,187133.71772410301,57.17942259273639,56.378575295225076,53.89022899304864,-39.89022899304864,WARNING_2,SYNTHETIC
4844000,48.17510922269106,236895.19070466026,83.49828001549261,72.27347109767717,92.26002522164296,-78.26002522164296,HIGH_RISK,SYNTHETIC
2472000,27.696728081423707,180389.84100863576,52.23937536549949,50.60974362077198,47.50209480282261,-33.50209480282261,WARNING_2,SYNTHETIC
4007000,51.769446229461835,247102.1083371952,88.82699557589294,77.35803068409348,94.39499644896944,-80.39499644896944,HIGH_RISK,SYNTHETIC
1493000,13.301850653812,138024.07267173583,41.170468821140716,48.887344221802564,28.42746718083607,-14.427467180836071,WARNING_1,SYNTHETIC
4206000,59.37922576401099,210734.7115372076,78.30844719776218,79.69949013548705,82.16355169691752,-68.16355169691752,HIGH_RISK,SYNTHETIC
2158000,23.24703790238789,181849.00518996382,51.2876772275783,58.880094912867506,53.41996431331956,-39.41996431331956,WARNING_2,SYNTHETIC
1169000,13.384944990051277,164927.65714897166,40.31586730002715,43.98930560338411,16.103691560718428,-2.1036915607184277,WARNING_1,SYNTHETIC
4516000,43.11635866247162,238434.93836473374,82.61538734040859,77.24807541310838,99.08936213011168,-85.08936213011168,HIGH_RISK,SYNTHETIC
232000,9.50284082686,113909.73019164008,30.940212021688303,35.183042758451656,2.2504915820698823,11.749508417930118,NORMAL,SYNTHETIC
66000,5.92102301455964,117993.52270327274,35.024129936309386,34.09701076548995,0.9876824868468721,13.012317513153128,NORMAL,SYNTHETIC
1603000,19.113082164333093,137993.97893269814,45.78124817643177,49.8801523182675,19.91825435553193,-5.9182543555319285,WARNING_1,SYNTHETIC
3283000,38.16842132275746,194709.1960693634,60.15585283432221,63.86307892856504,58.96674433254116,-44.96674433254116,WARNING_3,SYNTHETIC
3596000,30.45071534013717,193295.3504400892,60.60297558614359,61.90324911552131,60.622412743801895,-46.622412743801895,WARNING_3,SYNTHETIC
125000,5.347119209351767,121043.6985711866,33.851677373559696,31.93007536158766,0.6271836931146764,13.372816306885323,NORMAL,SYNTHETIC
1296000,19.914840683967647,170224.9132530202,46.90184037421097,46.76909081250053,7.44899104722591,6.55100895277409,WARNING_1,SYNTHETIC
1976000,17.5813954433001,171035.76349390304,48.40493934344645,40.413336789077256,33.5369660761449,-19.5369660761449,WARNING_1,SYNTHETIC
4517000,59.21290548888593,238656.36935226305,79.43527746807725,70.56534087364197,88.52797429270797,-74.52797429270797,HIGH_RISK,SYNTHETIC
4481000,46.56525475091642,238852.16466940998,77.98117268302951,87.65419926345223,78.09709742134604,-64.09709742134604,HIGH_RISK,SYNTHETIC
2075000,27.4811469204093,183152.95723519035,59.94988761395388,58.682419794723565,50.01008912076528,-36.01008912076528,WARNING_2,SYNTHETIC
3086000,31.55266383771669,193126.8082680046,64.93229202665377,62.3320283283405,62.02661962923139,-48.02661962923139,WARNING_3,SYNTHETIC
4345000,57.84597982453914,224657.64603566602,87.07906167161059,87.85643896922906,80.70921166504814,-66.70921166504814,HIGH_RISK,SYNTHETIC
3345000,39.59755567640868,190401.9150887764,62.83648663626737,62.76576915265282,60.40551310775552,-46.40551310775552,WARNING_3,SYNTHETIC
4464000,41.50868072038599,205913.25350513868,72.96934288840318,77.59571532884316,69.23134462549686,-55.23134462549686,HIGH_RISK,SYNTHETIC
2797000,23.13364318756263,183404.31646419247,50.58538015600164,53.97790352546241,47.267818517559306,-33.267818517559306,WARNING_2,SYNTHETIC
918000,3.6793054329890897,121988.53617159871,30.344709928327628,36.60461145310457,2.7771213242881667,11.222878675711833,NORMAL,SYNTHETIC
1646000,15.84602767818616,133600.716311157,40.73139731396118,46.87933109257922,21.4889564496267,-7.4889564496266985,WARNING_1,SYNTHETIC
364000,6.7891969083566455,119234.5439436902,36.652139656041214,33.146999136371335,2.2851692238786776,11.714830776121323,NORMAL,SYNTHETIC
3287000,31.641416398448197,195124.38661708997,66.81359514293462,68.2573123456338,60.82097784592042,-46.82097784592042,WARNING_3,SYNTHETIC
2125000,23.09009137763436,183152.77169486487,58.20721039411855,52.06513626377219,55.408832816681254,-41.408832816681254,WARNING_2,SYNTHETIC
4123000,53.722107251082946,223807.82327553447,71.85710501422106,84.56419536776463,97.69937768006957,-83.69937768006957,HIGH_RISK,SYNTHETIC
525000,4.211290377488623,113503.61135712007,31.509931314350677,34.32325295869108,1.7620826997992831,12.237917300200717,NORMAL,SYNTHETIC
55000,7.870415472993318,123494.73094698555,34.79798502755153,34.95534804152543,2.579040166848996,11.420959833151004,NORMAL,SYNTHETIC
638000,7.808742008214312,114917.51174010117,38.229358771930976,38.04546006317947,0.6923792979868166,13.307620702013184,NORMAL,SYNTHETIC
302000,5.717398716339209,125110.79084946854,34.71640190624379,32.55939081880744,2.9924700791305754,11.007529920869425,NORMAL,SYNTHETIC
2766000,22.566323920996716,185901.86578121354,51.16414292426833,56.65481489964181,46.854348298614454,-32.854348298614454,WARNING_2,SYNTHETIC
1276000,15.815656130453878,140509.04795945308,43.98492681714884,44.282580975604965,39.82381665263476,-25.82381665263476,WARNING_1,SYNTHETIC
2055000,21.812852553913995,187391.58331361957,55.62201382961409,52.510102692759894,46.65971134689468,-32.65971134689468,WARNING_2,SYNTHETIC
3644000,38.48652026500379,196409.25626688087,61.71192110848496,66.12150891690752,56.45593715521969,-42.45593715521969,WARNING_3,SYNTHETIC
4143000,56.37037207291007,220313.9570072477,74.88058334543025,79.57700369443316,74.26859157685116,-60.268591576851165,HIGH_RISK,SYNTHETIC
2878000,23.42027459111352,180486.60832249196,56.538236721058254,57.828211236488734,47.08314646844465,-33.08314646844465,WARNING_2,SYNTHETIC
4202000,58.24563976382617,239459.54255824274,73.269542276964,73.06961476737567,82.37877962302014,-68.37877962302014,HIGH_RISK,SYNTHETIC
2286000,28.91431387422655,189613.84646868685,55.519970766544546,59.04894272859087,51.61296137503555,-37.61296137503555,WARNING_2,SYNTHETIC
2261000,29.667494178306583,188784.26824978527,54.741098446295304,51.7361317391982,52.1525181523669,-38.1525181523669,WARNING_2,SYNTHETIC
2296000,27.421020710239105,187293.08451701349,59.999477848799884,54.40621153102708,47.45096699401373,-33.45096699401373,WARNING_2,SYNTHETIC
1753000,17.553569456212525,175498.9453487494,48.50245396751751,48.3076137270659,3.965911558241993,10.034088441758007,WARNING_1,SYNTHETIC
1968000,16.246550705085717,159882.3108098232,40.964125359490694,49.137985303239944,10.807123430360422,3.192876569639578,WARNING_1,SYNTHETIC
4351000,49.86952011807113,229499.3632037471,81.02600186411215,72.83110215809009,79.99915467593394,-65.99915467593394,HIGH_RISK,SYNTHETIC
3117000,39.24665874421134,199967.6910854598,60.52489405884967,61.45480201958234,59.039985293025566,-45.039985293025566,WARNING_3,SYNTHETIC
2393000,25.721350141039494,184280.0234014024,50.63952618577365,51.14865649961116,54.94510402897773,-40.94510402897773,WARNING_2,SYNTHETIC
523000,6.287395589916712,125210.92045459733,36.26159285840469,33.80940348048634,2.5815734420428758,11.418426557957124,NORMAL,SYNTHETIC
3900000,31.461582826575242,191334.7467574032,64.97293558844872,67.07231189218123,59.266170058712696,-45.266170058712696,WARNING_3,SYNTHETIC
3122000,31.53548735763459,190293.4751501814,65.93074091165553,65.13466846909927,65.83879791907833,-51.83879791907833,WARNING_3,SYNTHETIC
4156000,42.57413677156052,213163.74410800257,70.12931806743215,70.43674768534967,91.02416727369415,-77.02416727369415,HIGH_RISK,SYNTHETIC
1969000,18.012242164486683,158368.3813339006,40.52401699102753,45.3900317388616,25.97402276748851,-11.97402276748851,WARNING_1,SYNTHETIC
671000,6.058872980682696,122378.32762347051,34.472756869082694,36.1082455046597,1.0581450564920236,12.941854943507977,NORMAL,SYNTHETIC
4188000,53.68217844075468,223214.37077344343,74.60082587944783,81.56687112643897,97.59181261024172,-83.59181261024172,HIGH_RISK,SYNTHETIC
666000,8.10539813259128,126967.61508122162,38.9516411777374,32.11220994437965,2.470516506535089,11.52948349346491,NORMAL,SYNTHETIC
4338000,51.769001725913824,241004.2884919912,74.57214407976151,85.39411727942445,94.93038823169171,-80.93038823169171,HIGH_RISK,SYNTHETIC
1887000,11.664697882076576,143217.09688652735,42.27152179460787,46.02525528334768,36.29435327907309,-22.294353279073093,WARNING_1,SYNTHETIC
3266000,33.71342720597664,196647.9546460911,60.13614166722075,63.83264888644961,65.53227874565059,-51.532278745650586,WARNING_3,SYNTHETIC
280000,1.382580545712569,117173.45583055822,34.20222479032438,36.64640190926219,0.22057478937993552,13.779425210620065,NORMAL,SYNTHETIC
1719000,11.093260246665979,152473.4085685392,44.43411571675087,40.49230988843832,3.441041456518147,10.558958543481854,WARNING_1,SYNTHETIC
2947000,28.207084199683685,184314.4333117007,55.20745536001586,50.327016295264414,50.91897320406757,-36.91897320406757,WARNING_2,SYNTHETIC
899000,5.5937082520253085,111098.69978395339,34.200835653027916,31.923140402756893,2.418707811180148,11.581292188819852,NORMAL,SYNTHETIC
4850000,47.61944636826166,245268.50409657683,77.07869565484921,70.12970992048406,94.45997181265788,-80.45997181265788,HIGH_RISK,SYNTHETIC
760000,7.261710766051645,116643.26095406903,36.52787224491315,39.8817642455715,1.6046531577833523,12.395346842216648,NORMAL,SYNTHETIC
1906000,16.390749800631728,167268.0379083479,46.22621829683206,44.1275224891555,26.58466965130011,-12.58466965130011,WARNING_1,SYNTHETIC
4042000,59.170170300525875,243800.36414276075,75.97140758564386,75.01580744505982,89.29479816437431,-75.29479816437431,HIGH_RISK,SYNTHETIC
3823000,36.103777020025134,199084.25216414928,68.50244738408176,65.28628286349073,64.30247689086717,-50.30247689086717,WARNING_3,SYNTHETIC
4138000,51.75261659383386,205643.36164682906,85.15718476661837,72.90730305361316,74.79330612149116,-60.793306121491156,HIGH_RISK,SYNTHETIC
3818000,30.353093432629496,199041.8989539986,64.5169544406058,66.1782466777096,63.78463185905315,-49.78463185905315,WARNING_3,SYNTHETIC
4300000,58.86108797525813,203701.50528029597,86.75464549784701,77.51553274929425,88.71201037261494,-74.71201037261494,HIGH_RISK,SYNTHETIC
2593000,24.340950278326126,186707.55829477264,53.722190059728376,51.33625254646623,55.163096922869975,-41.163096922869975,WARNING_2,SYNTHETIC
4164000,50.06854801349001,207386.28548820576,75.78235548279254,76.0772545917267,86.35359122095767,-72.35359122095767,HIGH_RISK,SYNTHETIC
3031000,34.7910619398395,198309.7274584984,60.56161542602824,69.73271467304433,63.61609898940449,-49.61609898940449,WARNING_3,SYNTHETIC
3579000,34.66903033849614,190400.7800387884,64.15595261362621,63.41731225621537,58.98674467635165,-44.98674467635165,WARNING_3,SYNTHETIC
2832000,23.197624232893222,185802.761879547,50.58975214946205,54.32997223571853,54.743729078258596,-40.743729078258596,WARNING_2,SYNTHETIC
3472000,36.589271868085056,192143.78521126026,66.30454442885285,68.51229230906162,60.41060829136142,-46.41060829136142,WARNING_3,SYNTHETIC
137000,5.244270245097522,118495.53849630912,37.73939438637656,30.568176783999814,2.5967182404875495,11.403281759512451,NORMAL,SYNTHETIC
2180000,28.743074084970537,182273.6091314419,53.11077620788922,54.68745943226859,50.92422998649885,-36.92422998649885,WARNING_2,SYNTHETIC
2128000,21.32580901750205,180847.61604758372,50.923165513809536,55.669097286634376,55.02704925736162,-41.02704925736162,WARNING_2,SYNTHETIC
3177000,30.521167878658268,196827.33576429536,67.46409816721675,64.52171980878234,57.53668930677332,-43.53668930677332,WARNING_3,SYNTHETIC
4367000,41.158345496370444,216112.1788089984,71.4733819934093,79.12752667660413,90.04315336835086,-76.04315336835086,HIGH_RISK,SYNTHETIC
4261000,42.375857357861975,218724.20593826222,89.43819077384008,83.65462385547347,94.654436836864,-80.654436836864,HIGH_RISK,SYNTHETIC
4344000,57.20422509988535,242160.70817189253,74.90084332645117,70.36056813305514,71.38643722298863,-57.38643722298863,HIGH_RISK,SYNTHETIC
1331000,17.45143371138095,177880.6586837612,48.86782382498788,46.434449661216036,5.123788474498417,8.876211525501583,WARNING_1,SYNTHETIC
2017000,27.944023923525023,184035.6927729043,59.15245607475596,54.54603691044224,48.986273266454496,-34.986273266454496,WARNING_2,SYNTHETIC
2482000,27.97788916058858,181240.1935337836,50.93320321280958,52.71443164245322,54.542972817690625,-40.542972817690625,WARNING_2,SYNTHETIC
1358000,13.70096639763822,155398.78420665467,42.83368568976137,48.965857878143,29.08794966427204,-15.087949664272038,WARNING_1,SYNTHETIC
1329000,13.503683837119121,142491.98385791725,44.320897122771136,44.80895585684005,28.89008591937336,-14.890085919373359,WARNING_1,SYNTHETIC
2150000,24.813394541793798,181394.1132687876,50.46219876087609,57.40094627023106,48.80255273609725,-34.80255273609725,WARNING_2,SYNTHETIC
2122000,20.995538258375028,186764.00491304553,52.07232170919994,53.914495233152934,50.060699613466355,-36.060699613466355,WARNING_2,SYNTHETIC
3981000,32.1601539233742,192049.8572508981,65.53318308943152,65.8328894038731,61.22982180205641,-47.22982180205641,WARNING_3,SYNTHETIC
1252000,12.655402846530624,151470.18697915666,48.548770313546044,47.33222517617228,33.34122457157315,-19.34122457157315,WARNING_1,SYNTHETIC
3278000,38.66216564877595,196836.8087342151,63.439828534831605,61.84981780422905,61.462611513704196,-47.462611513704196,WARNING_3,SYNTHETIC
3374000,37.41482349215271,196461.97819730168,64.27008621825286,60.30876433675284,60.413833444982934,-46.413833444982934,WARNING_3,SYNTHETIC
2814000,21.10426858348056,184862.47292994562,52.14699062382674,55.2098586811688,47.06244345387249,-33.06244345387249,WARNING_2,SYNTHETIC
1848000,11.091043744795384,140091.7228596587,42.22846378995844,47.99348034875002,19.336456939928762,-5.3364569399287625,WARNING_1,SYNTHETIC
3037000,30.65032204747945,193041.1436799685,61.55714787396555,66.32003007258173,57.10376141787746,-43.10376141787746,WARNING_3,SYNTHETIC
388000,2.042611479509964,128059.78306812274,37.480709590798924,34.39272061810492,2.2163932531856605,11.783606746814339,NORMAL,SYNTHETIC
235000,8.078376057394143,111983.13941197628,38.76267233025799,31.325463142747626,0.6812342198477843,13.318765780152216,NORMAL,SYNTHETIC
1077000,11.580166220944456,147887.22603911132,49.93531033377566,42.50102254948124,32.62154068610699,-18.62154068610699,WARNING_1,SYNTHETIC
1984000,16.704238119601065,145843.4374339104,47.70634062494355,46.00919670237573,29.165587403436103,-15.165587403436103,WARNING_1,SYNTHETIC
4363000,43.7823115793416,231933.0207963829,85.96958661954848,88.46237871345137,66.43690913391093,-52.43690913391093,HIGH_RISK,SYNTHETIC
3962000,36.26532568125995,193123.77859537376,64.00786033436619,67.71472415273008,65.74448701367706,-51.74448701367706,WARNING_3,SYNTHETIC
770000,3.126422396903955,121604.80433485887,31.617824577922658,39.398720892275904,2.0034432005425935,11.996556799457407,NORMAL,SYNTHETIC
2165000,29.539282182932993,185884.42287456917,50.90289874014685,56.32778003238774,49.73326488068844,-35.73326488068844,WARNING_2,SYNTHETIC
673000,7.167752889061795,112565.8651702224,34.71880712429489,33.458505277607905,0.9874887072478755,13.012511292752125,NORMAL,SYNTHETIC
249000,4.747762360086887,128593.3324183911,33.45383393169492,34.72573510907072,2.440559840502209,11.559440159497791,NORMAL,SYNTHETIC
1574000,13.327311349614686,151656.62725310816,40.18627550353467,49.51303724825107,5.339045486260497,8.660954513739503,WARNING_1,SYNTHETIC
3419000,30.194673128060312,191379.4269308795,65.48412601067594,61.1141154969517,64.58101671456579,-50.58101671456579,WARNING_3,SYNTHETIC
2081000,22.33212961266248,186865.00511006583,58.77928526840898,54.33275100689606,47.168694647344864,-33.168694647344864,WARNING_2,SYNTHETIC
1823000,11.822476834789054,131671.08975070564,42.60533490380743,47.40426492436199,22.35121343324455,-8.35121343324455,WARNING_1,SYNTHETIC
716000,5.947102456890636,116737.13087666537,35.03178526724888,37.30265762280047,1.165345343104672,12.834654656895328,NORMAL,SYNTHETIC
4668000,46.357661369749664,210236.1296757022,77.90242618727808,82.19683355717744,83.15261026736901,-69.15261026736901,HIGH_RISK,SYNTHETIC
2048000,29.6251384699369,183698.18706997635,55.438561624509674,59.781389330635726,50.35872875025907,-36.35872875025907,WARNING_2,SYNTHETIC
4178000,46.100216341120515,200903.23587463563,73.61404173163157,88.544397770057,99.86998969499365,-85.86998969499365,HIGH_RISK,SYNTHETIC
2724000,29.867630993542804,180470.48552166723,51.05445835022256,58.496611052538036,47.720507892999,-33.720507892999,WARNING_2,SYNTHETIC
4521000,43.32048826685078,247412.12804628717,89.74220375340033,81.15042061219887,77.50432864519068,-63.50432864519068,HIGH_RISK,SYNTHETIC
1460000,16.884620899950498,141249.18742153846,44.872896130518804,49.200403693397426,40.73356437304727,-26.733564373047273,WARNING_1,SYNTHETIC
1668000,16.605980608399282,139615.00652313756,46.361834111921105,46.00991098485148,42.731207046752736,-28.731207046752736,WARNING_1,SYNTHETIC
2756000,28.412643201176643,189594.715235195,52.41481081518467,59.400191798919835,48.829513615996596,-34.829513615996596,WARNING_2,SYNTHETIC
2000000,27.23521102800457,188028.44088866838,55.22885038445696,53.91768982511194,51.815742433647515,-37.815742433647515,WARNING_2,SYNTHETIC
404000,9.773904988970644,113787.26983345707,38.05772698342301,38.77990880992704,1.5113456798170783,12.488654320182922,NORMAL,SYNTHETIC
384000,4.3119633666312716,129174.15051943868,30.472503388564853,32.02677787867717,2.5576547017079303,11.44234529829207,NORMAL,SYNTHETIC
4535000,48.94528400847355,216947.98576069882,78.83865107617065,85.811936469577,73.86240166391995,-59.862401663919954,HIGH_RISK,SYNTHETIC
2152000,20.536437099821036,182303.77166739423,58.21804647951447,54.03248199489644,55.10521237622744,-41.10521237622744,WARNING_2,SYNTHETIC
1633000,10.804182404673364,158971.08873312734,45.81204742206921,46.40733032556082,16.900358028309146,-2.900358028309146,WARNING_1,SYNTHETIC
4586000,43.18043631221817,224496.6599593046,86.59304602675381,74.03291084628856,75.70994735904273,-61.70994735904273,HIGH_RISK,SYNTHETIC
3925000,38.641482889965474,199943.21182662647,64.21559988245914,62.034815991759075,62.24931378701919,-48.24931378701919,WARNING_3,SYNTHETIC
4158000,46.627878251384146,249888.90895991592,72.45693259340902,75.26273315367101,86.62489309952927,-72.62489309952927,HIGH_RISK,SYNTHETIC
223000,9.409484662013336,122925.81526457118,31.900452159595968,36.955520304126416,0.6278771393461807,13.37212286065382,NORMAL,SYNTHETIC
2193000,24.767624893990014,185922.05112659567,53.887556914962396,53.60902183523609,54.95705781763698,-40.95705781763698,WARNING_2,SYNTHETIC
3136000,30.65605715068143,198709.2848783587,66.61955454278497,63.10256814213599,64.67330648553562,-50.67330648553562,WARNING_3,SYNTHETIC
1824000,13.725549139522547,158718.98415040175,49.87992014527276,48.80939731631038,19.653435874981483,-5.653435874981483,WARNING_1,SYNTHETIC
4600000,52.78042423169072,218194.97115920228,85.60921851894483,88.88242615816688,76.49562155557366,-62.49562155557366,HIGH_RISK,SYNTHETIC
797000,2.45629226671962,115796.68227698983,33.53289549436947,37.78360470778217,1.5417971409974571,12.458202859002544,NORMAL,SYNTHETIC
2871000,21.555905143288868,186089.78779370658,51.26785344957312,54.310046344556135,55.36071159307167,-41.36071159307167,WARNING_2,SYNTHETIC
9000,4.963396253480991,119221.98860309816,36.87533935109872,37.508363334364624,1.9142254557176437,12.085774544282357,NORMAL,SYNTHETIC
1944000,10.469021391131083,149132.0810199555,46.01308062067729,47.88067268495204,16.34235525409945,-2.3423552540994486,WARNING_1,SYNTHETIC
1838000,14.786274030654907,179169.0091789716,47.43947759220367,41.824435594837816,39.58818262209743,-25.588182622097428,WARNING_1,SYNTHETIC
255000,7.5649256661423285,127047.64635860533,35.219801141180504,38.04001160263068,0.3978220041591097,13.60217799584089,NORMAL,SYNTHETIC
4508000,56.83117578944278,237991.84821015925,84.81821555108314,79.81470584616974,94.43796961380897,-80.43796961380897,HIGH_RISK,SYNTHETIC
1581000,13.907184264596111,160088.3430940772,48.48462954470077,43.67982042084454,5.825519992979311,8.174480007020689,WARNING_1,SYNTHETIC
2956000,29.481974054066026,187563.47988446525,52.71742342058319,52.34986258581977,47.78386235661365,-33.78386235661365,WARNING_2,SYNTHETIC
924000,2.454739645632162,114488.31785349373,30.599908345853482,32.07353333026456,1.5282699721518302,12.471730027848169,NORMAL,SYNTHETIC
4429000,40.83102864936854,204711.98201015772,86.75776624758497,72.10625601937862,93.58972415138027,-79.58972415138027,HIGH_RISK,SYNTHETIC
2508000,20.271157409139544,188598.28299890072,58.55976510223036,52.79037003263415,52.31490655649243,-38.31490655649243,WARNING_2,SYNTHETIC
3775000,38.483142600825346,198957.8458590503,62.76973924056458,64.2572414327142,57.69848913054935,-43.69848913054935,WARNING_3,SYNTHETIC
4136000,40.22050656171499,207480.0091905941,89.52042087180637,84.43884441500033,68.71726830153237,-54.71726830153237,HIGH_RISK,SYNTHETIC
2779000,24.899307214313765,189486.09256974806,57.69345709793232,55.98351602396547,46.15503494515853,-32.15503494515853,WARNING_2,SYNTHETIC
539000,8.359477756842093,118964.81266341214,35.09734659876444,33.03582651594387,1.2250958542060582,12.774904145793942,NORMAL,SYNTHETIC
2745000,25.213287910974213,189028.70751234383,50.88160039869891,58.76601800912904,54.19875135859603,-40.19875135859603,WARNING_2,SYNTHETIC
4498000,44.372077830000336,236544.43109067465,82.35712112484094,78.73267305639897,80.3214036626737,-66.3214036626737,HIGH_RISK,SYNTHETIC
4571000,41.639891127307926,220064.82283359644,77.57231272035148,86.90286355955716,66.42364930145443,-52.42364930145443,HIGH_RISK,SYNTHETIC
1145000,18.365949685264173,162508.49443100643,47.26732578118667,45.877296686810624,33.906480787951224,-19.906480787951224,WARNING_1,SYNTHETIC
667000,9.78894165658753,114553.22293598429,30.701144320441838,31.285885091252034,1.1529644989938856,12.847035501006115,NORMAL,SYNTHETIC
3019000,33.53757987327414,199957.2312632706,63.64622989937367,65.46587691267204,58.30453931497436,-44.30453931497436,WARNING_3,SYNTHETIC
357000,8.033353505306188,119273.51429363003,35.0066084066127,34.806091484927876,1.0788826376770597,12.92111736232294,NORMAL,SYNTHETIC
2831000,20.51677512867807,182105.92427947908,55.20381205843629,50.51962370529733,51.69502734197712,-37.69502734197712,WARNING_2,SYNTHETIC
2783000,22.573040783131876,186993.0508439653,55.095592204046596,50.20450700178067,54.16865139277022,-40.16865139277022,WARNING_2,SYNTHETIC
1353000,16.544344841875695,151660.09459123964,45.79649102003371,42.07615970322512,34.28335176435098,-20.283351764350982,WARNING_1,SYNTHETIC
470000,4.555502638518741,128733.39383730253,34.46250021161309,34.392121792342046,2.735728711788966,11.264271288211035,NORMAL,SYNTHETIC
2703000,26.729528164622693,185032.78527070515,56.73357087389388,55.26311115162602,46.2659514464013,-32.2659514464013,WARNING_2,SYNTHETIC
3330000,38.444245513896604,192587.82295158762,63.821839351442385,60.91368855589504,63.30814421956553,-49.30814421956553,WARNING_3,SYNTHETIC
3637000,32.523584948663654,198087.1349078118,61.52992295573369,68.11099141696836,64.64549856546981,-50.64549856546981,WARNING_3,SYNTHETIC
1396000,13.190582718807283,169660.1255119836,43.96014892317108,45.51854534095524,27.339895854826917,-13.339895854826917,WARNING_1,SYNTHETIC
3584000,38.03014859444215,199812.0834845249,61.7731835534324,64.26287616147809,59.03069833890417,-45.03069833890417,WARNING_3,SYNTHETIC
4486000,59.50551917970355,236026.5782823137,72.52699768189785,74.19321772386104,94.70313099639456,-80.70313099639456,HIGH_RISK,SYNTHETIC
3376000,39.53768375340829,191652.26263455494,69.26548850111807,66.79427728109012,59.95031887348352,-45.95031887348352,WARNING_3,SYNTHETIC
1256000,16.060669477416752,162544.645430257,44.538198410609716,47.69179710978876,26.23455263738543,-12.23455263738543,WARNING_1,SYNTHETIC
3512000,39.98167321067342,193201.15289043065,65.93683505506736,69.86981195280077,60.25788279331117,-46.25788279331117,WARNING_3,SYNTHETIC
1250000,14.845116358906079,171662.14380866164,45.394631848297564,44.00710617716768,13.468120605047456,0.5318793949525435,WARNING_1,SYNTHETIC
4807000,59.32490121355915,224908.51378598917,87.70514700663139,77.70173756883139,73.2446987561183,-59.2446987561183,HIGH_RISK,SYNTHETIC
4298000,59.9987672719933,235798.61344519546,74.51868605135836,79.46675041140222,72.4470928685199,-58.4470928685199,HIGH_RISK,SYNTHETIC
3284000,32.2020193261013,197266.03321604122,69.01672889479732,67.79564921006067,58.4534063982885,-44.4534063982885,WARNING_3,SYNTHETIC
2933000,25.102864328261173,186354.91713706442,57.449357471757885,54.82582929894749,47.04259257237299,-33.04259257237299,WARNING_2,SYNTHETIC
4175000,58.26524698575379,246169.79969497968,71.58402215631129,88.40682052964844,71.17416232819261,-57.17416232819261,HIGH_RISK,SYNTHETIC
1852000,10.334604280975473,165461.74007487384,45.85427198708923,41.440428435879085,18.560784416171227,-4.560784416171227,WARNING_1,SYNTHETIC
4869000,59.926259846656734,224936.07727442868,85.36754693465144,81.7178132121043,75.31022435315013,-61.31022435315013,HIGH_RISK,SYNTHETIC
2105000,22.91707468874376,181728.17597836934,56.48769915609965,57.47733896835081,49.27469917805402,-35.27469917805402,WARNING_2,SYNTHETIC
133000,4.052454279906566,124556.86597937437,39.28526175057329,30.429576273756446,1.6289125678120555,12.371087432187945,NORMAL,SYNTHETIC
928000,6.14120516853872,110368.75605750388,33.651847030210675,31.388513867508298,2.2066630373006806,11.79333696269932,NORMAL,SYNTHETIC
823000,6.839865210611097,122039.93927055059,39.558605341889255,30.310841800080304,2.1712903647337956,11.828709635266204,NORMAL,SYNTHETIC
4543000,55.83756283769152,204074.97634768026,75.53460675682092,86.05028933464096,81.92664441963203,-67.92664441963203,HIGH_RISK,SYNTHETIC
1531000,18.430175326324374,179619.16642152087,40.962580189267015,40.4763967249334,30.514767807449925,-16.514767807449925,WARNING_1,SYNTHETIC
1214000,14.106958161845544,142384.65235650743,48.17113047262261,42.44732813280934,3.3729286131237055,10.627071386876295,WARNING_1,SYNTHETIC
504000,5.578421009717008,126242.45922374119,32.771981402105396,37.18175792127937,0.5658067168719665,13.434193283128034,NORMAL,SYNTHETIC
4285000,46.747903753298544,206352.6158414088,78.6974212973793,73.56336081908753,80.05784228483022,-66.05784228483022,HIGH_RISK,SYNTHETIC
1996000,15.84870891824148,166747.41998642846,41.439723861891096,48.37758339361733,16.37100083223165,-2.371000832231651,WARNING_1,SYNTHETIC
3072000,31.82167014763439,194545.1546005786,60.29717926783033,63.67024863873099,65.34322976903714,-51.34322976903714,WARNING_3,SYNTHETIC
1958000,16.713754258298813,148238.01926685486,41.13757840882742,40.12414887601215,22.2484576955399,-8.248457695539901,WARNING_1,SYNTHETIC
1384000,12.456066227562767,138667.16648800147,41.27870674508476,41.801728774232544,23.620116152288258,-9.620116152288258,WARNING_1,SYNTHETIC
894000,7.630840154402271,116327.2291467343,39.8669820151853,39.24619178483218,2.1375814258822396,11.862418574117761,NORMAL,SYNTHETIC
455000,2.6150924141468073,111811.58117070879,35.375076625372046,37.822839235035595,1.1359655528002688,12.864034447199732,NORMAL,SYNTHETIC
4879000,44.39231553003071,236203.15950574278,78.63090316440142,89.86455061335352,73.56695666424284,-59.56695666424284,HIGH_RISK,SYNTHETIC
3709000,30.111293683845425,195411.85049988396,67.23994186581984,68.00858545720762,64.38348881832236,-50.38348881832236,WARNING_3,SYNTHETIC
4618000,57.53364716543664,232313.85284270698,70.3250615886829,82.03101439485312,72.74910122846802,-58.74910122846802,HIGH_RISK,SYNTHETIC
4268000,41.620587175286936,247015.81569621986,80.03969747489808,78.93597130336079,80.6914713473565,-66.6914713473565,HIGH_RISK,SYNTHETIC
3522000,34.31441959460878,198141.49909239355,66.25361069534853,69.24483055738858,56.36846689356573,-42.36846689356573,WARNING_3,SYNTHETIC
4134000,55.00663655138838,237707.13680716825,73.97734154814508,80.48545042021108,94.12970075440687,-80.12970075440687,HIGH_RISK,SYNTHETIC
3602000,36.86294341407252,191282.25099217336,61.85643851717758,61.76715323842521,65.95990761823879,-51.95990761823879,WARNING_3,SYNTHETIC
713000,8.942474929129242,127670.59672847415,31.3949884796219,37.543610687316495,2.723307973896116,11.276692026103884,NORMAL,SYNTHETIC
4186000,42.28773680308393,237958.65389663813,75.72809826538783,72.73168548592433,98.22446746092521,-84.22446746092521,HIGH_RISK,SYNTHETIC
2214000,27.069884812826253,181560.30368470208,55.024540635155134,58.30288535418318,49.30819003923421,-35.30819003923421,WARNING_2,SYNTHETIC
2923000,23.751015153023182,187514.8966768784,52.12524190845055,59.95910177131641,48.460957862308476,-34.460957862308476,WARNING_2,SYNTHETIC
1810000,15.186228464421731,138397.64405383109,41.416136722413,48.247867140445884,16.437349456297856,-2.4373494562978557,WARNING_1,SYNTHETIC
3486000,31.27116136813196,196198.5856252488,65.48594845091574,68.74504483712285,62.84897384604263,-48.84897384604263,WARNING_3,SYNTHETIC
3141000,39.454199358062816,193658.35441790023,60.59330321265138,65.01339261671279,65.4364478449721,-51.43644784497209,WARNING_3,SYNTHETIC
1827000,12.556901594347252,173062.2409780472,41.55121517110553,49.57323850043308,24.38595435901481,-10.38595435901481,WARNING_1,SYNTHETIC
1155000,10.136882529968444,134852.4209963074,47.46830980142427,49.738974285855434,42.32888207663999,-28.328882076639992,WARNING_1,SYNTHETIC
1324000,11.538197426923752,159879.16547142106,47.33401457967549,48.6826449650375,23.2547124844518,-9.254712484451801,WARNING_1,SYNTHETIC
4312000,49.66305882028341,243199.77338473775,82.91288195320789,74.2362421449859,80.00553245533622,-66.00553245533622,HIGH_RISK,SYNTHETIC
510000,1.6341204942419045,112623.1033836942,34.62600060710808,39.59073338079986,1.8491644135921252,12.150835586407874,NORMAL,SYNTHETIC
1680000,18.689057093698167,163026.93778729413,49.969503764874275,41.44412975466285,27.695058661643635,-13.695058661643635,WARNING_1,SYNTHETIC
499000,5.512105352539473,123250.591887324,34.986000383921265,38.54202506694992,2.3575660477982794,11.64243395220172,NORMAL,SYNTHETIC
4536000,50.18657977342953,216728.42570747362,83.903862881733,70.58866437762826,83.05262992944489,-69.05262992944489,HIGH_RISK,SYNTHETIC
1856000,15.855929065293932,141669.35156408444,42.049022984787236,48.832839130409965,31.376824280757702,-17.376824280757702,WARNING_1,SYNTHETIC
1388000,14.60975597128016,178812.23827274312,40.44115535410553,44.35087704721341,13.384075139571557,0.6159248604284429,WARNING_1,SYNTHETIC
3719000,36.75749550710254,193728.14107540893,63.68739427551579,61.682687443381965,59.098020593702486,-45.098020593702486,WARNING_3,SYNTHETIC
2386000,26.39022884125983,181402.9264700445,51.95799058853235,52.55635711757932,51.3952975970261,-37.3952975970261,WARNING_2,SYNTHETIC
3236000,36.78637546072367,198398.0384118601,67.14390188975274,66.54719011852536,62.82292193829835,-48.82292193829835,WARNING_3,SYNTHETIC
1540000,19.621975839862763,174615.41910536477,49.47080980098569,41.90807653069463,45.401560301728985,-31.401560301728985,WARNING_1,SYNTHETIC
1217000,10.47487455476697,164781.18913001224,47.18434806156125,45.782412533048266,45.69188159312807,-31.691881593128073,WARNING_1,SYNTHETIC
2681000,28.327407972943938,184518.77101204192,53.22802202076736,51.57431213173045,53.896800869938744,-39.896800869938744,WARNING_2,SYNTHETIC
2993000,21.890030831093693,183623.36579573297,51.984525392449875,53.69209858591612,49.53361304054385,-35.53361304054385,WARNING_2,SYNTHETIC
1191000,16.847947398540317,136804.47951936023,42.781544861224006,48.51554183811717,15.650237728823509,-1.6502377288235088,WARNING_1,SYNTHETIC
1542000,16.024482756491253,176149.6763407832,46.519220671638394,43.20993426357064,22.070965092395504,-8.070965092395504,WARNING_1,SYNTHETIC
3301000,32.08842436138747,197031.72538103908,63.99367339140322,61.37859635538438,65.11625243616979,-51.11625243616979,WARNING_3,SYNTHETIC
3324000,39.265444374096184,191412.51985111294,62.7927292639741,63.60640064183794,65.63967367126905,-51.63967367126905,WARNING_3,SYNTHETIC
2539000,29.572889524230096,188073.97285976712,56.67539004138213,59.0246087252323,53.80829082956108,-39.80829082956108,WARNING_2,SYNTHETIC
953000,2.4190357530969324,129404.03145139688,39.13381106562102,37.14916889264918,2.9457927703992466,11.054207229600753,NORMAL,SYNTHETIC
4330000,41.917689440411515,237127.27636401923,83.57658908599106,72.69220701517554,68.82550570492926,-54.825505704929256,HIGH_RISK,SYNTHETIC
732000,1.982083240593195,124994.11502089273,35.55042285052548,35.73525861708448,1.1611328106250738,12.838867189374927,NORMAL,SYNTHETIC
1156000,13.315045952764002,152564.5737977958,48.57250318013487,48.726395525152405,22.900823552333627,-8.900823552333627,WARNING_1,SYNTHETIC
3294000,39.01374601485459,194293.14694959245,60.202350800397525,69.77920381535334,57.67001523915807,-43.67001523915807,WARNING_3,SYNTHETIC
2982000,21.595153505651375,184513.25202871952,57.520120667190085,58.09185830684706,55.29734261141603,-41.29734261141603,WARNING_2,SYNTHETIC
2156000,24.928090530021567,189058.72769240383,58.46757401433397,54.207487404684656,53.463765432762216,-39.463765432762216,WARNING_2,SYNTHETIC
1062000,13.090307468216933,137726.58089309922,42.80609870455001,45.4866802357447,23.613469732577926,-9.613469732577926,WARNING_1,SYNTHETIC
2616000,23.08990897881565,183370.86168747395,55.61524089726044,50.908366473011036,49.65840402508379,-35.65840402508379,WARNING_2,SYNTHETIC
1167000,17.48818994607994,153010.76494408093,42.048311959629956,49.76355572639886,8.445647397563945,5.5543526024360546,WARNING_1,SYNTHETIC
3222000,36.8356517434124,195146.41335339434,62.480715214277446,61.5071238479738,59.5288148909301,-45.5288148909301,WARNING_3,SYNTHETIC
3636000,37.23200545549359,199807.50047778393,62.03930149184208,67.9810657692915,63.10227074947866,-49.10227074947866,WARNING_3,SYNTHETIC
2938000,23.831128629406365,183592.6631280023,57.65636256842794,56.956987959171556,53.81811050096537,-39.81811050096537,WARNING_2,SYNTHETIC
4491000,51.674401235111844,228262.36068007577,70.16873907465683,76.11363457257735,69.35522367958899,-55.35522367958899,HIGH_RISK,SYNTHETIC
3140000,35.64911812429336,195509.37929861652,68.75697646993639,66.38015331281952,63.06899249919256,-49.06899249919256,WARNING_3,SYNTHETIC
143000,6.031206860909464,126424.6157319569,38.06398728795879,30.636635893188636,1.272394238074162,12.727605761925838,NORMAL,SYNTHETIC
3577000,30.565046337495463,190833.126123891,60.20647831150822,60.9507958660326,62.32436351131146,-48.32436351131146,WARNING_3,SYNTHETIC
2782000,22.667708670677214,185778.5553293242,55.88353314421408,57.241702756326134,51.815273293204314,-37.815273293204314,WARNING_2,SYNTHETIC
717000,1.896668584367995,122127.2568043107,39.90872478002205,38.0180181665589,1.8530337801153849,12.146966219884614,NORMAL,SYNTHETIC
1819000,14.159500081630178,178454.36729321862,44.61139891420972,48.973179635790025,41.034469378893704,-27.034469378893704,WARNING_1,SYNTHETIC
2502000,21.79328848701386,184702.89553435284,52.502864489846786,55.708120561361824,50.93274038616158,-36.93274038616158,WARNING_2,SYNTHETIC
4360000,40.4863342299489,208093.68884755747,80.26786425379638,76.06129503266266,87.84695217052818,-73.84695217052818,HIGH_RISK,SYNTHETIC
4171000,59.254829239096395,241549.55917289635,82.28519721921268,81.56717148769184,79.06177202530613,-65.06177202530613,HIGH_RISK,SYNTHETIC
395000,4.99799806420737,113115.15341949159,39.91244628140028,39.26930362559666,1.4294731716466527,12.570526828353348,NORMAL,SYNTHETIC
4836000,55.922407520427065,228496.82081072844,88.09563561681526,78.48532280564486,66.35105272029003,-52.35105272029003,HIGH_RISK,SYNTHETIC
4492000,47.318980522323976,246000.22223021946,85.49942186745403,73.20932160375041,81.65501787066991,-67.65501787066991,HIGH_RISK,SYNTHETIC
1365000,19.52314124210494,147951.2825943578,41.00555533171709,49.8158335950379,14.36415486487299,-0.3641548648729902,WARNING_1,SYNTHETIC
4558000,53.29687456023823,233524.52039468943,77.93364939006554,71.30717249321988,99.23036592241922,-85.23036592241922,HIGH_RISK,SYNTHETIC
595000,3.446594538087162,123626.58945379383,39.1331829683228,39.97675447369822,2.9385196731357848,11.061480326864215,NORMAL,SYNTHETIC
3952000,35.72446196239349,199809.40289496604,60.97997853385913,69.25220072949925,60.89777126869858,-46.89777126869858,WARNING_3,SYNTHETIC
2914000,29.323880847058355,189854.22642413666,51.61439203132677,59.99716538353769,46.405523618499124,-32.405523618499124,WARNING_2,SYNTHETIC
2326000,22.4353705531861,186920.5960485101,55.91944969696036,59.08985551254618,49.21073792803183,-35.21073792803183,WARNING_2,SYNTHETIC
3766000,30.15792230864298,191271.08060246275,63.99279691860819,62.19246006700373,59.78493095564549,-45.78493095564549,WARNING_3,SYNTHETIC
3440000,33.19809668825928,192946.35662518258,60.64273983735851,69.97087250773222,56.38880704112825,-42.38880704112825,WARNING_3,SYNTHETIC
3851000,32.6740532713546,195416.6377317542,66.42082852190252,64.68283789565814,64.53804731206911,-50.53804731206911,WARNING_3,SYNTHETIC
4132000,56.65070268787014,216049.04861874107,78.50422915889078,83.88332131821268,95.9361530757959,-81.9361530757959,HIGH_RISK,SYNTHETIC
4591000,47.36540011616873,219859.82804604524,79.97664153243278,83.16579486817231,68.7520329032148,-54.7520329032148,HIGH_RISK,SYNTHETIC
2143000,21.463921996198458,180257.7011903871,51.60243027706945,57.52649667399983,53.94502637469726,-39.94502637469726,WARNING_2,SYNTHETIC
1571000,10.285630808689163,156624.4714926816,49.50423727452156,49.44257553341666,31.175807034985553,-17.175807034985553,WARNING_1,SYNTHETIC
4079000,41.42279936826077,225203.96161891063,86.32722054037266,74.27464954532977,83.7347586226432,-69.7347586226432,HIGH_RISK,SYNTHETIC
1122000,14.3733370602024,164345.2258776813,49.55972589738394,47.13394501681921,40.51599485599385,-26.515994855993853,WARNING_1,SYNTHETIC
2786000,27.40377347485148,186318.9448764167,57.13236158230607,55.65351306426817,54.65099405289774,-40.65099405289774,WARNING_2,SYNTHETIC
2967000,29.447789419863394,182959.150463178,52.09430533023681,56.996384955087244,49.58793824773268,-35.58793824773268,WARNING_2,SYNTHETIC
2504000,27.7734918502838,188856.3805720632,55.81151609918656,51.361858456710834,52.25157696718611,-38.25157696718611,WARNING_2,SYNTHETIC
3465000,30.67470838234941,197603.2401391027,65.49871247092048,64.90018668424108,65.67291768076525,-51.67291768076525,WARNING_3,SYNTHETIC
675000,4.452848017711787,128770.22917922132,35.00983211031777,38.78314730893858,0.5983923399584585,13.401607660041542,NORMAL,SYNTHETIC
2808000,22.367884760823703,181978.96905201583,59.491693015556415,56.12984685017793,51.811139095731775,-37.811139095731775,WARNING_2,SYNTHETIC
3348000,34.665154550025505,199988.47747579246,61.54184135099405,61.262424631892316,64.14988058423636,-50.14988058423636,WARNING_3,SYNTHETIC
728000,5.005037013223509,110617.85674072064,33.93457073988322,37.09619509885912,1.8944951800086187,12.105504819991381,NORMAL,SYNTHETIC
412000,1.7958783974603683,126843.09311033745,34.16912536718745,35.11172962500723,2.278970014955742,11.721029985044257,NORMAL,SYNTHETIC
3146000,39.512864052722,190913.5031888267,68.32755785174936,68.08602637680329,62.96374950010982,-48.96374950010982,WARNING_3,SYNTHETIC
1516000,11.842828866943231,166582.67286245638,48.71683729348518,49.29419528938563,41.04783971497892,-27.04783971497892,WARNING_1,SYNTHETIC
825000,1.1598127864464036,111437.00670972468,37.390746290164124,35.449829395784974,1.3260734776097016,12.673926522390298,NORMAL,SYNTHETIC
3267000,31.189608594838216,191748.98264662342,62.89492357349065,64.42887183301065,60.43848826864452,-46.43848826864452,WARNING_3,SYNTHETIC
3974000,35.41033145671202,199805.22068344773,69.21099736138044,66.1054504508526,57.73256384162109,-43.73256384162109,WARNING_3,SYNTHETIC
616000,7.599855133830364,110086.11551335358,31.974820518632782,33.65503298221357,0.5808768466185381,13.419123153381461,NORMAL,SYNTHETIC
114000,2.555600489865239,129616.42291066068,30.141247334768238,34.51298918343305,2.350000651774671,11.649999348225329,NORMAL,SYNTHETIC
417000,7.835557878091524,120869.91190159721,35.276363606044825,37.867867120225085,0.2391236143716952,13.760876385628304,NORMAL,SYNTHETIC
3069000,34.589897371026844,190287.52763457125,61.781939700872776,62.70418143781061,61.165664601891145,-47.165664601891145,WARNING_3,SYNTHETIC
1625000,16.116185543242782,175489.7043991845,40.64673518591695,40.58794868921864,33.160569693513146,-19.160569693513146,WARNING_1,SYNTHETIC
4950000,59.67567469682001,209654.40348227866,86.39985448614284,70.77972538361246,75.38012499989104,-61.38012499989104,HIGH_RISK,SYNTHETIC
4185000,56.61465284621731,216600.86501791753,71.21194530646733,75.78443957025395,69.5723071122332,-55.572307112233204,HIGH_RISK,SYNTHETIC
2896000,23.061959738613517,183426.76120123785,52.7749807193199,53.946298886005195,46.705546810455004,-32.705546810455004,WARNING_2,SYNTHETIC
4671000,40.415333460809315,221938.74904033347,78.2505419914632,71.89287103179356,94.89371860789738,-80.89371860789738,HIGH_RISK,SYNTHETIC
2082000,21.409709533225467,181935.70139661775,53.30355662091087,52.88938011380659,49.46573918902688,-35.46573918902688,WARNING_2,SYNTHETIC
753000,5.222797924849374,126235.0474243853,30.807853639378106,37.51312144603143,1.5511048634873847,12.448895136512615,NORMAL,SYNTHETIC
2546000,25.912728977435474,185892.8697959959,58.49423814702776,59.84389741421262,51.07491176073641,-37.07491176073641,WARNING_2,SYNTHETIC
3969000,36.19850783069071,195379.48232552735,60.60476852462088,61.75654167131151,58.291267928243336,-44.291267928243336,WARNING_3,SYNTHETIC
3373000,33.33789202190256,196497.10854995245,65.0167568004932,64.31040760912006,62.86448953468768,-48.86448953468768,WARNING_3,SYNTHETIC
4107000,53.778864125387415,222496.71887392827,71.28504250614043,71.8943730028071,78.18152835742632,-64.18152835742632,HIGH_RISK,SYNTHETIC
2444000,25.493324354424324,182811.46917337898,54.856179867238865,54.10064836734981,52.18317305912914,-38.18317305912914,WARNING_2,SYNTHETIC
4380000,52.428896600575925,236276.82788870396,78.01803843947987,83.00469105943532,83.57573153106466,-69.57573153106466,HIGH_RISK,SYNTHETIC
1066000,16.273393962256577,154336.48215115294,47.22488408268836,41.36222120056895,18.485877036392495,-4.485877036392495,WARNING_1,SYNTHETIC
3913000,36.463668922271054,197684.23692620112,69.92911312079765,67.96274965333369,64.20675135364392,-50.206751353643924,WARNING_3,SYNTHETIC
3498000,33.58139980537075,199858.68462639512,61.16469398884806,69.10366666967536,58.349577221262415,-44.349577221262415,WARNING_3,SYNTHETIC
2738000,27.241859939366034,183613.73884403406,53.502519429820545,59.4608396780138,49.551112840809324,-35.551112840809324,WARNING_2,SYNTHETIC
4000000,54.84137781712086,218084.36850674887,79.77788502820478,87.58112961756294,92.30061700695522,-78.30061700695522,HIGH_RISK,SYNTHETIC
1568000,12.021606754252899,160829.26460021888,49.07119552090633,46.97365843963254,6.346930064789429,7.653069935210571,WARNING_1,SYNTHETIC
2427000,27.86893439430354,181589.25606580294,58.90394702905905,54.884504432446356,47.33631458290543,-33.33631458290543,WARNING_2,SYNTHETIC
3746000,35.369166304485525,191029.24868071615,69.22573195977846,64.14914203469928,62.45167194382946,-48.45167194382946,WARNING_3,SYNTHETIC
4639000,50.636159805661464,226554.38825517427,86.38282284525519,87.11239256673119,77.44688979629974,-63.44688979629974,HIGH_RISK,SYNTHETIC
1687000,12.03324408404524,174298.86967952122,46.764878268125834,42.63982861585309,40.1315964218058,-26.131596421805803,WARNING_1,SYNTHETIC
851000,2.755969537515515,128115.83705828521,34.313182815157916,32.77697930463209,2.247839659973273,11.752160340026727,NORMAL,SYNTHETIC
3546000,35.57951894344872,193067.8572215403,62.01494778558879,61.34145217646949,61.999620196847246,-47.999620196847246,WARNING_3,SYNTHETIC
895000,8.753117256877257,113540.02822242682,30.884387692746547,36.20080906653262,1.5465427141081454,12.453457285891854,NORMAL,SYNTHETIC
4592000,50.93792610309336,201416.39853369017,70.65415187527314,70.70885429306192,85.28057285106213,-71.28057285106213,HIGH_RISK,SYNTHETIC
335000,6.406541716768895,127112.84243404807,36.89761848444087,33.51349683289264,0.39687118798047505,13.603128812019525,NORMAL,SYNTHETIC
2839000,27.27385050569538,180158.86017769063,59.965688955464294,55.13366658384547,46.587929449922775,-32.587929449922775,WARNING_2,SYNTHETIC
3087000,37.71698639336016,190059.10914018235,62.93658550152663,68.8633063900201,61.48712467029006,-47.48712467029006,WARNING_3,SYNTHETIC
1348000,16.695168655938723,154742.93323094625,42.71673089807674,40.329285727873426,33.06142845524596,-19.06142845524596,WARNING_1,SYNTHETIC
1015000,12.98350634047198,132934.2979494947,49.67876485219335,42.48533247155236,39.33083033540102,-25.330830335401018,WARNING_1,SYNTHETIC
2816000,27.468409229760674,186438.25959216699,59.53523179379773,55.06757387103794,53.610213052621425,-39.610213052621425,WARNING_2,SYNTHETIC
1631000,11.879739907169627,133024.1182326943,47.04943259489814,45.218082090700044,44.65699914843666,-30.65699914843666,WARNING_1,SYNTHETIC
2489000,26.400061598740734,187366.76950638724,52.23276881155452,59.92024378493539,47.02374230876538,-33.02374230876538,WARNING_2,SYNTHETIC
3730000,34.22570274079824,191040.0543250582,64.0740415248387,68.98363072543505,62.20431316453124,-48.20431316453124,WARNING_3,SYNTHETIC
3251000,31.621032693328857,197013.06346928925,68.69208771615223,61.91601457396865,58.63615622788088,-44.63615622788088,WARNING_3,SYNTHETIC
4634000,45.82589432500526,214989.00978926246,80.90223426636902,75.39289522815089,79.64856392753549,-65.64856392753549,HIGH_RISK,SYNTHETIC
2070000,25.295147127208843,189641.1931536488,57.082048206195346,56.64407688369719,53.22099595907402,-39.22099595907402,WARNING_2,SYNTHETIC
4452000,41.50847774052486,230295.26449965485,70.16063038412008,71.01429284348016,76.02024516044754,-62.020245160447544,HIGH_RISK,SYNTHETIC
4882000,55.985721635286474,236990.27269609185,77.3006117446515,72.73794217241998,92.40851450195808,-78.40851450195808,HIGH_RISK,SYNTHETIC
1635000,16.720078152149853,143146.4406923701,40.12552824381721,44.83960930535234,4.144935625333915,9.855064374666085,WARNING_1,SYNTHETIC
2479000,28.97183452132679,188455.89290443415,54.78011127055317,59.500484090328236,50.750256355033166,-36.750256355033166,WARNING_2,SYNTHETIC
2265000,24.301085403452145,181367.5263811785,51.11976267216156,55.154729663760506,52.24469232049734,-38.24469232049734,WARNING_2,SYNTHETIC
2959000,29.877641036803062,182078.28166817923,58.4676747771674,51.65399586015031,48.90555221016012,-34.90555221016012,WARNING_2,SYNTHETIC
4731000,45.81476602669646,241600.2465532617,87.05658323512614,74.20803277515087,94.07294049952097,-80.07294049952097,HIGH_RISK,SYNTHETIC
3059000,31.226441117810108,194236.85136943936,64.54391232242303,68.22551733611328,59.24482293506028,-45.24482293506028,WARNING_3,SYNTHETIC
2141000,28.271389542959,182925.22271830007,56.455065039932265,50.169442936230716,47.85104520897554,-33.85104520897554,WARNING_2,SYNTHETIC
3118000,34.471294635581806,199295.73053032212,69.64275618014668,63.75532529964265,62.72787646307024,-48.72787646307024,WARNING_3,SYNTHETIC
4725000,53.023032319889325,200556.80342081387,80.68269975835913,74.10676191924934,74.22170562974549,-60.221705629745486,HIGH_RISK,SYNTHETIC
4045000,52.16549285863083,238904.78153571076,71.67675138147642,88.14090522044175,68.19710401023902,-54.197104010239016,HIGH_RISK,SYNTHETIC
3356000,30.152429211064472,197620.5202809508,65.89018237198492,60.300178900539514,58.37494061436501,-44.37494061436501,WARNING_3,SYNTHETIC
2744000,27.75128848214272,184132.02707785566,58.45386522335159,55.57652848090754,55.391490886042526,-41.391490886042526,WARNING_2,SYNTHETIC
3506000,39.288271710781146,192826.3653885486,66.52219659752477,67.54401955686102,62.83688263316543,-48.83688263316543,WARNING_3,SYNTHETIC
1679000,13.763492629283238,152867.45931933317,49.73176049209249,46.967843563722404,20.518668151049816,-6.518668151049816,WARNING_1,SYNTHETIC
4249000,48.53865144204563,239578.9693314657,83.90627297523109,86.84097019156192,73.98740947811217,-59.98740947811217,HIGH_RISK,SYNTHETIC
3147000,39.61844993851058,191993.6241573385,63.78010546901109,68.49243137177038,64.53929991366111,-50.53929991366111,WARNING_3,SYNTHETIC
2294000,20.706213449986993,184894.53502456995,56.58867076295899,50.209222952259466,50.315018443680735,-36.315018443680735,WARNING_2,SYNTHETIC
580000,5.389589235077071,127797.98014144662,30.2601740355157,37.657391075150606,2.09813003817224,11.90186996182776,NORMAL,SYNTHETIC
1470000,16.36245507588127,150076.6026139311,41.855603266637644,44.53637224890543,31.85865268864769,-17.85865268864769,WARNING_1,SYNTHETIC
4070000,44.60071742653531,244530.1501279585,78.27174049065641,85.61911280594246,86.42693135990294,-72.42693135990294,HIGH_RISK,SYNTHETIC
3343000,31.738174504051116,190093.48006790466,65.87496260296976,66.03471674830011,64.66997054951241,-50.66997054951241,WARNING_3,SYNTHETIC
4583000,42.26983580269324,223340.43228871498,86.40147303287146,79.32944765673848,90.62603998350932,-76.62603998350932,HIGH_RISK,SYNTHETIC
3672000,36.36867766968791,191120.721255389,64.00000812491096,62.87025207124034,65.02406652746623,-51.02406652746623,WARNING_3,SYNTHETIC
559000,5.340951787485866,127343.44553213412,30.309947884811343,35.14319333114683,2.1704625350025517,11.829537464997449,NORMAL,SYNTHETIC
2849000,25.113692049563085,180582.71749416276,56.21548566167108,52.524819992272874,47.462860589496536,-33.462860589496536,WARNING_2,SYNTHETIC
512000,1.4889976687805255,122536.49965568417,31.194484359287003,39.87938928912425,2.6567958218058885,11.343204178194112,NORMAL,SYNTHETIC
1081000,15.855377944745427,131653.9269680552,48.40504584114773,46.19111446965415,18.570490337594354,-4.570490337594354,WARNING_1,SYNTHETIC
1664000,12.178349699626587,142754.58299035527,41.538968019583535,40.851398525794636,6.362611959148641,7.637388040851359,WARNING_1,SYNTHETIC
1012000,12.12322036811705,130507.86831946584,40.154461622994006,46.80106622401002,41.26945937897307,-27.269459378973067,WARNING_1,SYNTHETIC
1931000,12.553016202952975,166153.83130296477,45.61726352752305,42.88441078049663,32.30426500625024,-18.30426500625024,WARNING_1,SYNTHETIC
1150000,16.61849091921443,170235.62472047075,45.62896361671786,45.17694612788918,17.925465762755177,-3.9254657627551772,WARNING_1,SYNTHETIC
2838000,21.307650166007846,186350.0146578134,55.06159947863824,55.10965472198465,51.31847863221994,-37.31847863221994,WARNING_2,SYNTHETIC
116000,7.6749718625498495,112759.95034695811,32.645742778212615,31.594930717608563,1.85061772512971,12.14938227487029,NORMAL,SYNTHETIC
740000,1.0146142275382446,114913.99485989963,30.93109330858531,32.11193720029058,0.7864119422735285,13.213588057726472,NORMAL,SYNTHETIC
4806000,52.65276643102382,205806.50252633152,88.6431082722668,85.99904963416226,86.08080207145792,-72.08080207145792,HIGH_RISK,SYNTHETIC
3675000,31.734704921676407,199199.83848317192,63.243263071898106,60.333226733680256,57.758492222306934,-43.758492222306934,WARNING_3,SYNTHETIC
830000,6.374777172471681,119366.41069388662,32.21954039560949,34.759124346575284,1.8621169356903031,12.137883064309698,NORMAL,SYNTHETIC
119000,6.520317798181501,127696.9811901272,32.40248948279642,32.72835976676457,1.553939950806081,12.44606004919392,NORMAL,SYNTHETIC
4853000,52.93419189345471,221318.32529902091,76.71687546607625,78.73905326903237,78.29730161726353,-64.29730161726353,HIGH_RISK,SYNTHETIC
4738000,55.49822325126103,202277.6651514707,70.23510554526389,71.42834584216982,83.50993860851605,-69.50993860851605,HIGH_RISK,SYNTHETIC
635000,1.9616841618081104,118236.86880601947,34.285929182509165,30.618119610717155,0.3484906406812765,13.651509359318723,NORMAL,SYNTHETIC
4465000,54.14103792736127,209940.15180975012,85.87775194367438,86.748095943891,84.44005774121223,-70.44005774121223,HIGH_RISK,SYNTHETIC
4364000,45.752068056228175,232039.89856455996,83.82120368714862,84.70456925991351,81.4297653045936,-67.4297653045936,HIGH_RISK,SYNTHETIC
4142000,51.403405950142684,245732.57333713656,88.72973228433659,79.05819154944007,94.30049099238758,-80.30049099238758,HIGH_RISK,SYNTHETIC
991000,7.607379545754766,123483.90384889633,38.218807207718626,34.23086386300328,2.593846360165493,11.406153639834507,NORMAL,SYNTHETIC
876000,4.472743015720724,115382.61001445612,32.745702434609186,30.019297078733395,0.821321809622706,13.178678190377294,NORMAL,SYNTHETIC
4000,1.8287606614113159,122645.6562606042,31.158988653192495,30.84480895677072,1.7075017722425492,12.29249822775745,NORMAL,SYNTHETIC
3051000,38.480301110789306,194460.5590456677,62.86065665053572,62.701926263788366,57.68913926953057,-43.68913926953057,WARNING_3,SYNTHETIC
3124000,34.96298241398118,196169.12066855503,62.9726515593795,65.07946951348679,57.35979909523019,-43.35979909523019,WARNING_3,SYNTHETIC
2660000,21.407115639612382,187720.6608712425,59.536216756357,56.13934737250198,52.49559571799334,-38.49559571799334,WARNING_2,SYNTHETIC
2491000,24.555336163447283,180268.3981149546,52.64933624996301,57.800962022391545,53.07967799934661,-39.07967799934661,WARNING_2,SYNTHETIC
3854000,39.68110169587261,197953.24638471432,67.51618472092007,67.88156125732728,57.91581012281343,-43.91581012281343,WARNING_3,SYNTHETIC
1715000,12.063150318799538,171958.70460825617,40.548323728407205,40.36480394252027,24.02636838796148,-10.02636838796148,WARNING_1,SYNTHETIC
1148000,18.953463767859354,175921.26825686247,47.310158766872526,48.28094608170643,18.876608015515806,-4.8766080155158065,WARNING_1,SYNTHETIC
3261000,39.4179931978711,198882.08378010412,63.253185349211584,67.63202917939032,61.70831569129608,-47.70831569129608,WARNING_3,SYNTHETIC
574000,8.497736548554288,112173.14206524525,35.452049012226404,33.223197181434216,2.576272324012522,11.423727675987479,NORMAL,SYNTHETIC
3769000,37.22691400672323,191486.05552798597,65.54810186972067,68.7159337864897,56.214309355013654,-42.214309355013654,WARNING_3,SYNTHETIC
3736000,33.52384614308542,197008.50777656244,61.31185682280895,62.28788785027271,62.43293830088908,-48.43293830088908,WARNING_3,SYNTHETIC
4146000,52.72739777908495,204137.63072932072,86.11546433233913,77.72656117887705,76.81460201770592,-62.81460201770592,HIGH_RISK,SYNTHETIC
853000,9.030728148448995,125121.86295425706,33.20836895939817,33.909606139283056,0.550912827368462,13.449087172631538,NORMAL,SYNTHETIC
1982000,18.291187356131534,143721.25682216336,49.27669407403655,46.42303477572589,45.40160052706716,-31.40160052706716,WARNING_1,SYNTHETIC
2774000,21.580317387265524,182264.7487749899,54.743331971657675,58.774595978345474,54.33038478000403,-40.33038478000403,WARNING_2,SYNTHETIC
1166000,13.727084333603955,160124.49741567727,47.20753319088188,46.91244356965227,29.363055668793287,-15.363055668793287,WARNING_1,SYNTHETIC
971000,1.2644802930983734,129389.17167451174,36.50812265044035,31.449825331971425,0.39824132096624487,13.601758679033756,NORMAL,SYNTHETIC
2701000,24.13617300185087,187814.5914375867,57.21700684643963,53.125252960277244,52.60059331644106,-38.60059331644106,WARNING_2,SYNTHETIC
4495000,56.71572779061616,211930.8961838521,85.31528687862169,71.28796402430356,91.37057917023255,-77.37057917023255,HIGH_RISK,SYNTHETIC
3847000,31.994115280744953,191041.9729775789,60.8657180563732,68.99000103315686,62.38519476266882,-48.38519476266882,WARNING_3,SYNTHETIC
2368000,25.03063725974705,186315.53598170143,55.468964029004084,56.77138054699077,55.33655121257203,-41.33655121257203,WARNING_2,SYNTHETIC
4115000,47.58275294738877,210846.32542962293,74.6890539379416,88.94282505670436,92.76550326498675,-78.76550326498675,HIGH_RISK,SYNTHETIC
4131000,53.68178682743631,221536.21449520145,78.51682708228478,85.06182704400962,66.77752229354522,-52.77752229354522,HIGH_RISK,SYNTHETIC
2950000,23.8960647246505,188549.4402052257,53.94975386592968,59.06219425961035,53.608437699751924,-39.608437699751924,WARNING_2,SYNTHETIC
524000,2.0531184916110705,124163.15107685271,39.12205340408676,35.05964418593657,2.2533655754173822,11.746634424582618,NORMAL,SYNTHETIC
2455000,27.82437861972694,180214.00195966562,58.77218828738005,55.73344172292168,48.24772042103179,-34.24772042103179,WARNING_2,SYNTHETIC
1841000,13.39496613691948,179529.90585171405,42.761389466996064,41.46022484822124,12.200547545647563,1.799452454352437,WARNING_1,SYNTHETIC
537000,2.441011477473004,124959.80257904893,33.77281839061363,35.921769448817805,2.623923698992656,11.376076301007345,NORMAL,SYNTHETIC
2806000,22.98057509517155,186108.47123505617,59.290224201285156,50.456258537419934,51.22111451378277,-37.22111451378277,WARNING_2,SYNTHETIC
4341000,55.8711074744537,210044.80971497728,88.04131349218667,71.18464282832952,67.72048430560876,-53.720484305608764,HIGH_RISK,SYNTHETIC
3175000,38.94364338694055,197428.27864258198,63.65604655178965,60.40651908396519,58.38697056353704,-44.38697056353704,WARNING_3,SYNTHETIC
784000,9.664915895835264,114927.04483566454,32.16633438205872,35.24811187609204,2.9074519881778054,11.092548011822196,NORMAL,SYNTHETIC
4057000,59.514801017840625,213872.924957633,86.29177086557848,79.06084224020046,66.9197233420055,-52.9197233420055,HIGH_RISK,SYNTHETIC
1409000,18.19931789340317,140592.5112384641,42.19356422416281,46.84206796960706,30.813338677794714,-16.813338677794714,WARNING_1,SYNTHETIC
2537000,27.777854928454726,181642.4725724532,55.46626950488145,59.035051465782665,55.847942256447375,-41.847942256447375,WARNING_2,SYNTHETIC
154000,1.9554665219919034,120676.8002654792,36.024102530914476,31.86138754104239,1.8264397756218695,12.17356022437813,NORMAL,SYNTHETIC
3009000,34.47183262258032,197142.61301077632,63.04526518302193,61.271726443012795,62.83871168061873,-48.83871168061873,WARNING_3,SYNTHETIC
1686000,10.79140206568568,177106.6715641282,45.02313163968897,47.83279539146754,39.8606471254471,-25.8606471254471,WARNING_1,SYNTHETIC
2901000,23.192941535037836,184233.39780454905,57.277512014734604,56.930214048881375,50.08634175772585,-36.08634175772585,WARNING_2,SYNTHETIC
4949000,41.1752286705229,239589.344045242,86.91545191489618,82.23973151758716,69.67693911103805,-55.67693911103805,HIGH_RISK,SYNTHETIC
3863000,39.71610760702288,191078.47706056436,65.44316767077238,68.56802594565184,65.71751195110384,-51.717511951103845,WARNING_3,SYNTHETIC
2733000,29.847564770516982,181182.47818462196,58.616973994360336,57.604156898967915,53.4389370836862,-39.4389370836862,WARNING_2,SYNTHETIC
1895000,17.793812219129396,136195.89338881974,46.59323231344272,41.28553318935147,38.49908353440897,-24.499083534408967,WARNING_1,SYNTHETIC
569000,5.747841430302773,119886.29067069235,39.955552995857765,33.06774083577205,1.812456323900472,12.187543676099528,NORMAL,SYNTHETIC
1816000,13.072456275430085,161709.66028659348,45.58548353165374,48.64799418495312,4.244228784824568,9.755771215175432,WARNING_1,SYNTHETIC
2065000,29.250554288843254,183452.51053503435,54.4169268687553,50.12266641972859,52.02397521633287,-38.02397521633287,WARNING_2,SYNTHETIC
127000,2.271812862021213,123723.258312303,33.27923883530704,31.288774046704752,1.541965470429498,12.458034529570503,NORMAL,SYNTHETIC
3394000,32.22957742948999,190721.1356146023,65.83471592224598,63.57593874699546,60.17817292697167,-46.17817292697167,WARNING_3,SYNTHETIC
3327000,31.09994921208408,196357.20502336958,65.11446751139351,65.60646512040712,56.10677208987811,-42.10677208987811,WARNING_3,SYNTHETIC
4986000,55.013426433348336,201330.92599469094,71.2573551949324,86.28747085686749,87.91034443680068,-73.91034443680068,HIGH_RISK,SYNTHETIC
2975000,22.864105865560024,182403.8120229165,50.78840112834399,58.20365569466185,53.52186875119529,-39.52186875119529,WARNING_2,SYNTHETIC
980000,9.699714306972274,127191.22266837796,36.13605435046924,30.873398150717833,2.749859318300122,11.250140681699879,NORMAL,SYNTHETIC
2300000,22.52548613366063,185002.27134561786,51.62889711896496,56.59235910609037,55.577092398037244,-41.577092398037244,WARNING_2,SYNTHETIC
190000,9.243955724697258,118974.59014402502,31.151860533142607,31.950294676448273,0.42616092578058845,13.573839074219412,NORMAL,SYNTHETIC
1139000,18.443435648333345,152252.31975628078,41.64662126026874,43.302287901709384,9.355685439778677,4.644314560221323,WARNING_1,SYNTHETIC
699000,3.6345729653304653,124436.72664467226,38.707333733178636,34.30026569645521,2.372032279262378,11.627967720737622,NORMAL,SYNTHETIC
4780000,53.62684405774729,225900.75195277185,73.82926447061642,84.14114819252366,85.98081584762252,-71.98081584762252,HIGH_RISK,SYNTHETIC
606000,8.627852656704952,129290.37772278403,36.14198803543599,31.431967377431217,2.6000440672564973,11.399955932743502,NORMAL,SYNTHETIC
4276000,46.59494022859605,204305.38562125785,76.93046024336596,87.27129943859141,98.48037082338664,-84.48037082338664,HIGH_RISK,SYNTHETIC
301000,2.1840594340356945,121253.44821149715,37.565030477273105,33.19173971767329,2.198809918179389,11.80119008182061,NORMAL,SYNTHETIC
3420000,36.63460095100256,199866.845679755,65.66839688227093,69.18164820718773,64.67537807429413,-50.67537807429413,WARNING_3,SYNTHETIC
4820000,50.19019614310943,201639.20572972065,76.33392821475584,81.86316497716419,90.53738151546354,-76.53738151546354,HIGH_RISK,SYNTHETIC
1060000,11.769325742132521,161756.0249855466,41.7883135885628,46.49853063867642,39.86575772250502,-25.865757722505023,WARNING_1,SYNTHETIC
2565000,24.36324352920661,184320.26119440212,52.03533159362887,57.41789810772727,51.32405507404911,-37.32405507404911,WARNING_2,SYNTHETIC
4994000,47.514655290735504,248481.33538360294,85.85111034134884,88.57412332959346,71.74094986246719,-57.74094986246719,HIGH_RISK,SYNTHETIC
1069000,15.081453985298907,136824.3717569699,47.107233846059344,49.80624623380067,17.989245803411073,-3.989245803411073,WARNING_1,SYNTHETIC
2524000,28.971409171716687,188984.93787381903,56.69424090052217,52.69049667428549,55.64685218683424,-41.64685218683424,WARNING_2,SYNTHETIC
2205000,25.727424538445007,181626.1379561122,56.37023272445155,54.2610165288002,47.226966274235295,-33.226966274235295,WARNING_2,SYNTHETIC
1243000,12.686852190139223,169584.61557072063,48.21863843142766,43.709013802728386,13.95317997087129,0.046820029128710416,WARNING_1,SYNTHETIC
16000,5.880346125739346,123561.88121759656,32.7963632910253,39.481476845148336,0.9017048483285675,13.098295151671433,NORMAL,SYNTHETIC
3120000,32.80216571520918,192959.50217145652,63.54337871959526,66.95113683971014,59.216462697251075,-45.216462697251075,WARNING_3,SYNTHETIC
4642000,52.491392572172835,229283.6040089108,79.01095234235738,89.28858832446312,74.60774751073339,-60.60774751073339,HIGH_RISK,SYNTHETIC
815000,8.896259357836025,120915.96571478927,35.58674296475056,33.902586289471955,0.2445656485111906,13.755434351488809,NORMAL,SYNTHETIC
3067000,38.140549587632336,198299.90586735136,63.32561748574853,65.20240899108482,63.64665734911328,-49.64665734911328,WARNING_3,SYNTHETIC
4784000,52.423020027653976,240189.51074463164,76.90080662645906,81.97953983498614,87.2070396073538,-73.2070396073538,HIGH_RISK,SYNTHETIC
959000,5.6617618624059824,122276.56511618022,39.14020063281312,33.95967303090369,2.2009924513012757,11.799007548698725,NORMAL,SYNTHETIC
225000,9.138314177945839,127805.27923647237,32.53307600705644,38.07833909706282,2.6437007236260905,11.35629927637391,NORMAL,SYNTHETIC
3354000,31.05225533561176,197115.3200001266,66.1756017158652,63.25584724184187,65.96061572813855,-51.96061572813855,WARNING_3,SYNTHETIC
2485000,26.38804557099985,185193.01404453223,56.569904027321805,58.7384159324255,52.80109792558806,-38.80109792558806,WARNING_2,SYNTHETIC
562000,8.423577785910362,127795.58933079737,37.46731714838047,39.045063504194474,0.9678680022309478,13.032131997769053,NORMAL,SYNTHETIC
3436000,33.56423990212009,194603.5969791721,65.00361560316124,62.03876011248777,62.46062670866098,-48.46062670866098,WARNING_3,SYNTHETIC
1693000,18.570494059909755,170907.65727125836,42.325431908493904,40.449741702608684,5.589905090775488,8.410094909224512,WARNING_1,SYNTHETIC
1045000,19.98902633266879,149413.54649192755,49.627217497332055,42.17221160386483,5.911135488509928,8.088864511490073,WARNING_1,SYNTHETIC
3446000,35.21049162828639,194511.20533160225,63.532726857750035,64.9520313346609,58.706869199996774,-44.706869199996774,WARNING_3,SYNTHETIC
4565000,42.84574787471863,230695.44660941043,71.14183798372609,70.45927990898382,67.68030473822333,-53.68030473822333,HIGH_RISK,SYNTHETIC
954000,9.27216729510613,128118.04437635557,35.178785756685784,30.689389517325548,0.8378041346913732,13.162195865308627,NORMAL,SYNTHETIC
4985000,52.90126566195675,207947.46019428238,87.92878453761477,76.76637617796693,83.28027751576725,-69.28027751576725,HIGH_RISK,SYNTHETIC
2735000,24.68830909806489,189083.47319430124,59.94314154341619,58.09824639551703,48.813666108268535,-34.813666108268535,WARNING_2,SYNTHETIC
4903000,54.94304903382648,245690.37471737913,86.06943879055027,87.78475924620349,93.71698731703265,-79.71698731703265,HIGH_RISK,SYNTHETIC
4735000,53.15151354761994,230867.8734609996,81.62995508135106,83.87723023701898,84.43430225202324,-70.43430225202324,HIGH_RISK,SYNTHETIC
4823000,52.069350955757926,220399.3453486021,89.2601232003152,70.99759405554553,70.49238137902242,-56.49238137902242,HIGH_RISK,SYNTHETIC
1218000,12.999183708621615,139775.4692539624,42.824119141832114,44.20269723800633,36.742062211311506,-22.742062211311506,WARNING_1,SYNTHETIC
1527000,12.061972405146246,131320.76604327848,47.735749625422535,46.97911023347356,6.654095352066774,7.345904647933226,WARNING_1,SYNTHETIC
3987000,35.83144057397044,194648.80635959696,62.83968889917663,63.50021542158643,62.53466758418261,-48.53466758418261,WARNING_3,SYNTHETIC
1300000,15.584793070500034,140221.90247237257,44.61747869809152,47.077444191868125,36.907665136121764,-22.907665136121764,WARNING_1,SYNTHETIC
4891000,44.95737598932725,240529.4197084429,72.18244823164383,73.78407758803951,91.23355733396022,-77.23355733396022,HIGH_RISK,SYNTHETIC
160000,1.9481203244118896,110696.76700559832,34.48216087571166,39.82230697473585,1.6665906342356507,12.33340936576435,NORMAL,SYNTHETIC
4067000,53.574893483709786,208111.05117797625,87.57979203460937,75.27702781675035,72.9564592465094,-58.9564592465094,HIGH_RISK,SYNTHETIC
956000,7.840756677283692,121006.47011395279,31.570254973341928,39.89077935042258,2.6042847373548197,11.39571526264518,NORMAL,SYNTHETIC
3791000,38.8967345029508,195591.9082640354,60.55457877967567,69.21732797608838,62.59600032518246,-48.59600032518246,WARNING_3,SYNTHETIC
3234000,30.485996164139397,199839.23239105212,65.21736915024225,66.43886724169114,65.55017877103394,-51.55017877103394,WARNING_3,SYNTHETIC
2869000,29.73414387532152,182167.50047123214,51.801896088708574,59.10993006645918,49.05319893690355,-35.05319893690355,WARNING_2,SYNTHETIC
3777000,39.89717350029848,194346.58343111255,63.07244995035358,62.80373417672647,59.01284071876316,-45.01284071876316,WARNING_3,SYNTHETIC
4433000,57.81212161614948,212340.5766817049,83.75952040829635,80.86299307251703,70.80121737416374,-56.80121737416374,HIGH_RISK,SYNTHETIC
2961000,21.956549590679153,181780.6499104535,56.176157542292614,52.132261244926426,47.420858700232564,-33.420858700232564,WARNING_2,SYNTHETIC
2200000,26.54873853256531,187355.02225620957,58.54248876819618,58.29657363730176,51.43373127045395,-37.43373127045395,WARNING_2,SYNTHETIC
98000,2.038451938660535,127211.39838588751,31.239380544408778,32.57687091272997,2.1229110839160814,11.877088916083919,NORMAL,SYNTHETIC
2557000,20.823365151253146,189610.73185995573,53.089156709300624,59.92922845057893,54.41131096653309,-40.41131096653309,WARNING_2,SYNTHETIC
3183000,36.0438176012058,190472.11019217636,60.84959790143601,68.34217774801238,60.96489287914433,-46.96489287914433,WARNING_3,SYNTHETIC
253000,3.180988153971952,122391.38512620624,35.875194925558404,34.88975515344275,1.6861179254209946,12.313882074579006,NORMAL,SYNTHETIC
3923000,36.218153420902105,197369.71971664586,65.01282958652882,62.02576408275826,61.984795992313366,-47.984795992313366,WARNING_3,SYNTHETIC
4199000,54.49676548965235,231662.6660399876,86.37013780312317,74.78829140919282,71.46349784540583,-57.463497845405826,HIGH_RISK,SYNTHETIC
1445000,12.778342323985619,137657.00245030638,46.57348979276146,40.31835506636949,15.223810741993475,-1.223810741993475,WARNING_1,SYNTHETIC
1648000,14.40258241277424,175832.07637211253,43.23959703698828,44.65666650694693,11.688850402686318,2.3111495973136815,WARNING_1,SYNTHETIC
4682000,50.360274411207996,224309.57279779046,79.68962428486505,80.86925858288927,80.83627620251394,-66.83627620251394,HIGH_RISK,SYNTHETIC
4723000,40.6357517512973,248117.43553660737,79.97334386613774,80.47568669070166,82.36932034783644,-68.36932034783644,HIGH_RISK,SYNTHETIC
3991000,39.680216120025776,193184.20611833732,62.15894036048954,65.33463212638891,56.60499624474547,-42.60499624474547,WARNING_3,SYNTHETIC
1696000,11.326517031954742,147146.6874007201,43.24593728114108,41.582248288034954,23.046204150397593,-9.046204150397593,WARNING_1,SYNTHETIC
3191000,33.34620944202253,190541.9487702571,65.19156232397216,61.094584632335035,61.31743302979004,-47.31743302979004,WARNING_3,SYNTHETIC
4499000,45.281344460492726,226120.69364238245,76.81413021599975,83.73488733928477,74.30336948704743,-60.30336948704743,HIGH_RISK,SYNTHETIC
1154000,10.721356451512968,151126.43096188112,48.10630693044625,46.2767480069382,23.263751715706043,-9.263751715706043,WARNING_1,SYNTHETIC
2255000,23.134885466036245,180505.9931475433,59.05597142305554,50.25895570041633,55.50538815579233,-41.50538815579233,WARNING_2,SYNTHETIC
1682000,11.815756722969569,159689.71756043186,44.57168640847687,47.79107915733937,44.19244695499153,-30.19244695499153,WARNING_1,SYNTHETIC
3170000,34.06694833825417,197919.5631434826,66.94025684088409,67.38403479093238,63.84871524724685,-49.84871524724685,WARNING_3,SYNTHETIC
2056000,20.23688644911769,182156.62913178775,53.64637868327671,50.35464731597342,51.224070155694456,-37.224070155694456,WARNING_2,SYNTHETIC
4090000,55.12599104144666,244838.8108601161,83.08017563141112,84.71713926054593,73.93200750371096,-59.93200750371096,HIGH_RISK,SYNTHETIC
3108000,34.69705759162642,198694.82830141138,64.42862867409389,66.00220236521484,64.35077888146289,-50.35077888146289,WARNING_3,SYNTHETIC
4548000,53.98157607588332,219701.82446472696,87.49180996701898,82.12922552727106,92.2991664090822,-78.2991664090822,HIGH_RISK,SYNTHETIC
3723000,37.542773071592,191576.96709262673,63.107378880970636,68.4202918362235,59.91291754449817,-45.91291754449817,WARNING_3,SYNTHETIC
2049000,27.083876887534803,182535.26266849687,57.06305182321048,50.82388143451572,46.567373809319875,-32.567373809319875,WARNING_2,SYNTHETIC
3643000,30.13884548338871,196699.0755799092,68.88868938972341,63.00997865021729,57.629883359216635,-43.629883359216635,WARNING_3,SYNTHETIC
4927000,51.13611500166147,211197.76749096267,84.24203007825086,88.06096321144723,85.53301215299327,-71.53301215299327,HIGH_RISK,SYNTHETIC
623000,5.091766414504147,111780.84010150106,39.318242907953156,38.355130374309944,2.718881840673343,11.281118159326656,NORMAL,SYNTHETIC
262000,3.7309451305318553,116478.73337875272,34.583762911615125,30.71777093060769,0.9927782138850312,13.007221786114968,NORMAL,SYNTHETIC
3369000,33.051609806048425,192775.3148784718,62.828204320404645,63.54181619662416,62.31531120147558,-48.31531120147558,WARNING_3,SYNTHETIC
4061000,40.98287345266288,222467.83472100834,75.98814149740153,81.6783054398952,90.68348101188394,-76.68348101188394,HIGH_RISK,SYNTHETIC
1802000,17.62672531839485,154654.0873441002,43.606229292164016,41.365363905629124,32.63340099076575,-18.63340099076575,WARNING_1,SYNTHETIC
4736000,53.67209803607828,201614.8953282477,75.35351912490981,88.9492663734889,90.44015990117222,-76.44015990117222,HIGH_RISK,SYNTHETIC
4992000,42.980166454351455,233471.01284001558,85.9694364473374,86.61637973055103,79.43225897026838,-65.43225897026838,HIGH_RISK,SYNTHETIC
2385000,23.151415081126302,182517.75441207824,53.877944365346266,54.37148981714214,52.449250896888316,-38.449250896888316,WARNING_2,SYNTHETIC
1959000,13.157741273661083,175456.29442931977,49.41663428544223,46.22288961317736,17.494544896425694,-3.494544896425694,WARNING_1,SYNTHETIC
2976000,24.565744431968916,180740.33534974267,56.731684167153325,52.68486305236985,49.683736067214284,-35.683736067214284,WARNING_2,SYNTHETIC
488000,6.037629811474618,127935.10743181397,31.10820769698704,32.08645332555999,1.007482769559675,12.992517230440324,NORMAL,SYNTHETIC
1843000,15.717325089003054,146963.2169189464,46.03869166379303,46.03087684264791,30.532145626010873,-16.532145626010873,WARNING_1,SYNTHETIC
1734000,11.643422763614327,134915.1302225422,48.250966859981425,47.65555700315242,6.401934423300545,7.598065576699455,WARNING_1,SYNTHETIC
2911000,26.000009121020838,188513.43338869215,52.92911682720859,50.23778518865611,50.130094836631926,-36.130094836631926,WARNING_2,SYNTHETIC
3219000,35.06016345342127,195713.7765662705,64.39341702055026,62.43815632097514,59.35581606491542,-45.35581606491542,WARNING_3,SYNTHETIC
146000,3.9178071766144593,124976.4155933411,30.943415026396554,37.350804442618674,0.2874747411738195,13.712525258826181,NORMAL,SYNTHETIC
1986000,10.52296657614625,159887.7065016447,49.45504594749615,42.88168271311438,38.794055010303424,-24.794055010303424,WARNING_1,SYNTHETIC
1369000,13.225399367798111,165103.05106636672,49.26194379026819,41.258787781391476,36.16931847882663,-22.169318478826632,WARNING_1,SYNTHETIC
2811000,25.894163724827514,184665.37417193607,56.663837678655014,57.061311454786974,48.746321061478014,-34.746321061478014,WARNING_2,SYNTHETIC
659000,4.493072596180941,110702.33622219333,32.257751940662665,30.57290746722286,0.6358905519503162,13.364109448049684,NORMAL,SYNTHETIC
1794000,17.742029145752934,161590.44551604448,46.38491816826143,45.63895847320532,11.319049480076446,2.680950519923554,WARNING_1,SYNTHETIC
2511000,27.848849817041927,189975.37415494112,52.13681696303171,53.75154166716555,55.686382295633194,-41.686382295633194,WARNING_2,SYNTHETIC
3397000,32.72639308062254,195827.4324020729,68.46850774056335,64.62646853752081,56.98113679665285,-42.98113679665285,WARNING_3,SYNTHETIC
4282000,53.884143183013904,248105.91631508956,80.56563629443332,82.82946156124073,92.78350097639341,-78.78350097639341,HIGH_RISK,SYNTHETIC
1147000,14.885016630839754,146318.574281616,47.661648238069375,42.143600338074755,22.470081883838365,-8.470081883838365,WARNING_1,SYNTHETIC
3272000,30.76316388656841,190759.5012200525,64.42944990923837,61.523002013979195,63.413588517004314,-49.413588517004314,WARNING_3,SYNTHETIC
608000,7.445238826345332,118599.14099800095,36.66052299269148,31.98956711593195,0.49786581807070923,13.502134181929291,NORMAL,SYNTHETIC
3582000,36.97299553941112,190134.71837703802,64.09775690855717,62.38909668221593,58.063698081084944,-44.063698081084944,WARNING_3,SYNTHETIC
1930000,19.925341226772638,142074.66278268388,43.03093190529931,46.14410074314592,6.326061642166604,7.673938357833396,WARNING_1,SYNTHETIC
197000,8.696145959369687,123121.47758190127,35.122429711066275,30.940993066362246,2.6769080074207854,11.323091992579215,NORMAL,SYNTHETIC
2931000,27.909058844440693,185960.74276001472,55.77295936766057,55.580251160703405,48.07433594210954,-34.07433594210954,WARNING_2,SYNTHETIC
2327000,22.012123940315394,180443.2699013911,51.524036498448446,52.624044464998484,47.86995037287228,-33.86995037287228,WARNING_2,SYNTHETIC
4389000,50.57184592360068,208554.9444529143,86.6005033760549,86.77685227044437,70.02544856070573,-56.025448560705726,HIGH_RISK,SYNTHETIC
766000,2.657233378339896,129796.46138409746,34.45265465999388,35.125529125411056,2.0446869470887785,11.955313052911222,NORMAL,SYNTHETIC
4496000,57.94742700342315,230092.9270023988,78.66112249933684,74.82730483592007,74.17137480502716,-60.171374805027156,HIGH_RISK,SYNTHETIC
4218000,56.526277528530265,238101.80227574677,74.96221901670174,89.82944345224209,66.26362859649004,-52.26362859649004,HIGH_RISK,SYNTHETIC
3255000,30.80195320054063,191411.1662866068,64.71851533062308,63.11266672778966,56.1434878660205,-42.1434878660205,WARNING_3,SYNTHETIC
202000,5.4065224385806125,126570.93849677572,38.94728581714732,39.16680284499367,0.49628067751711186,13.503719322482889,NORMAL,SYNTHETIC
3510000,30.94809155045519,192788.21339070098,68.19957482376459,65.77722351570014,59.39809771665805,-45.39809771665805,WARNING_3,SYNTHETIC
1733000,18.967153638621504,169803.55891298625,42.485162257179326,44.85644920143923,10.659930887359527,3.3400691126404727,WARNING_1,SYNTHETIC
2777000,24.81782038279513,183455.7746074844,50.2541939284401,58.44366345894388,48.55829630321295,-34.55829630321295,WARNING_2,SYNTHETIC
1707000,18.40910536347076,156579.47896965474,44.68385196238967,40.48476979180529,42.745726557034395,-28.745726557034395,WARNING_1,SYNTHETIC
3474000,35.292577820351106,195125.98077596442,64.76070459743514,66.360441554705,58.3751598827399,-44.3751598827399,WARNING_3,SYNTHETIC
854000,2.8668971862050525,126994.60382802454,37.58036211257836,36.03864560938344,0.44288815120641134,13.557111848793589,NORMAL,SYNTHETIC
4737000,48.908049025979984,205425.17664281727,70.11248066234317,76.10071351994937,66.38840729980897,-52.388407299808975,HIGH_RISK,SYNTHETIC
4097000,45.866454189225564,222832.36591431222,89.5042773353812,75.8206316731685,79.63967541322607,-65.63967541322607,HIGH_RISK,SYNTHETIC
2160000,21.55000816566281,181886.38715686498,50.32305139764382,50.32583456590688,51.032769597965455,-37.032769597965455,WARNING_2,SYNTHETIC
698000,6.7502650392835575,129212.52571257665,33.93301883699308,30.247778751615968,1.669749063873758,12.330250936126243,NORMAL,SYNTHETIC
4947000,55.17079677709236,227031.60350942006,81.57803917845953,85.00688032332157,82.0067014479777,-68.0067014479777,HIGH_RISK,SYNTHETIC
2999000,29.099586491544642,186172.23206953963,55.49021668209441,54.71775547400743,54.58452776412855,-40.58452776412855,WARNING_2,SYNTHETIC
3696000,39.764132812868255,191767.01683990055,63.5817052500039,62.856329275164484,62.720937824604405,-48.720937824604405,WARNING_3,SYNTHETIC
1636000,12.699467365485534,136103.26793987295,45.01952316928932,42.67713687101518,27.605298417615973,-13.605298417615973,WARNING_1,SYNTHETIC
3457000,33.52609069813004,198935.22648837024,65.82358406145566,63.138788320818556,65.2955326821656,-51.2955326821656,WARNING_3,SYNTHETIC
3581000,32.21955243757202,198658.3692361972,69.79782071585238,67.74078394099416,60.11123696290862,-46.11123696290862,WARNING_3,SYNTHETIC
1291000,14.53874179755174,176426.47826447609,42.74420363871039,49.49638864415843,40.25961999993567,-26.259619999935673,WARNING_1,SYNTHETIC
4659000,53.573161825016435,241356.0884309761,86.0924143538611,81.74180983120382,72.71271636069783,-58.712716360697826,HIGH_RISK,SYNTHETIC
1853000,12.587509151994013,150389.12876243136,44.886127396560404,46.01502820690032,9.891023551737652,4.108976448262348,WARNING_1,SYNTHETIC
3763000,35.155902356764685,190381.8570146711,64.28901002637002,63.07384127811824,64.59676391912141,-50.596763919121415,WARNING_3,SYNTHETIC
3304000,32.30070406788633,198751.0737590053,68.80245845626982,67.48422909548259,65.80211335785877,-51.80211335785877,WARNING_3,SYNTHETIC
4912000,49.34992682446881,222750.96933479494,72.81865689515664,84.86394589246613,80.85022841755787,-66.85022841755787,HIGH_RISK,SYNTHETIC
3743000,36.13511160152479,196134.48431685797,68.864469779663,69.48100329847934,58.14756450973158,-44.14756450973158,WARNING_3,SYNTHETIC
3445000,33.50770768824738,196434.32514568066,64.16188388455406,60.701432126646694,61.619964584706345,-47.619964584706345,WARNING_3,SYNTHETIC
1998000,18.6262496859827,173193.1058326553,42.39923696412545,49.73245349872787,19.119306081857548,-5.119306081857548,WARNING_1,SYNTHETIC
663000,1.7463420028747154,114218.68776977426,32.4598101819062,36.79450833295941,0.43263176913774415,13.567368230862256,NORMAL,SYNTHETIC
4779000,55.72575997302071,221853.82125793624,83.50904973018757,77.61802029346336,75.77570956587138,-61.77570956587138,HIGH_RISK,SYNTHETIC
3748000,35.19032786888472,196467.04309203677,65.4543940461547,61.16308974573033,58.834303498257476,-44.834303498257476,WARNING_3,SYNTHETIC
4413000,58.83176609947121,225237.26761654156,87.33501000205302,77.9094514275973,87.51090992719682,-73.51090992719682,HIGH_RISK,SYNTHETIC
4744000,42.92975387919825,224102.28733027852,88.5022391550887,80.5771385941446,73.25505096980294,-59.25505096980294,HIGH_RISK,SYNTHETIC
709000,5.191064315563186,115681.02621053031,36.42803764333581,37.34195068218246,1.1699388887283442,12.830061111271656,NORMAL,SYNTHETIC
1282000,19.86299710716071,149477.90836402922,41.66667679130661,43.99410552476313,23.53765805279282,-9.537658052792821,WARNING_1,SYNTHETIC
2675000,25.78530383917097,182157.89384694202,51.899637948437544,59.95561212543298,46.97489827691368,-32.97489827691368,WARNING_2,SYNTHETIC
4029000,45.67416747537982,237192.95338350942,80.78808473400272,75.69074437422844,81.0502920875219,-67.0502920875219,HIGH_RISK,SYNTHETIC
1306000,19.98708537595179,164655.1958445567,40.818655120604284,46.94834513310181,39.299234203782774,-25.299234203782774,WARNING_1,SYNTHETIC
2237000,21.85362214222838,187571.56640034856,52.53519370475092,56.72487778927601,51.89600412283325,-37.89600412283325,WARNING_2,SYNTHETIC
3302000,38.11588889803625,194361.85133586207,65.25125956378055,62.13549471478507,64.64190438907858,-50.641904389078576,WARNING_3,SYNTHETIC
2038000,25.27563418018991,185529.30666176873,57.251841150828184,51.052400314086306,54.4683305549851,-40.4683305549851,WARNING_2,SYNTHETIC
1529000,18.124550040169975,134181.1856433139,41.80640737768552,42.72068065512513,14.353406900433312,-0.3534069004333116,WARNING_1,SYNTHETIC
1663000,11.387459756840174,172479.4132629581,49.358500704817715,49.24440600250348,38.910685903876825,-24.910685903876825,WARNING_1,SYNTHETIC
4934000,49.413767504158,209799.19894528974,79.97651781535883,78.05366849756828,97.19798974968087,-83.19798974968087,HIGH_RISK,SYNTHETIC
4953000,41.341044863578276,209315.52233672419,87.60862669172981,89.29889695147574,91.82344648894119,-77.82344648894119,HIGH_RISK,SYNTHETIC
3627000,36.28609628635229,195418.6863971783,68.93506664391548,62.31355571337082,65.35151574847217,-51.35151574847217,WARNING_3,SYNTHETIC
2693000,22.322471303631772,182630.84345524755,52.98433485377261,52.269509730923396,48.120632505066055,-34.120632505066055,WARNING_2,SYNTHETIC
3060000,32.99712983135921,195073.9976857981,69.82856836479417,67.47309287487141,60.50874787644706,-46.50874787644706,WARNING_3,SYNTHETIC
1597000,14.195844569275465,143369.85705724912,47.06669073811656,46.529433950415296,17.939855278304645,-3.9398552783046448,WARNING_1,SYNTHETIC
2729000,28.9758872946331,181810.51752736853,56.52533171668591,59.06036162973149,50.970424088520986,-36.970424088520986,WARNING_2,SYNTHETIC
2625000,26.860075108361087,183012.7896941342,55.879832883488504,56.183851877167484,47.944891147048416,-33.944891147048416,WARNING_2,SYNTHETIC
3157000,33.602142741719014,198871.05114505958,69.18709897164703,67.25219042990246,63.947040235598806,-49.947040235598806,WARNING_3,SYNTHETIC
3314000,34.21674650573382,190823.66538794196,65.11975005335098,60.52143823992257,60.41256354674937,-46.41256354674937,WARNING_3,SYNTHETIC
1722000,10.77874514904199,150920.23650235997,40.66213223704618,47.30674823005753,23.77864799169751,-9.778647991697511,WARNING_1,SYNTHETIC
1059000,10.649311266590715,174340.4101580923,44.12570766679417,48.83132996538594,38.914622106558824,-24.914622106558824,WARNING_1,SYNTHETIC
4636000,43.58360594033354,206174.05256817932,76.82194791719958,75.51378917527535,78.89874738059876,-64.89874738059876,HIGH_RISK,SYNTHETIC
3242000,30.993915002570237,198691.20031292553,61.211835204686366,64.74178721172406,63.08333049100757,-49.08333049100757,WARNING_3,SYNTHETIC
1678000,17.568868822847104,131804.09940927682,49.123723331824415,47.78433870472326,20.431453418487592,-6.431453418487592,WARNING_1,SYNTHETIC
1757000,14.982772395391155,174258.6364932034,40.37706693616811,41.74420901792271,25.605329897419907,-11.605329897419907,WARNING_1,SYNTHETIC
4191000,53.70804103416752,234460.33767317826,74.31597457044609,77.04563657874834,74.06007427488818,-60.06007427488818,HIGH_RISK,SYNTHETIC
563000,6.61078056421044,128172.16493111284,35.165745048430125,31.844459608868412,2.4778743388255107,11.522125661174488,NORMAL,SYNTHETIC
2790000,29.38353654862445,187162.34031411982,56.57367939592954,54.45540870085627,53.662693560850016,-39.662693560850016,WARNING_2,SYNTHETIC
863000,6.015417604045433,120535.46462724615,31.042502162800012,33.4371007699707,2.370535695604415,11.629464304395585,NORMAL,SYNTHETIC
1484000,18.849988637376455,178700.73350812081,43.006553965631156,47.759132768336855,35.214571594736654,-21.214571594736654,WARNING_1,SYNTHETIC
206000,2.1600355165213854,122031.16904912032,37.1806233663425,30.03616244784941,0.7321704825027671,13.267829517497233,NORMAL,SYNTHETIC
4488000,51.47149206332148,208724.16423174762,84.5751663023563,81.64197611182045,98.90317844767631,-84.90317844767631,HIGH_RISK,SYNTHETIC
870000,7.543683212947338,116064.04153269183,36.214584065019444,33.70628261505633,1.4135753154238184,12.586424684576182,NORMAL,SYNTHETIC
4493000,58.85388807572647,245648.5666029748,82.13199151966057,89.63890259264403,79.07471726388184,-65.07471726388184,HIGH_RISK,SYNTHETIC
502000,9.105303336197688,117418.24643083339,39.50496269802706,30.006423036998736,1.9306067470834485,12.069393252916552,NORMAL,SYNTHETIC
1028000,15.960828585743815,176190.52017032448,46.15993291556022,49.62494945425972,4.096247616237124,9.903752383762875,WARNING_1,SYNTHETIC
3840000,35.37544048948784,193049.4268846996,60.839727326552854,66.89062947437617,58.76070751161468,-44.76070751161468,WARNING_3,SYNTHETIC
2690000,28.76069943729387,182027.85102908735,53.081684067607505,50.13943679215244,55.17376709782971,-41.17376709782971,WARNING_2,SYNTHETIC
1570000,11.565528879015362,164965.91947232978,46.53629293305063,46.316245449397044,8.265654889225065,5.734345110774935,WARNING_1,SYNTHETIC
2773000,25.897261933098008,186490.34358223234,50.37980074164607,55.27614755294873,49.06447416101643,-35.06447416101643,WARNING_2,SYNTHETIC
2731000,20.449311594235244,183772.24709727147,51.08383538321349,54.27131529480505,48.25523262870478,-34.25523262870478,WARNING_2,SYNTHETIC
804000,2.1090318073703136,123495.00712760446,31.190241499821685,30.201444714966023,2.4813709758509366,11.518629024149064,NORMAL,SYNTHETIC
3645000,31.524356807577746,193571.6345421714,61.90981620926289,63.97784596809454,62.74710015610411,-48.74710015610411,WARNING_3,SYNTHETIC
2454000,23.783587331430038,187496.70799809485,55.32803725692282,52.11961649921311,53.51289065284197,-39.51289065284197,WARNING_2,SYNTHETIC
4598000,55.644298458885544,228588.6284279319,81.17074863896936,87.01370466734174,82.8535964271577,-68.8535964271577,HIGH_RISK,SYNTHETIC
3104000,34.33434975561645,196112.67027145202,60.80011303759849,62.16054873835024,56.7390252362293,-42.7390252362293,WARNING_3,SYNTHETIC
4875000,48.07305134337652,245177.10341918902,86.29204229706977,87.35011551123947,96.30559851894256,-82.30559851894256,HIGH_RISK,SYNTHETIC
200000,7.841162576522363,121328.41301619289,31.186773670788448,37.61507747819897,0.7741416758649131,13.225858324135087,NORMAL,SYNTHETIC
3099000,32.27485742084159,199722.24068639474,69.68444366859376,64.24857801584929,58.79664634009411,-44.79664634009411,WARNING_3,SYNTHETIC
2278000,20.55856355655694,184075.09916051017,55.36075328281904,53.16945583742949,52.40183113696113,-38.40183113696113,WARNING_2,SYNTHETIC
3561000,39.03926099234035,193578.3623038681,68.12040229076004,67.35172444283499,63.850480790019276,-49.850480790019276,WARNING_3,SYNTHETIC
4474000,56.54608143928634,230017.54383113567,84.112519093154,72.85452595616559,88.0836136973965,-74.0836136973965,HIGH_RISK,SYNTHETIC
4514000,57.28708129488296,227983.02606955383,79.84281722748246,72.47513084018779,94.05474472219653,-80.05474472219653,HIGH_RISK,SYNTHETIC
391000,2.072910769348991,126749.51487575553,37.560752824282375,36.986335686866795,2.3288282066448223,11.671171793355178,NORMAL,SYNTHETIC
1495000,12.580039457281051,130613.27104387533,47.46338421433443,45.31480467075547,9.997901324294169,4.002098675705831,WARNING_1,SYNTHETIC
2695000,21.20042714428698,188460.06817348668,58.087437944949045,53.380536225437204,53.03682834614273,-39.03682834614273,WARNING_2,SYNTHETIC
2027000,21.703113868821493,188264.17862758113,54.82085499704396,54.781577361699924,53.32505856141619,-39.32505856141619,WARNING_2,SYNTHETIC
2568000,23.314340238779277,184421.40801535873,59.90124664981944,53.9282755804842,48.76504159369101,-34.76504159369101,WARNING_2,SYNTHETIC
64000,6.5855212160051995,116409.82323356032,34.23655120550605,33.73921840293223,0.5325759446676195,13.46742405533238,NORMAL,SYNTHETIC
3884000,36.808022324554926,195330.10927916763,63.86347844936402,63.56287088025638,59.28140643652822,-45.28140643652822,WARNING_3,SYNTHETIC
2062000,28.14689110364403,182303.37689543044,57.03299927572279,55.95433720319112,53.56248545271817,-39.56248545271817,WARNING_2,SYNTHETIC
492000,6.741410897385078,122963.67459334269,30.509440890030223,38.55962508813682,2.9891563213881,11.0108436786119,NORMAL,SYNTHETIC
379000,7.4212342363609265,118580.52242714826,36.938593342090016,39.54268276760615,0.2733861983366648,13.726613801663335,NORMAL,SYNTHETIC
4859000,41.373533621434845,247641.8964256729,76.81702076941035,89.82660285216869,73.96893481476252,-59.96893481476252,HIGH_RISK,SYNTHETIC
3993000,36.020746236103946,196842.5522068124,62.907987532772026,68.12159187202884,58.12367611972767,-44.12367611972767,WARNING_3,SYNTHETIC
4887000,46.527599928652414,231035.08255499345,71.38964009088257,77.22463004704169,93.31496373492665,-79.31496373492665,HIGH_RISK,SYNTHETIC
1076000,14.930964032338206,161292.53852556195,42.35464120813772,40.187356865464416,38.2143960419164,-24.2143960419164,WARNING_1,SYNTHETIC
878000,6.356921934304571,120945.65682409749,35.290393934888904,30.199799242298127,1.285001499508551,12.714998500491449,NORMAL,SYNTHETIC
337000,7.386297528788557,121885.4538860316,33.69571606356757,38.831268820359234,0.26985361237862193,13.730146387621378,NORMAL,SYNTHETIC
1016000,15.114793305397754,137821.45119313066,43.87726234121617,47.662813017464835,31.01224459231155,-17.01224459231155,WARNING_1,SYNTHETIC
1275000,17.589042513479882,166357.69766010085,47.592746126487526,43.77756973266353,5.030731119378961,8.969268880621039,WARNING_1,SYNTHETIC
3798000,30.148346056012354,194300.9151901987,60.503416025654886,69.35970839536694,62.04013419338431,-48.04013419338431,WARNING_3,SYNTHETIC
4551000,50.35912722599434,235092.57715496415,82.10415239841072,87.71348889183929,68.5870929959257,-54.5870929959257,HIGH_RISK,SYNTHETIC
3342000,35.50977150945005,193199.68039599378,62.36759263904994,61.995404936233854,60.01271046740826,-46.01271046740826,WARNING_3,SYNTHETIC
4911000,54.450884171807864,231987.85663435902,77.23568748540806,89.35912417919236,78.54538192053651,-64.54538192053651,HIGH_RISK,SYNTHETIC
995000,4.854308505699279,125075.41359287911,34.72887182154167,30.141265749098547,0.8259234823498534,13.174076517650146,NORMAL,SYNTHETIC
1981000,15.438382520791205,178278.99950042472,48.97221831291827,45.73858495854674,3.6120464796016263,10.387953520398373,WARNING_1,SYNTHETIC
4297000,58.557812999798166,212139.776576597,87.52312840786973,75.10340914157604,93.86092754402033,-79.86092754402033,HIGH_RISK,SYNTHETIC
161000,9.06090423721095,123045.15212931711,32.65213456112566,39.643670083304,0.9846443046319859,13.015355695368013,NORMAL,SYNTHETIC
4798000,50.11843971303942,207254.64352399207,74.40209176822802,73.23118928842221,72.8065744870084,-58.806574487008405,HIGH_RISK,SYNTHETIC
1500000,11.794928928209915,175742.2025927829,45.065255029788965,40.281016956595806,32.73766158241444,-18.73766158241444,WARNING_1,SYNTHETIC
3843000,30.927469541944443,196567.47089516648,65.36823115895766,61.31565911771419,61.343499983711666,-47.343499983711666,WARNING_3,SYNTHETIC
2613000,21.504967637810136,187775.74379105517,57.05696365988521,56.98892241150592,48.95649224084038,-34.95649224084038,WARNING_2,SYNTHETIC
3461000,35.65430693604853,198965.99715808895,62.57605694164777,63.91916071893981,64.17197771920674,-50.17197771920674,WARNING_3,SYNTHETIC
1021000,18.41534753255216,174664.30603471273,49.79975799695262,42.70991442076354,45.692409784511554,-31.692409784511554,WARNING_1,SYNTHETIC
3073000,36.28625948215962,193203.19103331503,62.85754910898111,63.93757335964736,65.97026762297295,-51.970267622972955,WARNING_3,SYNTHETIC
3943000,37.044839557323165,199777.45414378998,62.20324195477301,65.77798901164691,59.43705949772992,-45.43705949772992,WARNING_3,SYNTHETIC
1585000,19.510825002086023,142865.98094480322,43.83617853690938,43.683062328977734,39.74199500879529,-25.741995008795293,WARNING_1,SYNTHETIC
1955000,16.446537194840506,153861.54332730704,46.8108572066205,43.78429005149622,23.545892749744144,-9.545892749744144,WARNING_1,SYNTHETIC
3152000,38.37572696244578,193777.93927716473,66.32540899661988,60.613835675637894,57.403334779018365,-43.403334779018365,WARNING_3,SYNTHETIC
34000,5.13209113922711,118386.01975855621,31.0028739849525,39.85364562168222,0.5472554828677073,13.452744517132293,NORMAL,SYNTHETIC
4014000,40.5294146632433,244235.58888832247,74.42538683888635,73.28911978089758,88.04866713071422,-74.04866713071422,HIGH_RISK,SYNTHETIC
775000,8.50965124221283,120442.50185806301,33.547253211965504,34.913035326998994,0.4099957700373116,13.590004229962688,NORMAL,SYNTHETIC
2556000,24.001116690766644,182041.6100722164,50.91669231219097,55.34228612698378,46.4119162023854,-32.4119162023854,WARNING_2,SYNTHETIC
1478000,15.77365179928101,142341.3977185691,44.30310477118902,42.87507437604782,16.892167770733895,-2.892167770733895,WARNING_1,SYNTHETIC
1363000,19.011840361537978,136453.31709598994,48.251388654569496,43.79162907696902,25.097559758333208,-11.097559758333208,WARNING_1,SYNTHETIC
2612000,28.809737957719133,182309.6985583643,51.35229425305683,56.18181998970425,49.4892675005999,-35.4892675005999,WARNING_2,SYNTHETIC
2824000,22.892779169949698,186955.71797682406,56.603515667513655,51.043045517984325,50.85258630611601,-36.85258630611601,WARNING_2,SYNTHETIC
2041000,25.044748069259885,183283.8927715878,58.059220947444054,54.735521903009136,54.29818848950551,-40.29818848950551,WARNING_2,SYNTHETIC
241000,8.011990377261423,116407.94407194616,30.60630742189405,35.629659113348886,2.518743807345056,11.481256192654945,NORMAL,SYNTHETIC
2061000,24.892338658177675,185767.93517275565,57.40026936064187,59.420462465037204,48.13765436650793,-34.13765436650793,WARNING_2,SYNTHETIC
2363000,26.82844433202865,183061.92682335922,56.254971133971104,59.70297844177998,51.76401553578417,-37.76401553578417,WARNING_2,SYNTHETIC
600000,5.202051687924048,128265.70367403951,34.112031770488926,32.868355546801524,1.9446387209166192,12.055361279083382,NORMAL,SYNTHETIC
2435000,29.962981371958204,185399.7125156938,55.0889531871374,55.035468109606924,53.75994338423361,-39.75994338423361,WARNING_2,SYNTHETIC
2888000,23.836140923949504,187959.25262710958,58.93872635983722,56.98907812748949,54.52854825636326,-40.52854825636326,WARNING_2,SYNTHETIC
646000,1.0396010994690004,115788.5941501613,37.29410459599304,33.50043222372979,2.7715093918928395,11.22849060810716,NORMAL,SYNTHETIC
3890000,33.53547371413693,191561.79445614837,61.494964725194144,60.75215327276522,61.493494903755206,-47.493494903755206,WARNING_3,SYNTHETIC
3556000,38.68136699354993,192116.01727653664,68.82785871354956,66.30239793447703,56.24162582103574,-42.24162582103574,WARNING_3,SYNTHETIC
3202000,36.283067082405765,193082.71985559273,66.57559136896906,63.16131136189967,59.08342569105698,-45.08342569105698,WARNING_3,SYNTHETIC
1528000,19.550221684040864,155646.56595618924,43.89109595559641,47.51323683865386,38.10041944470955,-24.10041944470955,WARNING_1,SYNTHETIC
1267000,18.7115814756446,170054.00555425952,46.326205227137116,42.02662316795716,39.6890189525422,-25.6890189525422,WARNING_1,SYNTHETIC
1899000,10.70518108336491,177373.74231321109,43.12014168296778,41.832894892158436,42.60935141020697,-28.60935141020697,WARNING_1,SYNTHETIC
4658000,41.98104359532435,231460.26720070458,80.4499643715949,79.52687801116868,76.70936029353592,-62.70936029353592,HIGH_RISK,SYNTHETIC
3005000,31.79857047794442,199594.3437573164,61.995277971995414,67.64920016053253,63.72780321853753,-49.72780321853753,WARNING_3,SYNTHETIC
2734000,22.654724264122418,188364.7105316562,57.828329518480956,58.35135303500535,52.77085936772798,-38.77085936772798,WARNING_2,SYNTHETIC
189000,3.3096525401212094,123070.79651387286,39.29598972007172,32.88318567810469,1.5810856492849286,12.418914350715072,NORMAL,SYNTHETIC
1806000,17.08211904407966,156315.01295923375,47.832230734768984,40.33406687327113,32.71336237849675,-18.713362378496747,WARNING_1,SYNTHETIC
975000,6.351537064848406,114391.59184404183,38.19527971884342,32.02308618842098,1.353529227233566,12.646470772766435,NORMAL,SYNTHETIC
2747000,28.371716344322838,181527.65874014326,53.496893242496455,54.47835167206309,50.702700580407964,-36.702700580407964,WARNING_2,SYNTHETIC
2047000,24.3402245517243,184487.7131266082,53.88691828982029,56.147235833473665,55.37628447885002,-41.37628447885002,WARNING_2,SYNTHETIC
2558000,28.06620856178773,187196.75820235925,56.09834923739612,58.54093056557942,47.54728475589161,-33.54728475589161,WARNING_2,SYNTHETIC
1082000,14.225340133323272,158635.63409252375,47.969684072605844,40.8613924720036,8.137184504140922,5.862815495859078,WARNING_1,SYNTHETIC
474000,3.4470648028750652,120390.99196219388,33.68232386248371,35.52671564597414,1.587831128813329,12.41216887118667,NORMAL,SYNTHETIC
2904000,22.528780328205634,182785.787070318,51.561099646882965,50.6343349936864,49.54565671016333,-35.54565671016333,WARNING_2,SYNTHETIC
4843000,53.18655926989847,233922.780973966,83.76911804078729,87.80249805903397,85.47873570882074,-71.47873570882074,HIGH_RISK,SYNTHETIC
4117000,41.362951104606026,215403.84240646986,88.64574049990131,72.57209253253514,89.29650019891814,-75.29650019891814,HIGH_RISK,SYNTHETIC
3385000,35.84378110770653,193515.277190951,60.56522251000079,62.78926668727773,64.94934451453105,-50.94934451453105,WARNING_3,SYNTHETIC
4555000,52.80332004068546,231433.540578387,76.30654110115177,89.43874898516873,94.17673026781432,-80.17673026781432,HIGH_RISK,SYNTHETIC
1184000,10.637481768704335,139921.84391723032,40.76620909253844,44.05103554774442,35.430867746464195,-21.430867746464195,WARNING_1,SYNTHETIC
2433000,24.994270357778937,188477.30782539933,59.7449659124558,56.83633072221749,54.78802135506803,-40.78802135506803,WARNING_2,SYNTHETIC
2391000,29.342161298073087,184544.21360299972,55.235246507217695,58.705190877385604,50.2725286046251,-36.2725286046251,WARNING_2,SYNTHETIC
769000,6.457313722329007,126545.09191181473,39.91000248076489,36.3064652595032,2.1863561621717094,11.813643837828291,NORMAL,SYNTHETIC
1685000,10.250382036351844,147641.11900195674,48.360600042663684,41.361564533291535,3.335452194173928,10.664547805826071,WARNING_1,SYNTHETIC
130000,2.501218123124598,129988.43818448376,32.02114300156467,34.26795621664378,2.2471902553425673,11.752809744657434,NORMAL,SYNTHETIC
2919000,20.110277756004162,184416.19071723675,56.37581457443888,59.53512790894971,50.722387474448055,-36.722387474448055,WARNING_2,SYNTHETIC
3171000,36.7455820448145,190775.52659324533,67.20797419292829,67.53959723898333,63.235377271305694,-49.235377271305694,WARNING_3,SYNTHETIC
3444000,39.07447641114207,191942.6802883318,68.03145009070955,68.28921806238243,57.39500471922745,-43.39500471922745,WARNING_3,SYNTHETIC
4426000,56.00738596402247,204336.08931939545,85.05924755763037,72.55279673826217,72.34527174421315,-58.34527174421315,HIGH_RISK,SYNTHETIC
466000,6.713251766158718,118695.19493618092,38.27440852508747,36.19714601214624,0.6634882043260844,13.336511795673916,NORMAL,SYNTHETIC
3092000,32.206130057431814,191743.2276838701,67.21685228463232,63.506308837695705,56.65031091219065,-42.65031091219065,WARNING_3,SYNTHETIC
3772000,36.782892107758144,199826.10615395085,66.55053798998254,62.4477114282405,61.16984042079067,-47.16984042079067,WARNING_3,SYNTHETIC
860000,7.527104412573668,121648.89483078755,34.144272711081406,34.69965394124367,1.6151134327662813,12.38488656723372,NORMAL,SYNTHETIC
